timestamp,Latest Actual Close,Predicted Close,Error (%),Accuracy (%)
1997-09-08,0.15,0.43,188.9,-88.9
1997-09-09,0.16,0.43,167.54,-67.54
1997-09-10,0.17,0.43,162.47,-62.47
1997-09-11,0.16,0.43,170.54,-70.54
1997-09-12,0.18,0.43,135.04,-35.04
1997-09-15,0.15,0.37,141.8,-41.8
1997-09-16,0.17,0.38,126.94,-26.94
1997-09-17,0.17,0.38,123.47,-23.47
1997-09-18,0.16,0.37,127.26,-27.26
1997-09-19,0.2,0.4,100.51,-0.51
1997-09-22,0.22,0.42,86.73,13.27
1997-09-23,0.23,0.43,84.63,15.37
1997-09-24,0.22,0.4,80.93,19.07
1997-09-25,0.2,0.38,86.66,13.34
1997-09-26,0.21,0.35,69.39,30.61
1997-09-29,0.2,0.34,66.65,33.35
1997-09-30,0.22,0.34,55.25,44.75
1997-10-01,0.2,0.34,67.51,32.49
1997-10-02,0.2,0.33,63.13,36.87
1997-10-03,0.2,0.35,75.76,24.24
1997-10-06,0.21,0.34,63.28,36.72
1997-10-07,0.2,0.34,66.01,33.99
1997-10-08,0.2,0.34,68.17,31.83
1997-10-09,0.19,0.32,68.83,31.17
1997-10-10,0.2,0.31,58.34,41.66
1997-10-13,0.2,0.31,54.42,45.58
1997-10-14,0.2,0.3,51.6,48.4
1997-10-15,0.2,0.32,61.43,38.57
1997-10-16,0.18,0.31,70.4,29.6
1997-10-17,0.18,0.32,74.79,25.21
1997-10-20,0.19,0.31,61.57,38.43
1997-10-21,0.22,0.34,52.14,47.86
1997-10-22,0.23,0.34,48.99,51.01
1997-10-23,0.22,0.34,49.68,50.32
1997-10-24,0.25,0.38,51.45,48.55
1997-10-27,0.21,0.33,53.18,46.82
1997-10-28,0.25,0.34,36.13,63.87
1997-10-29,0.27,0.4,46.85,53.15
1997-10-30,0.26,0.37,45.97,54.03
1997-10-31,0.25,0.34,32.5,67.5
1997-11-03,0.25,0.34,32.77,67.23
1997-11-04,0.25,0.34,35.84,64.16
1997-11-05,0.24,0.37,53.45,46.55
1997-11-06,0.23,0.34,44.49,55.51
1997-11-07,0.22,0.34,49.61,50.39
1997-11-10,0.21,0.32,50.44,49.56
1997-11-11,0.2,0.31,55.68,44.32
1997-11-12,0.19,0.3,59.98,40.02
1997-11-13,0.19,0.31,60.05,39.95
1997-11-14,0.21,0.32,51.95,48.05
1997-11-17,0.22,0.3,37.89,62.11
1997-11-18,0.22,0.29,31.22,68.78
1997-11-19,0.23,0.31,36.95,63.05
1997-11-20,0.23,0.3,31.62,68.38
1997-11-21,0.22,0.31,37.58,62.42
1997-11-24,0.21,0.31,46.05,53.95
1997-11-25,0.21,0.31,46.96,53.04
1997-11-26,0.21,0.3,41.59,58.41
1997-11-28,0.21,0.31,49.0,51.0
1997-12-01,0.21,0.33,53.18,46.82
1997-12-02,0.21,0.34,58.26,41.74
1997-12-03,0.22,0.38,74.41,25.59
1997-12-04,0.22,0.38,69.16,30.84
1997-12-05,0.23,0.35,53.07,46.93
1997-12-08,0.24,0.34,43.05,56.95
1997-12-09,0.23,0.34,42.96,57.04
1997-12-10,0.23,0.32,43.73,56.27
1997-12-11,0.23,0.33,39.57,60.43
1997-12-12,0.23,0.32,42.75,57.25
1997-12-15,0.23,0.34,46.96,53.04
1997-12-16,0.22,0.34,50.31,49.69
1997-12-17,0.22,0.33,49.01,50.99
1997-12-18,0.21,0.33,52.44,47.56
1997-12-19,0.22,0.34,48.92,51.08
1997-12-22,0.23,0.34,43.37,56.63
1997-12-23,0.23,0.34,44.89,55.11
1997-12-24,0.23,0.33,42.09,57.91
1997-12-26,0.23,0.32,40.04,59.96
1997-12-29,0.24,0.32,36.48,63.52
1997-12-30,0.24,0.33,34.92,65.08
1997-12-31,0.25,0.35,40.57,59.43
1998-01-02,0.25,0.34,35.15,64.85
1998-01-05,0.24,0.34,41.08,58.92
1998-01-06,0.24,0.34,38.5,61.5
1998-01-07,0.24,0.34,40.16,59.84
1998-01-08,0.23,0.34,45.22,54.78
1998-01-09,0.21,0.32,50.6,49.4
1998-01-12,0.22,0.32,47.16,52.84
1998-01-13,0.23,0.32,37.8,62.2
1998-01-14,0.24,0.33,34.2,65.8
1998-01-15,0.25,0.34,35.29,64.71
1998-01-16,0.24,0.33,36.53,63.47
1998-01-20,0.25,0.33,32.08,67.92
1998-01-21,0.25,0.33,28.96,71.04
1998-01-22,0.26,0.33,27.4,72.6
1998-01-23,0.25,0.32,29.95,70.05
1998-01-26,0.24,0.32,34.71,65.29
1998-01-27,0.24,0.32,33.29,66.71
1998-01-28,0.24,0.32,34.49,65.51
1998-01-29,0.25,0.34,35.15,64.85
1998-01-30,0.25,0.38,54.82,45.18
1998-02-02,0.26,0.4,52.29,47.71
1998-02-03,0.26,0.35,37.02,62.98
1998-02-04,0.25,0.33,29.23,70.77
1998-02-05,0.25,0.32,29.95,70.05
1998-02-06,0.25,0.33,33.35,66.65
1998-02-09,0.24,0.32,30.43,69.57
1998-02-10,0.27,0.34,26.39,73.61
1998-02-11,0.26,0.33,23.63,76.37
1998-02-12,0.26,0.34,28.04,71.96
1998-02-13,0.26,0.34,29.84,70.16
1998-02-17,0.26,0.34,30.89,69.11
1998-02-18,0.25,0.34,32.1,67.9
1998-02-19,0.26,0.34,28.15,71.85
1998-02-20,0.26,0.34,27.79,72.21
1998-02-23,0.27,0.34,23.95,76.05
1998-02-24,0.27,0.34,23.95,76.05
1998-02-25,0.27,0.37,36.27,63.73
1998-02-26,0.3,0.43,40.85,59.15
1998-02-27,0.32,0.43,35.07,64.93
1998-03-02,0.32,0.43,36.4,63.6
1998-03-03,0.3,0.37,25.11,74.89
1998-03-04,0.31,0.38,24.38,75.62
1998-03-05,0.31,0.4,26.65,73.35
1998-03-06,0.32,0.42,31.38,68.62
1998-03-09,0.35,0.43,22.72,77.28
1998-03-10,0.35,0.43,23.29,76.71
1998-03-11,0.33,0.4,19.3,80.7
1998-03-12,0.33,0.4,21.01,78.99
1998-03-13,0.33,0.4,20.72,79.28
1998-03-16,0.33,0.4,20.24,79.76
1998-03-17,0.33,0.4,18.92,81.08
1998-03-18,0.36,0.38,7.07,92.93
1998-03-19,0.35,0.35,0.13,99.87
1998-03-20,0.35,0.35,0.13,99.87
1998-03-23,0.35,0.41,16.99,83.01
1998-03-24,0.35,0.41,16.38,83.62
1998-03-25,0.34,0.35,2.69,97.31
1998-03-26,0.34,0.35,1.37,98.63
1998-03-27,0.35,0.34,4.44,95.56
1998-03-30,0.36,0.35,2.79,97.21
1998-03-31,0.36,0.39,10.38,89.62
1998-04-01,0.38,0.44,17.09,82.91
1998-04-02,0.4,0.44,11.01,88.99
1998-04-03,0.39,0.43,11.71,88.29
1998-04-06,0.37,0.45,21.03,78.97
1998-04-07,0.36,0.41,13.55,86.45
1998-04-08,0.37,0.43,15.28,84.72
1998-04-09,0.4,0.47,17.94,82.06
1998-04-13,0.39,0.45,13.73,86.27
1998-04-14,0.4,0.47,15.59,84.41
1998-04-15,0.4,0.47,18.51,81.49
1998-04-16,0.41,0.49,19.35,80.65
1998-04-17,0.4,0.44,11.6,88.4
1998-04-20,0.39,0.44,11.84,88.16
1998-04-21,0.39,0.44,12.83,87.17
1998-04-22,0.36,0.41,13.07,86.93
1998-04-23,0.34,0.4,19.51,80.49
1998-04-24,0.35,0.4,12.02,87.98
1998-04-27,0.34,0.4,16.54,83.46
1998-04-28,0.4,0.44,9.8,90.2
1998-04-29,0.4,0.44,9.95,90.05
1998-04-30,0.38,0.41,7.53,92.47
1998-05-01,0.39,0.42,6.33,93.67
1998-05-04,0.4,0.41,3.58,96.42
1998-05-05,0.39,0.41,5.27,94.73
1998-05-06,0.38,0.4,6.71,93.29
1998-05-07,0.38,0.41,8.41,91.59
1998-05-08,0.38,0.41,6.8,93.2
1998-05-11,0.36,0.41,13.56,86.44
1998-05-12,0.38,0.42,10.74,89.26
1998-05-13,0.39,0.44,14.88,85.12
1998-05-14,0.38,0.44,14.68,85.32
1998-05-15,0.37,0.44,17.16,82.84
1998-05-18,0.37,0.4,9.93,90.07
1998-05-19,0.38,0.4,6.71,93.29
1998-05-20,0.37,0.41,11.32,88.68
1998-05-21,0.37,0.4,7.13,92.87
1998-05-22,0.36,0.4,12.57,87.43
1998-05-26,0.34,0.4,18.24,81.76
1998-05-27,0.36,0.41,13.89,86.11
1998-05-28,0.36,0.4,12.22,87.78
1998-05-29,0.37,0.41,11.95,88.05
1998-06-01,0.36,0.4,11.91,88.09
1998-06-02,0.36,0.39,7.13,92.87
1998-06-03,0.35,0.39,11.22,88.78
1998-06-04,0.37,0.4,9.2,90.8
1998-06-05,0.37,0.4,8.28,91.72
1998-06-08,0.39,0.42,9.55,90.45
1998-06-09,0.43,0.45,4.65,95.35
1998-06-10,0.45,0.5,11.65,88.35
1998-06-11,0.52,0.53,2.67,97.33
1998-06-12,0.51,0.53,5.19,94.81
1998-06-15,0.55,0.62,13.97,86.03
1998-06-16,0.61,0.61,0.3,99.7
1998-06-17,0.66,0.65,1.21,98.79
1998-06-18,0.6,0.69,15.16,84.84
1998-06-19,0.63,0.69,9.56,90.44
1998-06-22,0.68,0.78,14.35,85.65
1998-06-23,0.77,0.8,3.93,96.07
1998-06-24,0.83,0.8,3.49,96.51
1998-06-25,0.83,0.8,2.76,97.24
1998-06-26,0.79,0.8,1.39,98.61
1998-06-29,0.82,0.83,0.85,99.15
1998-06-30,0.83,0.84,1.37,98.63
1998-07-01,0.95,0.89,6.82,93.18
1998-07-02,1.03,0.95,8.37,91.63
1998-07-06,1.16,1.0,13.83,86.17
1998-07-07,1.02,0.96,5.26,94.74
1998-07-08,0.89,0.9,1.02,98.98
1998-07-09,0.88,0.94,7.2,92.8
1998-07-10,0.83,0.9,8.53,91.47
1998-07-13,0.9,0.9,0.33,99.67
1998-07-14,0.96,0.96,0.13,99.87
1998-07-15,0.94,0.95,0.87,99.13
1998-07-16,0.94,0.95,0.93,99.07
1998-07-17,1.0,1.02,1.73,98.27
1998-07-20,1.15,1.08,5.99,94.01
1998-07-21,1.1,1.04,5.23,94.77
1998-07-22,1.12,1.0,10.76,89.24
1998-07-23,1.06,0.98,7.79,92.21
1998-07-24,1.04,0.94,8.84,91.16
1998-07-27,1.05,1.0,4.67,95.33
1998-07-28,0.99,1.04,4.64,95.36
1998-07-29,0.9,0.99,10.69,89.31
1998-07-30,0.95,1.04,9.41,90.59
1998-07-31,0.92,1.0,7.96,92.04
1998-08-03,0.9,0.97,7.03,92.97
1998-08-04,0.92,0.98,7.56,92.44
1998-08-05,0.88,0.95,7.2,92.8
1998-08-06,0.91,0.93,1.6,98.4
1998-08-07,0.97,0.88,9.24,90.76
1998-08-10,1.01,0.94,6.87,93.13
1998-08-11,1.03,0.94,8.65,91.35
1998-08-12,1.09,1.0,8.19,91.81
1998-08-13,1.06,1.0,6.12,93.88
1998-08-14,1.02,0.98,3.72,96.28
1998-08-17,1.0,1.07,7.71,92.29
1998-08-18,1.07,1.16,8.28,91.72
1998-08-19,1.07,1.12,4.75,95.25
1998-08-20,1.08,1.17,8.52,91.48
1998-08-21,1.08,1.18,9.46,90.54
1998-08-24,1.12,1.18,5.35,94.65
1998-08-25,1.1,1.18,7.85,92.15
1998-08-26,1.06,1.16,9.5,90.5
1998-08-27,0.99,1.08,8.63,91.37
1998-08-28,0.88,0.97,10.37,89.63
1998-08-31,0.7,0.92,31.48,68.52
1998-09-01,0.67,0.8,20.71,79.29
1998-09-02,0.73,0.79,7.54,92.46
1998-09-03,0.72,0.79,10.04,89.96
1998-09-04,0.72,0.79,10.52,89.48
1998-09-08,0.77,0.78,1.32,98.68
1998-09-09,0.7,0.81,15.37,84.63
1998-09-10,0.66,0.75,13.51,86.49
1998-09-11,0.63,0.75,18.83,81.17
1998-09-14,0.61,0.64,3.75,96.25
1998-09-15,0.61,0.64,4.72,95.28
1998-09-16,0.7,0.69,1.41,98.59
1998-09-17,0.64,0.69,8.19,91.81
1998-09-18,0.66,0.72,7.98,92.02
1998-09-21,0.71,0.8,12.7,87.3
1998-09-22,0.73,0.82,11.36,88.64
1998-09-23,0.88,0.83,5.77,94.23
1998-09-24,0.85,0.82,3.23,96.77
1998-09-25,0.91,0.84,7.33,92.67
1998-09-28,0.96,0.85,12.3,87.7
1998-09-29,0.94,0.87,7.42,92.58
1998-09-30,0.93,0.98,5.4,94.6
1998-10-01,0.86,0.96,12.1,87.9
1998-10-02,0.92,0.98,6.71,93.29
1998-10-05,0.87,0.97,10.62,89.38
1998-10-06,0.9,0.94,3.87,96.13
1998-10-07,0.78,0.96,22.92,77.08
1998-10-08,0.72,0.9,25.09,74.91
1998-10-09,0.76,0.9,18.24,81.76
1998-10-12,0.78,0.84,8.11,91.89
1998-10-13,0.76,0.8,5.11,94.89
1998-10-14,0.78,0.81,3.91,96.09
1998-10-15,0.81,0.81,0.01,99.99
1998-10-16,0.83,0.8,3.06,96.94
1998-10-19,0.88,0.83,5.76,94.24
1998-10-20,0.89,0.91,2.16,97.84
1998-10-21,0.92,0.92,0.77,99.23
1998-10-22,0.96,0.92,3.81,96.19
1998-10-23,0.97,0.94,3.36,96.64
1998-10-26,1.01,0.99,1.99,98.01
1998-10-27,0.97,1.06,8.97,91.03
1998-10-28,0.98,1.09,11.47,88.53
1998-10-29,1.05,1.09,3.76,96.24
1998-10-30,1.05,1.06,0.62,99.38
1998-11-02,1.09,0.99,9.02,90.98
1998-11-03,1.05,1.09,4.18,95.82
1998-11-04,1.08,1.1,1.76,98.24
1998-11-05,1.07,1.13,5.93,94.07
1998-11-06,1.04,1.09,4.81,95.19
1998-11-09,1.06,1.18,11.89,88.11
1998-11-10,1.1,1.18,7.75,92.25
1998-11-11,1.06,1.12,6.01,93.99
1998-11-12,1.09,1.12,2.96,97.04
1998-11-13,1.06,1.11,3.84,96.16
1998-11-16,1.05,1.12,6.16,93.84
1998-11-17,1.24,1.18,4.41,95.59
1998-11-18,1.37,1.18,13.44,86.56
1998-11-19,1.28,1.16,9.07,90.93
1998-11-20,1.51,1.28,15.17,84.83
1998-11-23,1.82,1.31,28.0,72.0
1998-11-24,1.79,1.42,20.45,79.55
1998-11-25,1.75,1.46,16.42,83.58
1998-11-27,1.81,1.6,11.38,88.62
1998-11-30,1.6,1.61,0.93,99.07
1998-12-01,1.75,1.63,6.63,93.37
1998-12-02,1.66,1.76,5.92,94.08
1998-12-03,1.58,1.75,11.1,88.9
1998-12-04,1.57,1.75,11.69,88.31
1998-12-07,1.59,1.75,10.22,89.78
1998-12-08,1.7,1.75,3.17,96.83
1998-12-09,1.8,1.73,3.82,96.18
1998-12-10,1.78,1.76,0.85,99.15
1998-12-11,1.86,1.72,7.6,92.4
1998-12-14,1.85,1.6,13.63,86.37
1998-12-15,2.02,1.82,10.02,89.98
1998-12-16,2.41,1.91,20.87,79.13
1998-12-17,2.31,1.98,14.27,85.73
1998-12-18,2.39,2.15,10.09,89.91
1998-12-21,2.66,2.27,14.42,85.58
1998-12-22,2.69,2.28,15.15,84.85
1998-12-23,2.71,2.62,3.13,96.87
1998-12-24,2.71,2.67,1.4,98.6
1998-12-28,2.93,2.94,0.26,99.74
1998-12-29,2.77,2.9,4.55,95.45
1998-12-30,2.68,3.08,15.03,84.97
1998-12-31,2.68,2.92,9.21,90.79
1999-01-04,2.96,2.97,0.54,99.46
1999-01-05,3.11,3.11,0.18,99.82
1999-01-06,3.45,3.11,9.94,90.06
1999-01-07,3.97,3.22,18.87,81.13
1999-01-08,4.01,3.3,17.62,82.38
1999-01-11,4.62,3.34,27.66,72.34
1999-01-12,4.08,3.26,20.11,79.89
1999-01-13,3.7,3.7,0.01,99.99
1999-01-14,3.45,3.63,5.17,94.83
1999-01-15,3.51,3.63,3.39,96.61
1999-01-19,3.5,3.61,3.29,96.71
1999-01-20,2.83,3.5,23.88,76.12
1999-01-21,2.65,3.49,31.86,68.14
1999-01-22,3.08,3.52,14.6,85.4
1999-01-25,2.81,3.41,21.44,78.56
1999-01-26,2.88,3.1,7.78,92.22
1999-01-27,3.14,2.99,4.84,95.16
1999-01-28,3.07,2.92,4.87,95.13
1999-01-29,2.92,2.88,1.55,98.45
1999-02-01,2.9,2.81,3.09,96.91
1999-02-02,2.76,2.81,1.85,98.15
1999-02-03,3.14,2.92,7.05,92.95
1999-02-04,2.95,2.95,0.08,99.92
1999-02-05,2.9,2.92,0.87,99.13
1999-02-08,2.73,2.88,5.5,94.5
1999-02-09,2.5,2.97,18.77,81.23
1999-02-10,2.44,2.99,22.69,77.31
1999-02-11,2.75,2.95,7.31,92.69
1999-02-12,2.61,2.9,10.92,89.08
1999-02-16,2.47,2.88,16.65,83.35
1999-02-17,2.34,2.39,2.18,97.82
1999-02-18,2.24,2.52,12.53,87.47
1999-02-19,2.55,2.64,3.5,96.5
1999-02-22,2.66,2.66,0.18,99.82
1999-02-23,2.88,2.75,4.39,95.61
1999-02-24,2.77,2.64,4.95,95.05
1999-02-25,3.13,2.75,11.9,88.1
1999-02-26,3.2,2.83,11.75,88.25
1999-03-01,3.33,2.87,13.82,86.18
1999-03-02,3.03,2.86,5.78,94.22
1999-03-03,3.09,2.87,7.08,92.92
1999-03-04,3.0,3.06,1.86,98.14
1999-03-05,3.04,3.15,3.66,96.34
1999-03-08,3.05,3.22,5.41,94.59
1999-03-09,3.25,3.26,0.45,99.55
1999-03-10,3.43,3.24,5.37,94.63
1999-03-11,3.37,3.26,3.23,96.77
1999-03-12,3.33,3.25,2.55,97.45
1999-03-15,3.47,3.55,2.25,97.75
1999-03-16,3.35,3.55,6.17,93.83
1999-03-17,3.28,3.44,5.07,94.93
1999-03-18,3.46,3.46,0.02,99.98
1999-03-19,3.38,3.39,0.26,99.74
1999-03-22,3.3,3.47,5.13,94.87
1999-03-23,2.98,3.31,10.88,89.12
1999-03-24,3.09,3.39,9.48,90.52
1999-03-25,3.5,3.53,0.84,99.16
1999-03-26,3.48,3.52,1.2,98.8
1999-03-29,3.74,3.53,5.73,94.27
1999-03-30,4.12,3.63,11.77,88.23
1999-03-31,4.3,3.67,14.84,85.16
1999-04-01,4.28,3.74,12.44,87.56
1999-04-05,4.66,3.89,16.56,83.44
1999-04-06,4.57,4.0,12.45,87.55
1999-04-07,4.4,4.0,8.93,91.07
1999-04-08,4.47,4.21,5.91,94.09
1999-04-09,4.57,4.23,7.57,92.43
1999-04-12,4.61,4.31,6.6,93.4
1999-04-13,4.46,4.32,3.12,96.88
1999-04-14,4.2,4.29,2.12,97.88
1999-04-15,4.18,4.27,2.06,97.94
1999-04-16,4.75,4.29,9.7,90.3
1999-04-19,3.97,4.06,2.24,97.76
1999-04-20,4.3,4.06,5.53,94.47
1999-04-21,4.48,4.06,9.35,90.65
1999-04-22,4.75,4.44,6.61,93.39
1999-04-23,5.25,4.44,15.53,84.47
1999-04-26,5.18,4.64,10.4,89.6
1999-04-27,5.15,4.69,8.92,91.08
1999-04-28,4.84,4.62,4.49,95.51
1999-04-29,4.21,4.46,6.01,93.99
1999-04-30,4.3,4.48,4.11,95.89
1999-05-03,3.77,4.44,17.59,82.41
1999-05-04,3.58,4.23,18.43,81.57
1999-05-05,3.66,4.26,16.19,83.81
1999-05-06,3.43,3.85,12.0,88.0
1999-05-07,3.41,3.95,15.71,84.29
1999-05-10,3.67,3.89,5.95,94.05
1999-05-11,3.71,3.89,4.88,95.12
1999-05-12,3.57,3.8,6.28,93.72
1999-05-13,3.4,3.47,1.97,98.03
1999-05-14,3.31,3.54,7.08,92.92
1999-05-17,3.44,3.53,2.47,97.53
1999-05-18,3.32,3.49,5.24,94.76
1999-05-19,3.49,3.55,1.75,98.25
1999-05-20,3.27,3.39,3.63,96.37
1999-05-21,3.21,3.44,6.96,93.04
1999-05-24,2.94,3.29,12.03,87.97
1999-05-25,2.79,3.25,16.6,83.4
1999-05-26,3.02,3.28,8.57,91.43
1999-05-27,2.86,3.24,13.15,86.85
1999-05-28,2.97,3.17,6.75,93.25
1999-06-01,2.65,3.06,15.53,84.47
1999-06-02,2.8,2.88,2.63,97.37
1999-06-03,2.63,2.88,9.53,90.47
1999-06-04,2.71,2.88,6.12,93.88
1999-06-07,2.93,2.92,0.45,99.55
1999-06-08,2.79,2.61,6.4,93.6
1999-06-09,2.85,2.57,9.95,90.05
1999-06-10,2.9,2.64,9.05,90.95
1999-06-11,2.65,2.61,1.32,98.68
1999-06-14,2.3,2.81,22.02,77.98
1999-06-15,2.41,2.64,9.27,90.73
1999-06-16,2.79,2.66,4.82,95.18
1999-06-17,2.82,2.72,3.55,96.45
1999-06-18,2.78,2.68,3.8,96.2
1999-06-21,3.09,2.84,8.03,91.97
1999-06-22,2.94,2.75,6.27,93.73
1999-06-23,2.94,2.84,3.54,96.46
1999-06-24,2.84,2.75,3.08,96.92
1999-06-25,2.75,2.68,2.82,97.18
1999-06-28,2.77,2.96,7.09,92.91
1999-06-29,2.9,2.97,2.32,97.68
1999-06-30,3.13,2.82,9.89,90.11
1999-07-01,3.06,2.86,6.6,93.4
1999-07-02,3.1,2.95,4.85,95.15
1999-07-06,3.17,3.19,0.62,99.38
1999-07-07,3.05,3.08,1.08,98.92
1999-07-08,3.13,3.17,1.11,98.89
1999-07-09,3.14,3.18,1.26,98.74
1999-07-12,2.93,2.97,1.19,98.81
1999-07-13,3.15,3.15,0.06,99.94
1999-07-14,3.37,3.22,4.62,95.38
1999-07-15,3.49,3.3,5.37,94.63
1999-07-16,3.44,3.54,2.91,97.09
1999-07-19,3.29,3.52,6.89,93.11
1999-07-20,3.0,3.39,12.72,87.28
1999-07-21,3.14,3.36,7.17,92.83
1999-07-22,2.67,2.96,10.76,89.24
1999-07-23,2.86,2.91,1.52,98.48
1999-07-26,2.65,2.61,1.43,98.57
1999-07-27,2.53,2.61,3.39,96.61
1999-07-28,2.64,2.61,1.26,98.74
1999-07-29,2.54,2.61,2.81,97.19
1999-07-30,2.5,2.64,5.38,94.62
1999-08-02,2.35,2.57,9.21,90.79
1999-08-03,2.37,2.5,5.22,94.78
1999-08-04,2.21,2.5,12.88,87.12
1999-08-05,2.43,2.52,3.56,96.44
1999-08-06,2.24,2.52,12.45,87.55
1999-08-09,2.14,2.33,9.04,90.96
1999-08-10,2.28,2.33,2.45,97.55
1999-08-11,2.27,2.42,6.6,93.4
1999-08-12,2.29,2.38,3.73,96.27
1999-08-13,2.44,2.45,0.54,99.46
1999-08-16,2.46,2.49,1.31,98.69
1999-08-17,2.73,2.57,6.04,93.96
1999-08-18,2.83,2.65,6.21,93.79
1999-08-19,2.65,2.57,3.28,96.72
1999-08-20,2.84,2.7,4.91,95.09
1999-08-23,2.96,2.93,1.01,98.99
1999-08-24,3.0,2.95,1.68,98.32
1999-08-25,3.32,2.95,11.16,88.84
1999-08-26,3.21,2.98,7.21,92.79
1999-08-27,3.21,2.98,7.16,92.84
1999-08-30,2.98,3.19,7.05,92.95
1999-08-31,3.11,3.26,4.94,95.06
1999-09-01,2.98,3.25,9.11,90.89
1999-09-02,3.0,3.24,7.93,92.07
1999-09-03,3.12,3.24,3.82,96.18
1999-09-07,3.15,3.18,0.96,99.04
1999-09-08,3.07,3.15,2.58,97.42
1999-09-09,3.18,3.24,1.88,98.12
1999-09-10,3.33,3.24,2.52,97.48
1999-09-13,3.17,3.15,0.57,99.43
1999-09-14,3.3,3.16,4.21,95.79
1999-09-15,3.28,3.03,7.5,92.5
1999-09-16,3.26,3.07,5.76,94.24
1999-09-17,3.19,3.04,4.57,95.43
1999-09-20,3.14,3.16,0.64,99.36
1999-09-21,3.11,3.36,7.98,92.02
1999-09-22,3.3,3.54,7.41,92.59
1999-09-23,3.11,3.39,8.76,91.24
1999-09-24,3.25,3.39,4.16,95.84
1999-09-27,3.13,3.36,7.26,92.74
1999-09-28,3.29,3.47,5.4,94.6
1999-09-29,4.04,3.61,10.54,89.46
1999-09-30,4.0,3.32,16.91,83.09
1999-10-01,3.86,3.32,14.02,85.98
1999-10-04,3.85,3.54,8.13,91.87
1999-10-05,3.92,3.66,6.7,93.3
1999-10-06,4.12,3.74,9.18,90.82
1999-10-07,4.37,3.87,11.27,88.73
1999-10-08,4.46,4.07,8.79,91.21
1999-10-11,4.42,4.02,9.02,90.98
1999-10-12,4.25,4.04,4.9,95.1
1999-10-13,4.0,4.02,0.67,99.33
1999-10-14,3.98,4.02,0.94,99.06
1999-10-15,3.75,3.96,5.42,94.58
1999-10-18,3.7,3.9,5.27,94.73
1999-10-19,3.83,3.72,2.99,97.01
1999-10-20,4.03,3.97,1.26,98.74
1999-10-21,4.04,4.06,0.67,99.33
1999-10-22,3.93,4.0,1.72,98.28
1999-10-25,4.14,4.06,1.76,98.24
1999-10-26,4.06,3.96,2.61,97.39
1999-10-27,3.8,3.78,0.36,99.64
1999-10-28,3.55,3.71,4.57,95.43
1999-10-29,3.53,3.49,1.19,98.81
1999-11-01,3.46,3.51,1.6,98.4
1999-11-02,3.32,3.4,2.32,97.68
1999-11-03,3.29,3.4,3.29,96.71
1999-11-04,3.15,3.45,9.34,90.66
1999-11-05,3.25,3.3,1.66,98.34
1999-11-08,3.9,3.64,6.69,93.31
1999-11-09,3.54,3.49,1.38,98.62
1999-11-10,3.6,3.55,1.49,98.51
1999-11-11,3.65,3.57,2.25,97.75
1999-11-12,3.75,3.55,5.35,94.65
1999-11-15,3.67,3.55,3.5,96.5
1999-11-16,3.95,3.78,4.33,95.67
1999-11-17,3.83,3.86,0.88,99.12
1999-11-18,3.9,3.86,0.89,99.11
1999-11-19,3.9,3.94,1.07,98.93
1999-11-22,4.03,4.02,0.19,99.81
1999-11-23,4.09,4.02,1.56,98.44
1999-11-24,4.36,4.25,2.58,97.42
1999-11-26,4.66,4.22,9.35,90.65
1999-11-29,4.52,4.27,5.63,94.37
1999-11-30,4.25,4.27,0.49,99.51
1999-12-01,4.25,4.27,0.56,99.44
1999-12-02,4.45,4.29,3.68,96.32
1999-12-03,4.33,4.22,2.43,97.57
1999-12-06,4.39,4.27,2.59,97.41
1999-12-07,4.3,4.15,3.59,96.41
1999-12-08,4.43,4.27,3.63,96.37
1999-12-09,5.18,4.6,11.3,88.7
1999-12-10,5.33,4.6,13.72,86.28
1999-12-13,5.12,4.78,6.71,93.29
1999-12-14,4.78,4.69,1.96,98.04
1999-12-15,4.82,4.64,3.82,96.18
1999-12-16,4.74,4.55,3.99,96.01
1999-12-17,4.7,4.55,3.16,96.84
1999-12-20,4.85,4.7,3.19,96.81
1999-12-21,4.99,4.76,4.69,95.31
1999-12-22,4.88,5.67,16.02,83.98
1999-12-23,4.5,5.58,24.02,75.98
1999-12-27,4.06,4.46,9.93,90.07
1999-12-28,4.12,4.48,8.81,91.19
1999-12-29,4.18,4.48,7.26,92.74
1999-12-30,3.95,4.27,7.96,92.04
1999-12-31,3.81,4.06,6.78,93.22
2000-01-03,4.47,4.38,1.93,98.07
2000-01-04,4.1,4.18,2.01,97.99
2000-01-05,3.49,4.09,17.18,82.82
2000-01-06,3.28,3.76,14.75,85.25
2000-01-07,3.48,3.81,9.55,90.45
2000-01-10,3.46,3.65,5.48,94.52
2000-01-11,3.34,3.63,8.67,91.33
2000-01-12,3.18,3.56,12.13,87.87
2000-01-13,3.3,3.63,10.24,89.76
2000-01-14,3.21,3.45,7.32,92.68
2000-01-18,3.21,3.45,7.53,92.47
2000-01-19,3.34,3.45,3.2,96.8
2000-01-20,3.24,3.45,6.49,93.51
2000-01-21,3.1,3.32,6.83,93.17
2000-01-24,3.51,3.3,5.86,94.14
2000-01-25,3.46,3.3,4.67,95.33
2000-01-26,3.24,3.42,5.56,94.44
2000-01-27,3.35,3.52,5.07,94.93
2000-01-28,3.08,3.34,8.44,91.56
2000-01-31,3.23,3.36,4.04,95.96
2000-02-01,3.37,3.43,1.72,98.28
2000-02-02,3.47,3.54,1.98,98.02
2000-02-03,4.21,3.73,11.43,88.57
2000-02-04,3.93,3.66,6.89,93.11
2000-02-07,3.75,3.6,3.92,96.08
2000-02-08,4.16,3.8,8.46,91.54
2000-02-09,4.01,3.8,5.18,94.82
2000-02-10,3.81,3.91,2.62,97.38
2000-02-11,3.81,3.84,0.84,99.16
2000-02-14,3.72,3.81,2.42,97.58
2000-02-15,3.69,3.9,5.63,94.37
2000-02-16,3.53,3.81,7.86,92.14
2000-02-17,3.45,3.9,13.0,87.0
2000-02-18,3.24,3.64,12.45,87.55
2000-02-22,3.18,3.59,12.93,87.07
2000-02-23,3.52,3.6,2.35,97.65
2000-02-24,3.42,3.41,0.26,99.74
2000-02-25,3.46,3.46,0.03,99.97
2000-02-28,3.29,3.34,1.74,98.26
2000-02-29,3.44,3.25,5.57,94.43
2000-03-01,3.29,3.25,1.27,98.73
2000-03-02,3.13,3.19,1.97,98.03
2000-03-03,3.13,3.19,2.15,97.85
2000-03-06,3.2,3.24,1.37,98.63
2000-03-07,3.17,3.24,2.07,97.93
2000-03-08,3.18,3.28,3.26,96.74
2000-03-09,3.44,3.4,1.25,98.75
2000-03-10,3.34,3.43,2.51,97.49
2000-03-13,3.27,3.43,4.96,95.04
2000-03-14,3.28,3.28,0.11,99.89
2000-03-15,3.19,3.31,3.86,96.14
2000-03-16,3.31,3.33,0.59,99.41
2000-03-17,3.24,3.35,3.42,96.58
2000-03-20,3.21,3.28,2.35,97.65
2000-03-21,3.62,3.56,1.6,98.4
2000-03-22,3.53,3.63,2.78,97.22
2000-03-23,3.38,3.51,3.83,96.17
2000-03-24,3.63,3.57,1.72,98.28
2000-03-27,3.66,3.59,1.86,98.14
2000-03-28,3.51,3.51,0.22,99.78
2000-03-29,3.31,3.35,1.17,98.83
2000-03-30,3.33,3.4,2.19,97.81
2000-03-31,3.35,3.43,2.32,97.68
2000-04-03,3.18,3.35,5.45,94.55
2000-04-04,3.2,3.4,6.45,93.55
2000-04-05,3.11,3.33,7.16,92.84
2000-04-06,3.21,3.4,5.76,94.24
2000-04-07,3.38,3.43,1.46,98.54
2000-04-10,3.17,3.24,2.27,97.73
2000-04-11,3.17,3.28,3.66,96.34
2000-04-12,2.82,3.2,13.47,86.53
2000-04-13,2.4,3.07,27.73,72.27
2000-04-14,2.34,2.69,14.81,85.19
2000-04-17,2.35,2.5,6.05,93.95
2000-04-18,2.75,2.57,6.57,93.43
2000-04-19,2.67,2.57,3.95,96.05
2000-04-20,2.62,2.57,2.0,98.0
2000-04-24,2.49,2.57,3.04,96.96
2000-04-25,2.62,2.57,2.12,97.88
2000-04-26,2.67,2.61,2.41,97.59
2000-04-27,2.64,2.57,2.93,97.07
2000-04-28,2.76,2.57,6.99,93.01
2000-05-01,3.0,2.68,10.67,89.33
2000-05-02,2.81,2.64,6.06,93.94
2000-05-03,2.71,2.68,1.08,98.92
2000-05-04,2.75,2.86,3.79,96.21
2000-05-05,2.92,2.93,0.15,99.85
2000-05-08,2.8,2.87,2.31,97.69
2000-05-09,2.81,2.75,2.11,97.89
2000-05-10,2.67,2.72,2.16,97.84
2000-05-11,2.74,2.75,0.35,99.65
2000-05-12,2.69,2.84,5.53,94.47
2000-05-15,2.8,2.83,0.84,99.16
2000-05-16,2.95,2.84,3.85,96.15
2000-05-17,3.05,2.87,6.05,93.95
2000-05-18,2.77,2.73,1.44,98.56
2000-05-19,2.63,2.61,0.79,99.21
2000-05-22,2.59,2.64,1.63,98.37
2000-05-23,2.33,2.61,11.83,88.17
2000-05-24,2.43,2.61,7.51,92.49
2000-05-25,2.28,2.52,10.67,89.33
2000-05-26,2.33,2.57,10.38,89.62
2000-05-30,2.59,2.66,2.71,97.29
2000-05-31,2.42,2.47,2.27,97.73
2000-06-01,2.51,2.47,1.55,98.45
2000-06-02,2.89,2.75,4.86,95.14
2000-06-05,2.72,2.68,1.76,98.24
2000-06-06,2.53,2.64,4.27,95.73
2000-06-07,2.59,2.61,0.77,99.23
2000-06-08,2.59,2.49,4.0,96.0
2000-06-09,2.61,2.54,2.8,97.2
2000-06-12,2.42,2.49,2.81,97.19
2000-06-13,2.45,2.57,4.74,95.26
2000-06-14,2.32,2.49,7.24,92.76
2000-06-15,2.32,2.54,9.76,90.24
2000-06-16,2.3,2.54,10.27,89.73
2000-06-19,2.27,2.42,6.97,93.03
2000-06-20,2.31,2.49,7.96,92.04
2000-06-21,2.3,2.45,6.34,93.66
2000-06-22,2.1,2.12,0.86,99.14
2000-06-23,1.69,2.06,21.55,78.45
2000-06-26,1.7,2.0,17.71,82.29
2000-06-27,1.83,1.83,0.37,99.63
2000-06-28,1.89,1.89,0.01,99.99
2000-06-29,1.86,1.89,2.03,97.97
2000-06-30,1.82,1.89,4.31,95.69
2000-07-03,1.85,1.88,1.5,98.5
2000-07-05,1.83,1.91,4.49,95.51
2000-07-06,1.8,1.91,5.76,94.24
2000-07-07,1.81,1.91,5.57,94.43
2000-07-10,1.75,1.81,3.1,96.9
2000-07-11,1.66,1.81,9.13,90.87
2000-07-12,1.75,1.81,3.1,96.9
2000-07-13,1.75,1.88,7.33,92.67
2000-07-14,2.13,2.15,0.94,99.06
2000-07-17,2.06,2.13,3.57,96.43
2000-07-18,2.09,2.05,1.84,98.16
2000-07-19,2.04,2.03,0.59,99.41
2000-07-20,2.02,2.0,0.71,99.29
2000-07-21,2.06,2.05,0.41,99.59
2000-07-24,1.94,1.98,2.28,97.72
2000-07-25,1.88,1.98,5.33,94.67
2000-07-26,1.8,1.98,9.73,90.27
2000-07-27,1.57,1.9,21.05,78.95
2000-07-28,1.5,1.77,17.87,82.13
2000-07-31,1.51,1.8,19.19,80.81
2000-08-01,1.51,1.77,16.9,83.1
2000-08-02,1.54,1.76,14.28,85.72
2000-08-03,1.58,1.58,0.19,99.81
2000-08-04,1.62,1.58,2.94,97.06
2000-08-07,1.69,1.58,6.71,93.29
2000-08-08,1.65,1.58,4.23,95.77
2000-08-09,1.54,1.58,2.17,97.83
2000-08-10,1.52,1.58,3.64,96.36
2000-08-11,1.68,1.64,2.57,97.43
2000-08-14,1.74,1.7,2.64,97.36
2000-08-15,1.88,1.75,6.75,93.25
2000-08-16,1.93,1.88,2.83,97.17
2000-08-17,1.91,1.89,1.04,98.96
2000-08-18,1.95,2.0,2.52,97.48
2000-08-21,1.88,1.93,2.99,97.01
2000-08-22,1.83,1.91,4.62,95.38
2000-08-23,1.94,1.92,1.28,98.72
2000-08-24,1.97,1.96,0.41,99.59
2000-08-25,2.0,1.98,0.68,99.32
2000-08-28,1.96,1.98,1.38,98.62
2000-08-29,1.98,2.03,2.43,97.57
2000-08-30,2.15,2.04,5.15,94.85
2000-08-31,2.08,2.13,2.66,97.34
2000-09-01,2.08,2.13,2.66,97.34
2000-09-05,2.28,2.16,5.42,94.58
2000-09-06,2.29,2.18,4.94,95.06
2000-09-07,2.17,2.1,3.54,96.46
2000-09-08,2.15,2.08,3.11,96.89
2000-09-11,2.12,2.08,1.92,98.08
2000-09-12,2.13,2.24,5.18,94.82
2000-09-13,2.12,2.24,5.36,94.64
2000-09-14,2.24,2.32,3.38,96.62
2000-09-15,2.18,2.24,2.74,97.26
2000-09-18,2.14,2.24,4.69,95.31
2000-09-19,2.04,2.19,7.62,92.38
2000-09-20,1.88,2.04,8.76,91.24
2000-09-21,2.0,2.09,4.25,95.75
2000-09-22,2.07,2.12,2.46,97.54
2000-09-25,2.02,1.98,2.03,97.97
2000-09-26,1.99,1.98,0.49,99.51
2000-09-27,1.89,1.88,0.82,99.18
2000-09-28,2.0,1.95,2.6,97.4
2000-09-29,1.92,1.92,0.02,99.98
2000-10-02,1.79,1.88,4.71,95.29
2000-10-03,1.75,1.88,7.14,92.86
2000-10-04,1.8,1.83,1.65,98.35
2000-10-05,1.68,1.8,7.29,92.71
2000-10-06,1.58,1.65,4.75,95.25
2000-10-09,1.5,1.68,11.46,88.54
2000-10-10,1.52,1.72,13.28,86.72
2000-10-11,1.39,1.64,17.93,82.07
2000-10-12,1.26,1.52,21.0,79.0
2000-10-13,1.42,1.58,10.92,89.08
2000-10-16,1.22,1.53,26.21,73.79
2000-10-17,1.1,1.36,24.02,75.98
2000-10-18,1.26,1.36,8.29,91.71
2000-10-19,1.39,1.42,2.66,97.34
2000-10-20,1.54,1.47,4.31,95.69
2000-10-23,1.5,1.47,1.72,98.28
2000-10-24,1.48,1.47,0.65,99.35
2000-10-25,1.59,1.52,4.93,95.07
2000-10-26,1.84,1.58,14.48,85.52
2000-10-27,1.78,1.58,11.48,88.52
2000-10-30,1.64,1.53,7.05,92.95
2000-10-31,1.83,1.75,4.43,95.57
2000-11-01,1.87,1.83,1.88,98.12
2000-11-02,1.99,1.83,7.74,92.26
2000-11-03,1.88,1.86,1.21,98.79
2000-11-06,1.83,1.87,2.19,97.81
2000-11-07,1.85,1.9,2.73,97.27
2000-11-08,1.69,1.83,7.87,92.13
2000-11-09,1.56,1.77,13.5,86.5
2000-11-10,1.5,1.77,17.52,82.48
2000-11-13,1.39,1.76,26.33,73.67
2000-11-14,1.45,1.71,18.07,81.93
2000-11-15,1.48,1.64,10.99,89.01
2000-11-16,1.39,1.47,5.51,94.49
2000-11-17,1.37,1.51,10.16,89.84
2000-11-20,1.29,1.4,8.72,91.28
2000-11-21,1.21,1.4,15.72,84.28
2000-11-22,1.26,1.3,3.48,96.52
2000-11-24,1.45,1.38,4.91,95.09
2000-11-27,1.4,1.38,1.73,98.27
2000-11-28,1.25,1.36,8.69,91.31
2000-11-29,1.35,1.42,5.76,94.24
2000-11-30,1.23,1.42,15.4,84.6
2000-12-01,1.23,1.28,3.83,96.17
2000-12-04,1.33,1.36,2.5,97.5
2000-12-05,1.27,1.32,4.07,95.93
2000-12-06,1.18,1.27,7.57,92.43
2000-12-07,1.07,1.27,18.89,81.11
2000-12-08,1.17,1.32,12.67,87.33
2000-12-11,1.27,1.37,7.89,92.11
2000-12-12,1.29,1.37,6.2,93.8
2000-12-13,1.19,1.36,14.63,85.37
2000-12-14,1.13,1.18,4.18,95.82
2000-12-15,1.14,1.23,7.18,92.82
2000-12-18,0.99,1.23,23.36,76.64
2000-12-19,0.91,1.03,12.54,87.46
2000-12-20,0.83,1.03,23.08,76.92
2000-12-21,0.76,0.99,30.82,69.18
2000-12-22,0.78,0.88,13.61,86.39
2000-12-26,0.85,0.9,6.21,93.79
2000-12-27,0.84,0.94,11.45,88.55
2000-12-28,0.87,0.98,13.32,86.68
2000-12-29,0.78,0.88,12.51,87.49
2001-01-02,0.69,0.81,17.24,82.76
2001-01-03,0.88,0.81,7.63,92.37
2001-01-04,0.77,0.81,4.66,95.34
2001-01-05,0.73,0.79,9.09,90.91
2001-01-08,0.75,0.79,6.35,93.65
2001-01-09,0.82,0.88,6.87,93.13
2001-01-10,0.82,0.89,7.87,92.13
2001-01-11,0.85,0.92,7.87,92.13
2001-01-12,0.88,0.94,5.81,94.19
2001-01-16,0.9,0.94,3.61,96.39
2001-01-17,0.92,0.94,2.39,97.61
2001-01-18,0.98,0.96,1.89,98.11
2001-01-19,1.0,0.96,4.04,95.96
2001-01-22,0.93,0.99,7.04,92.96
2001-01-23,0.95,1.04,9.85,90.15
2001-01-24,1.09,1.03,5.42,94.58
2001-01-25,0.95,0.99,4.61,95.39
2001-01-26,0.98,1.04,6.77,93.23
2001-01-29,1.01,1.08,7.49,92.51
2001-01-30,0.95,1.03,8.85,91.15
2001-01-31,0.87,0.94,8.68,91.32
2001-02-01,0.81,0.93,14.48,85.52
2001-02-02,0.72,0.88,22.94,77.06
2001-02-05,0.72,0.88,22.4,77.6
2001-02-06,0.79,0.89,12.48,87.52
2001-02-07,0.75,0.84,11.94,88.06
2001-02-08,0.72,0.78,9.16,90.84
2001-02-09,0.67,0.78,16.04,83.96
2001-02-12,0.73,0.78,7.03,92.97
2001-02-13,0.69,0.66,3.9,96.1
2001-02-14,0.72,0.72,0.67,99.33
2001-02-15,0.73,0.68,6.74,93.26
2001-02-16,0.68,0.66,3.46,96.54
2001-02-20,0.62,0.66,5.71,94.29
2001-02-21,0.6,0.66,10.69,89.31
2001-02-22,0.6,0.62,4.07,95.93
2001-02-23,0.59,0.66,12.1,87.9
2001-02-26,0.6,0.66,10.92,89.08
2001-02-27,0.59,0.61,3.1,96.9
2001-02-28,0.51,0.61,18.92,81.08
2001-03-01,0.52,0.61,16.07,83.93
2001-03-02,0.5,0.57,14.53,85.47
2001-03-05,0.63,0.65,3.15,96.85
2001-03-06,0.59,0.65,9.67,90.33
2001-03-07,0.61,0.62,1.47,98.53
2001-03-08,0.58,0.61,4.99,95.01
2001-03-09,0.61,0.66,7.24,92.76
2001-03-12,0.53,0.65,22.57,77.43
2001-03-13,0.55,0.67,21.11,78.89
2001-03-14,0.53,0.66,23.64,76.36
2001-03-15,0.54,0.67,22.5,77.5
2001-03-16,0.55,0.58,5.97,94.03
2001-03-19,0.52,0.58,11.02,88.98
2001-03-20,0.51,0.61,18.99,81.01
2001-03-21,0.5,0.6,20.44,79.56
2001-03-22,0.51,0.61,19.72,80.28
2001-03-23,0.51,0.5,1.06,98.94
2001-03-26,0.55,0.53,2.67,97.33
2001-03-27,0.58,0.54,6.94,93.06
2001-03-28,0.54,0.53,1.41,98.59
2001-03-29,0.5,0.5,0.73,99.27
2001-03-30,0.51,0.56,9.67,90.33
2001-04-02,0.46,0.5,10.69,89.31
2001-04-03,0.43,0.5,16.72,83.28
2001-04-04,0.42,0.46,10.18,89.82
2001-04-05,0.46,0.48,4.68,95.32
2001-04-06,0.42,0.46,9.06,90.94
2001-04-09,0.56,0.53,5.92,94.08
2001-04-10,0.6,0.54,9.78,90.22
2001-04-11,0.67,0.64,4.55,95.45
2001-04-12,0.73,0.76,3.99,96.01
2001-04-16,0.7,0.72,2.0,98.0
2001-04-17,0.74,0.72,2.91,97.09
2001-04-18,0.83,0.78,5.93,94.07
2001-04-19,0.8,0.78,2.69,97.31
2001-04-20,0.79,0.78,1.4,98.6
2001-04-23,0.81,0.76,6.28,93.72
2001-04-24,0.78,0.8,2.38,97.62
2001-04-25,0.8,0.85,5.98,94.02
2001-04-26,0.77,0.82,6.48,93.52
2001-04-27,0.76,0.8,5.13,94.87
2001-04-30,0.79,0.83,5.57,94.43
2001-05-01,0.84,0.83,1.37,98.63
2001-05-02,0.86,0.83,2.63,97.37
2001-05-03,0.84,0.77,7.99,92.01
2001-05-04,0.88,0.89,1.13,98.87
2001-05-07,0.85,0.83,2.02,97.98
2001-05-08,0.81,0.8,1.68,98.32
2001-05-09,0.75,0.8,6.19,93.81
2001-05-10,0.73,0.78,6.07,93.93
2001-05-11,0.73,0.77,4.87,95.13
2001-05-14,0.67,0.73,8.87,91.13
2001-05-15,0.68,0.67,0.94,99.06
2001-05-16,0.71,0.72,1.97,98.03
2001-05-17,0.74,0.76,3.02,96.98
2001-05-18,0.74,0.74,0.81,99.19
2001-05-21,0.82,0.82,0.33,99.67
2001-05-22,0.81,0.8,1.92,98.08
2001-05-23,0.78,0.8,2.17,97.83
2001-05-24,0.84,0.82,2.53,97.47
2001-05-25,0.85,0.82,3.58,96.42
2001-05-29,0.86,0.84,2.53,97.47
2001-05-30,0.78,0.83,5.6,94.4
2001-05-31,0.83,0.84,1.19,98.81
2001-06-01,0.85,0.85,0.13,99.87
2001-06-04,0.85,0.91,7.49,92.51
2001-06-05,0.82,0.89,7.91,92.09
2001-06-06,0.8,0.84,5.62,94.38
2001-06-07,0.81,0.84,4.49,95.51
2001-06-08,0.79,0.83,5.9,94.1
2001-06-11,0.74,0.77,3.6,96.4
2001-06-12,0.73,0.77,5.15,94.85
2001-06-13,0.71,0.77,9.03,90.97
2001-06-14,0.66,0.67,0.72,99.28
2001-06-15,0.62,0.67,7.17,92.83
2001-06-18,0.59,0.54,8.09,91.91
2001-06-19,0.57,0.61,6.64,93.36
2001-06-20,0.63,0.61,3.31,96.69
2001-06-21,0.65,0.61,7.38,92.62
2001-06-22,0.62,0.61,2.3,97.7
2001-06-25,0.64,0.56,12.01,87.99
2001-06-26,0.66,0.66,0.06,99.94
2001-06-27,0.7,0.71,0.59,99.41
2001-06-28,0.72,0.71,0.86,99.14
2001-06-29,0.71,0.72,1.92,98.08
2001-07-02,0.73,0.74,2.51,97.49
2001-07-03,0.71,0.75,5.88,94.12
2001-07-05,0.76,0.77,0.92,99.08
2001-07-06,0.76,0.82,7.11,92.89
2001-07-09,0.79,0.86,8.45,91.55
2001-07-10,0.78,0.86,10.71,89.29
2001-07-11,0.77,0.83,8.6,91.4
2001-07-12,0.82,0.83,1.03,98.97
2001-07-13,0.85,0.92,8.26,91.74
2001-07-16,0.8,0.89,10.92,89.08
2001-07-17,0.82,0.89,8.62,91.38
2001-07-18,0.8,0.85,5.89,94.11
2001-07-19,0.82,0.87,5.05,94.95
2001-07-20,0.85,0.87,2.8,97.2
2001-07-23,0.8,0.82,2.54,97.46
2001-07-24,0.6,0.76,26.22,73.78
2001-07-25,0.58,0.66,15.04,84.96
2001-07-26,0.62,0.66,7.39,92.61
2001-07-27,0.61,0.66,8.09,91.91
2001-07-30,0.63,0.66,5.51,94.49
2001-07-31,0.62,0.66,6.02,93.98
2001-08-01,0.62,0.62,0.61,99.39
2001-08-02,0.61,0.61,0.62,99.38
2001-08-03,0.61,0.62,2.25,97.75
2001-08-06,0.6,0.61,1.81,98.19
2001-08-07,0.58,0.61,4.44,95.56
2001-08-08,0.56,0.56,1.21,98.79
2001-08-09,0.52,0.51,3.43,96.57
2001-08-10,0.5,0.5,0.51,99.49
2001-08-13,0.51,0.57,13.17,86.83
2001-08-14,0.53,0.65,23.68,76.32
2001-08-15,0.5,0.56,10.56,89.44
2001-08-16,0.49,0.56,13.6,86.4
2001-08-17,0.5,0.56,11.56,88.44
2001-08-20,0.52,0.49,6.05,93.95
2001-08-21,0.49,0.49,1.21,98.79
2001-08-22,0.51,0.5,1.18,98.82
2001-08-23,0.48,0.49,1.46,98.54
2001-08-24,0.51,0.54,6.52,93.48
2001-08-27,0.51,0.54,7.58,92.42
2001-08-28,0.5,0.53,5.66,94.34
2001-08-29,0.46,0.5,8.9,91.1
2001-08-30,0.43,0.5,15.17,84.83
2001-08-31,0.45,0.5,11.95,88.05
2001-09-04,0.43,0.48,11.14,88.86
2001-09-05,0.38,0.42,8.63,91.37
2001-09-06,0.41,0.46,12.01,87.99
2001-09-07,0.43,0.48,12.68,87.32
2001-09-10,0.43,0.46,5.78,94.22
2001-09-17,0.37,0.46,21.88,78.12
2001-09-18,0.36,0.36,1.81,98.19
2001-09-19,0.37,0.42,13.69,86.31
2001-09-20,0.37,0.4,6.98,93.02
2001-09-21,0.37,0.4,6.98,93.02
2001-09-24,0.37,0.4,7.26,92.74
2001-09-25,0.35,0.42,17.21,82.79
2001-09-26,0.32,0.4,26.01,73.99
2001-09-27,0.31,0.37,18.98,81.02
2001-09-28,0.3,0.37,23.57,76.43
2001-10-01,0.3,0.38,27.88,72.12
2001-10-02,0.3,0.37,21.33,78.67
2001-10-03,0.34,0.31,6.84,93.16
2001-10-04,0.35,0.37,5.82,94.18
2001-10-05,0.36,0.4,10.91,89.09
2001-10-08,0.36,0.4,12.16,87.84
2001-10-09,0.35,0.4,15.57,84.43
2001-10-10,0.36,0.4,9.99,90.01
2001-10-11,0.39,0.41,4.42,95.58
2001-10-12,0.4,0.43,5.5,94.5
2001-10-15,0.44,0.47,6.9,93.1
2001-10-16,0.48,0.53,10.33,89.67
2001-10-17,0.45,0.51,15.29,84.71
2001-10-18,0.42,0.49,15.66,84.34
2001-10-19,0.4,0.47,18.51,81.49
2001-10-22,0.44,0.49,11.71,88.29
2001-10-23,0.48,0.53,12.0,88.0
2001-10-24,0.38,0.42,10.37,89.63
2001-10-25,0.39,0.42,8.53,91.47
2001-10-26,0.38,0.42,11.54,88.46
2001-10-29,0.35,0.42,18.77,81.23
2001-10-30,0.32,0.41,28.06,71.94
2001-10-31,0.35,0.41,17.79,82.21
2001-11-01,0.35,0.4,15.63,84.37
2001-11-02,0.34,0.4,20.23,79.77
2001-11-05,0.35,0.4,15.41,84.59
2001-11-06,0.35,0.4,14.43,85.57
2001-11-07,0.37,0.4,8.16,91.84
2001-11-08,0.35,0.4,15.3,84.7
2001-11-09,0.36,0.4,13.3,86.7
2001-11-12,0.35,0.37,4.64,95.36
2001-11-13,0.36,0.41,12.78,87.22
2001-11-14,0.47,0.46,2.91,97.09
2001-11-15,0.45,0.44,2.51,97.49
2001-11-16,0.45,0.48,7.67,92.33
2001-11-19,0.46,0.52,13.43,86.57
2001-11-20,0.43,0.48,12.05,87.95
2001-11-21,0.44,0.48,9.5,90.5
2001-11-23,0.45,0.53,17.8,82.2
2001-11-26,0.61,0.62,1.24,98.76
2001-11-27,0.57,0.57,0.03,99.97
2001-11-28,0.58,0.57,0.92,99.08
2001-11-29,0.56,0.59,5.27,94.73
2001-11-30,0.57,0.63,11.76,88.24
2001-12-03,0.52,0.62,17.71,82.29
2001-12-04,0.6,0.67,12.96,87.04
2001-12-05,0.59,0.61,4.55,95.45
2001-12-06,0.61,0.68,12.32,87.68
2001-12-07,0.59,0.67,14.94,85.06
2001-12-10,0.58,0.72,23.42,76.58
2001-12-11,0.61,0.78,27.12,72.88
2001-12-12,0.6,0.68,14.11,85.89
2001-12-13,0.54,0.63,15.45,84.55
2001-12-14,0.55,0.57,4.29,95.71
2001-12-17,0.54,0.58,7.83,92.17
2001-12-18,0.54,0.58,7.34,92.66
2001-12-19,0.54,0.6,12.46,87.54
2001-12-20,0.51,0.57,11.9,88.1
2001-12-21,0.5,0.54,8.32,91.68
2001-12-24,0.49,0.45,8.99,91.01
2001-12-26,0.56,0.54,2.41,97.59
2001-12-27,0.53,0.5,4.97,95.03
2001-12-28,0.55,0.53,2.32,97.68
2001-12-31,0.54,0.53,1.59,98.41
2002-01-02,0.55,0.5,8.09,91.91
2002-01-03,0.6,0.57,5.0,95.0
2002-01-04,0.61,0.59,2.94,97.06
2002-01-07,0.62,0.59,3.65,96.35
2002-01-08,0.59,0.63,6.1,93.9
2002-01-09,0.58,0.58,1.29,98.71
2002-01-10,0.55,0.57,3.54,96.46
2002-01-11,0.55,0.59,6.51,93.49
2002-01-14,0.51,0.57,12.48,87.52
2002-01-15,0.51,0.57,11.09,88.91
2002-01-16,0.46,0.5,10.33,89.67
2002-01-17,0.49,0.53,9.32,90.68
2002-01-18,0.51,0.54,6.62,93.38
2002-01-22,0.63,0.63,0.05,99.95
2002-01-23,0.62,0.63,0.82,99.18
2002-01-24,0.7,0.72,2.15,97.85
2002-01-25,0.72,0.72,0.9,99.1
2002-01-28,0.77,0.76,2.43,97.57
2002-01-29,0.71,0.71,0.36,99.64
2002-01-30,0.69,0.71,2.67,97.33
2002-01-31,0.71,0.74,3.6,96.4
2002-02-01,0.69,0.72,4.23,95.77
2002-02-04,0.63,0.71,13.9,86.1
2002-02-05,0.57,0.73,26.88,73.12
2002-02-06,0.56,0.71,26.44,73.56
2002-02-07,0.56,0.71,26.67,73.33
2002-02-08,0.63,0.71,13.99,86.01
2002-02-11,0.67,0.7,4.66,95.34
2002-02-12,0.64,0.7,7.91,92.09
2002-02-13,0.66,0.69,3.15,96.85
2002-02-14,0.69,0.69,1.23,98.77
2002-02-15,0.67,0.62,7.3,92.7
2002-02-19,0.65,0.67,2.74,97.26
2002-02-20,0.65,0.68,4.56,95.44
2002-02-21,0.66,0.68,2.2,97.8
2002-02-22,0.65,0.68,3.68,96.32
2002-02-25,0.69,0.71,3.7,96.3
2002-02-26,0.72,0.78,8.05,91.95
2002-02-27,0.71,0.78,9.03,90.97
2002-02-28,0.7,0.82,16.52,83.48
2002-03-01,0.77,0.83,8.25,91.75
2002-03-04,0.82,0.83,1.09,98.91
2002-03-05,0.8,0.83,4.32,95.68
2002-03-06,0.82,0.83,2.02,97.98
2002-03-07,0.78,0.77,1.34,98.66
2002-03-08,0.82,0.83,1.89,98.11
2002-03-11,0.84,0.86,2.61,97.39
2002-03-12,0.82,0.83,2.14,97.86
2002-03-13,0.79,0.87,10.06,89.94
2002-03-14,0.72,0.77,5.92,94.08
2002-03-15,0.7,0.75,7.06,92.94
2002-03-18,0.75,0.75,0.07,99.93
2002-03-19,0.73,0.75,2.46,97.54
2002-03-20,0.73,0.75,3.59,96.41
2002-03-21,0.76,0.76,0.84,99.16
2002-03-22,0.78,0.74,4.45,95.55
2002-03-25,0.74,0.72,2.25,97.75
2002-03-26,0.74,0.71,3.61,96.39
2002-03-27,0.71,0.72,1.11,98.89
2002-03-28,0.71,0.67,6.2,93.8
2002-04-01,0.74,0.67,9.37,90.63
2002-04-02,0.71,0.67,5.87,94.13
2002-04-03,0.68,0.67,1.88,98.12
2002-04-04,0.68,0.72,6.42,93.58
2002-04-05,0.68,0.74,9.92,90.08
2002-04-08,0.7,0.71,2.47,97.53
2002-04-09,0.68,0.71,5.11,94.89
2002-04-10,0.67,0.71,6.05,93.95
2002-04-11,0.64,0.61,4.91,95.09
2002-04-12,0.67,0.62,6.66,93.34
2002-04-15,0.69,0.71,2.5,97.5
2002-04-16,0.7,0.71,1.62,98.38
2002-04-17,0.74,0.76,1.95,98.05
2002-04-18,0.71,0.74,4.45,95.55
2002-04-19,0.73,0.74,1.92,98.08
2002-04-22,0.72,0.75,4.55,95.45
2002-04-23,0.7,0.75,6.83,93.17
2002-04-24,0.84,0.83,0.78,99.22
2002-04-25,0.84,0.83,0.96,99.04
2002-04-26,0.85,0.83,1.48,98.52
2002-04-29,0.81,0.87,7.07,92.93
2002-04-30,0.83,0.87,4.58,95.42
2002-05-01,0.82,0.89,7.69,92.31
2002-05-02,0.82,0.89,8.81,91.19
2002-05-03,0.8,0.87,7.93,92.07
2002-05-06,0.81,0.87,7.47,92.53
2002-05-07,0.81,0.82,2.24,97.76
2002-05-08,0.87,0.89,2.53,97.47
2002-05-09,0.89,0.91,2.51,97.49
2002-05-10,0.85,0.89,5.5,94.5
2002-05-13,0.87,0.91,4.94,95.06
2002-05-14,0.94,0.89,5.69,94.31
2002-05-15,1.0,0.97,2.94,97.06
2002-05-16,0.98,0.95,2.85,97.15
2002-05-17,0.96,1.02,6.75,93.25
2002-05-20,0.97,1.01,3.92,96.08
2002-05-21,0.94,1.0,6.71,93.29
2002-05-22,0.94,1.0,6.76,93.24
2002-05-23,0.97,1.02,5.16,94.84
2002-05-24,0.97,1.06,8.5,91.5
2002-05-28,0.95,1.04,9.24,90.76
2002-05-29,0.95,0.99,4.9,95.1
2002-05-30,0.92,0.97,6.07,93.93
2002-05-31,0.91,0.99,8.63,91.37
2002-06-03,0.9,0.98,9.21,90.79
2002-06-04,0.9,0.93,3.19,96.81
2002-06-05,0.9,0.82,8.73,91.27
2002-06-06,0.91,0.8,11.62,88.38
2002-06-07,0.93,0.89,3.81,96.19
2002-06-10,0.87,0.8,7.18,92.82
2002-06-11,0.86,0.8,6.31,93.69
2002-06-12,0.85,0.8,5.98,94.02
2002-06-13,0.87,0.79,9.64,90.36
2002-06-14,0.84,0.79,6.36,93.64
2002-06-17,0.92,0.91,1.05,98.95
2002-06-18,0.94,0.93,0.56,99.44
2002-06-19,0.92,0.93,2.12,97.88
2002-06-20,0.88,0.91,3.8,96.2
2002-06-21,0.88,0.93,6.12,93.88
2002-06-24,0.88,0.93,6.24,93.76
2002-06-25,0.77,0.84,9.45,90.55
2002-06-26,0.79,0.84,5.93,94.07
2002-06-27,0.79,0.84,5.87,94.13
2002-06-28,0.81,0.89,9.45,90.55
2002-07-01,0.68,0.78,15.8,84.2
2002-07-02,0.67,0.61,7.76,92.24
2002-07-03,0.71,0.73,1.84,98.16
2002-07-05,0.76,0.78,1.96,98.04
2002-07-08,0.75,0.73,2.86,97.14
2002-07-09,0.78,0.73,6.97,93.03
2002-07-10,0.75,0.73,2.99,97.01
2002-07-11,0.78,0.77,1.0,99.0
2002-07-12,0.77,0.76,1.34,98.66
2002-07-15,0.8,0.77,3.79,96.21
2002-07-16,0.81,0.83,2.06,97.94
2002-07-17,0.81,0.83,2.33,97.67
2002-07-18,0.78,0.82,4.99,95.01
2002-07-19,0.76,0.8,4.24,95.76
2002-07-22,0.77,0.89,14.46,85.54
2002-07-23,0.73,0.84,15.84,84.16
2002-07-24,0.7,0.82,16.29,83.71
2002-07-25,0.62,0.56,11.07,88.93
2002-07-26,0.65,0.72,10.91,89.09
2002-07-29,0.72,0.77,7.02,92.98
2002-07-30,0.74,0.74,0.75,99.25
2002-07-31,0.72,0.71,1.47,98.53
2002-08-01,0.71,0.71,0.54,99.46
2002-08-02,0.69,0.66,4.32,95.68
2002-08-05,0.64,0.62,3.47,96.53
2002-08-06,0.69,0.66,3.63,96.37
2002-08-07,0.68,0.71,3.85,96.15
2002-08-08,0.69,0.71,2.42,97.58
2002-08-09,0.71,0.71,0.16,99.84
2002-08-12,0.72,0.74,3.0,97.0
2002-08-13,0.7,0.74,6.92,93.08
2002-08-14,0.7,0.77,10.51,89.49
2002-08-15,0.73,0.77,5.41,94.59
2002-08-16,0.75,0.75,0.81,99.19
2002-08-19,0.77,0.76,1.49,98.51
2002-08-20,0.8,0.77,3.56,96.44
2002-08-21,0.77,0.77,0.27,99.73
2002-08-22,0.79,0.79,0.45,99.55
2002-08-23,0.76,0.82,7.81,92.19
2002-08-26,0.75,0.77,2.96,97.04
2002-08-27,0.73,0.77,5.63,94.37
2002-08-28,0.73,0.76,4.79,95.21
2002-08-29,0.76,0.77,1.31,98.69
2002-08-30,0.75,0.77,3.33,96.67
2002-09-03,0.73,0.78,7.44,92.56
2002-09-04,0.74,0.79,6.24,93.76
2002-09-05,0.71,0.76,6.85,93.15
2002-09-06,0.77,0.77,0.83,99.17
2002-09-09,0.83,0.84,2.09,97.91
2002-09-10,0.86,0.84,1.61,98.39
2002-09-11,0.86,0.85,0.67,99.33
2002-09-12,0.84,0.84,0.62,99.38
2002-09-13,0.83,0.85,1.91,98.09
2002-09-16,0.84,0.89,6.17,93.83
2002-09-17,0.87,0.91,4.76,95.24
2002-09-18,0.89,0.91,2.51,97.49
2002-09-19,0.86,0.89,3.08,96.92
2002-09-20,0.79,0.84,5.83,94.17
2002-09-23,0.8,0.84,5.01,94.99
2002-09-24,0.8,0.84,5.8,94.2
2002-09-25,0.79,0.84,7.36,92.64
2002-09-26,0.86,0.85,1.3,98.7
2002-09-27,0.85,0.83,2.78,97.22
2002-09-30,0.8,0.77,3.36,96.64
2002-10-01,0.85,0.82,3.26,96.74
2002-10-02,0.85,0.83,2.78,97.22
2002-10-03,0.84,0.82,1.63,98.37
2002-10-04,0.83,0.82,0.93,99.07
2002-10-07,0.83,0.8,4.22,95.78
2002-10-08,0.85,0.86,1.05,98.95
2002-10-09,0.84,0.88,3.82,96.18
2002-10-10,0.9,0.95,5.34,94.66
2002-10-11,0.92,0.95,3.2,96.8
2002-10-14,0.96,0.97,0.81,99.19
2002-10-15,0.95,1.02,7.99,92.01
2002-10-16,0.97,1.01,3.38,96.62
2002-10-17,0.94,0.96,2.48,97.52
2002-10-18,0.95,1.02,7.42,92.58
2002-10-21,0.96,1.02,6.2,93.8
2002-10-22,0.97,1.02,5.54,94.46
2002-10-23,0.99,1.05,6.03,93.97
2002-10-24,0.99,1.05,6.13,93.87
2002-10-25,0.96,1.02,5.98,94.02
2002-10-28,0.93,0.97,4.36,95.64
2002-10-29,0.93,0.97,4.48,95.52
2002-10-30,0.95,0.96,0.94,99.06
2002-10-31,0.97,0.96,0.52,99.48
2002-11-01,0.99,0.95,3.88,96.12
2002-11-04,0.94,0.97,3.47,96.53
2002-11-05,0.94,0.93,0.95,99.05
2002-11-06,0.97,0.95,1.59,98.41
2002-11-07,0.96,0.96,0.52,99.48
2002-11-08,0.98,0.96,1.18,98.82
2002-11-11,0.95,0.95,0.13,99.87
2002-11-12,0.99,0.99,0.36,99.64
2002-11-13,1.02,0.96,5.54,94.46
2002-11-14,1.06,1.01,4.7,95.3
2002-11-15,1.11,1.07,3.68,96.32
2002-11-18,1.12,1.17,4.71,95.29
2002-11-19,1.06,1.09,2.43,97.57
2002-11-20,1.14,1.13,0.94,99.06
2002-11-21,1.17,1.13,3.06,96.94
2002-11-22,1.2,1.18,1.58,98.42
2002-11-25,1.21,1.21,0.13,99.87
2002-11-26,1.17,1.18,1.11,98.89
2002-11-27,1.2,1.18,1.75,98.25
2002-11-29,1.17,1.17,0.02,99.98
2002-12-02,1.21,1.18,1.87,98.13
2002-12-03,1.19,1.26,6.29,93.71
2002-12-04,1.17,1.26,7.32,92.68
2002-12-05,1.13,1.21,7.24,92.76
2002-12-06,1.13,1.17,3.6,96.4
2002-12-09,1.08,1.16,6.87,93.13
2002-12-10,1.09,1.17,7.15,92.85
2002-12-11,1.11,1.14,2.95,97.05
2002-12-12,1.12,1.12,0.23,99.77
2002-12-13,1.11,1.07,3.71,96.29
2002-12-16,1.13,1.07,5.12,94.88
2002-12-17,1.12,1.12,0.48,99.52
2002-12-18,1.11,1.07,3.36,96.64
2002-12-19,1.08,1.07,1.54,98.46
2002-12-20,1.1,1.01,7.75,92.25
2002-12-23,1.11,1.07,3.97,96.03
2002-12-24,1.09,1.07,2.39,97.61
2002-12-26,1.01,0.93,8.08,91.92
2002-12-27,0.94,0.92,2.69,97.31
2002-12-30,0.96,0.9,6.55,93.45
2002-12-31,0.94,0.88,6.4,93.6
2003-01-02,0.98,0.9,8.07,91.93
2003-01-03,1.03,0.98,4.05,95.95
2003-01-06,1.03,0.98,4.88,95.12
2003-01-07,1.08,1.01,6.11,93.89
2003-01-08,1.05,0.99,5.79,94.21
2003-01-09,1.07,1.03,3.86,96.14
2003-01-10,1.07,1.06,0.13,99.87
2003-01-13,1.1,1.07,2.51,97.49
2003-01-14,1.14,1.08,5.25,94.75
2003-01-15,1.11,1.08,3.26,96.74
2003-01-16,1.09,1.12,2.47,97.53
2003-01-17,1.07,1.17,9.14,90.86
2003-01-21,1.05,1.12,6.31,93.69
2003-01-22,1.06,1.16,9.7,90.3
2003-01-23,1.09,1.16,6.58,93.42
2003-01-24,1.11,1.12,1.36,98.64
2003-01-27,1.09,1.08,0.52,99.48
2003-01-28,1.08,1.04,3.72,96.28
2003-01-29,1.1,1.08,1.87,98.13
2003-01-30,1.09,1.04,4.33,95.67
2003-01-31,1.09,1.08,1.4,98.6
2003-02-03,1.11,1.07,3.04,96.96
2003-02-04,1.1,1.02,7.15,92.85
2003-02-05,1.11,1.07,3.64,96.36
2003-02-06,1.1,1.08,2.47,97.53
2003-02-07,1.07,1.07,0.21,99.79
2003-02-10,1.07,1.08,0.68,99.32
2003-02-11,1.04,1.05,0.6,99.4
2003-02-12,1.06,1.02,3.1,96.9
2003-02-13,1.0,0.92,8.52,91.48
2003-02-14,1.0,0.93,6.98,93.02
2003-02-18,1.07,1.06,0.46,99.54
2003-02-19,1.06,0.99,6.54,93.46
2003-02-20,1.07,1.05,2.13,97.87
2003-02-21,1.09,1.07,1.85,98.15
2003-02-24,1.09,1.06,2.24,97.76
2003-02-25,1.09,1.07,2.36,97.64
2003-02-26,1.08,1.05,3.4,96.6
2003-02-27,1.08,1.05,3.31,96.69
2003-02-28,1.1,1.11,0.45,99.55
2003-03-03,1.09,1.08,1.21,98.79
2003-03-04,1.11,1.16,4.28,95.72
2003-03-05,1.12,1.12,0.26,99.74
2003-03-06,1.13,1.21,7.02,92.98
2003-03-07,1.15,1.21,5.71,94.29
2003-03-10,1.14,1.18,3.41,96.59
2003-03-11,1.14,1.16,2.2,97.8
2003-03-12,1.17,1.31,11.99,88.01
2003-03-13,1.22,1.31,7.13,92.87
2003-03-14,1.24,1.31,6.39,93.61
2003-03-17,1.33,1.31,0.99,99.01
2003-03-18,1.34,1.35,1.05,98.95
2003-03-19,1.33,1.25,6.0,94.0
2003-03-20,1.37,1.35,1.42,98.58
2003-03-21,1.4,1.35,3.11,96.89
2003-03-24,1.31,1.39,6.05,93.95
2003-03-25,1.35,1.42,5.22,94.78
2003-03-26,1.39,1.46,5.11,94.89
2003-03-27,1.39,1.42,1.92,98.08
2003-03-28,1.36,1.39,2.34,97.66
2003-03-31,1.3,1.37,5.19,94.81
2003-04-01,1.28,1.33,3.87,96.13
2003-04-02,1.32,1.32,0.44,99.56
2003-04-03,1.33,1.32,0.58,99.42
2003-04-04,1.31,1.27,2.94,97.06
2003-04-07,1.34,1.28,4.39,95.61
2003-04-08,1.33,1.28,3.72,96.28
2003-04-09,1.25,1.18,5.68,94.32
2003-04-10,1.28,1.23,4.49,95.51
2003-04-11,1.29,1.27,1.17,98.83
2003-04-14,1.25,1.23,2.12,97.88
2003-04-15,1.26,1.18,5.95,94.05
2003-04-16,1.22,1.14,6.41,93.59
2003-04-17,1.25,1.18,5.42,94.58
2003-04-21,1.26,1.25,0.75,99.25
2003-04-22,1.28,1.28,0.25,99.75
2003-04-23,1.27,1.23,3.14,96.86
2003-04-24,1.26,1.23,2.4,97.6
2003-04-25,1.45,1.33,8.06,91.94
2003-04-28,1.46,1.42,2.63,97.37
2003-04-29,1.44,1.38,4.21,95.79
2003-04-30,1.43,1.48,3.15,96.85
2003-05-01,1.43,1.46,2.2,97.8
2003-05-02,1.47,1.48,0.55,99.45
2003-05-05,1.5,1.51,0.86,99.14
2003-05-06,1.54,1.51,2.15,97.85
2003-05-07,1.53,1.56,1.63,98.37
2003-05-08,1.52,1.55,2.04,97.96
2003-05-09,1.55,1.55,0.36,99.64
2003-05-12,1.59,1.71,7.64,92.36
2003-05-13,1.65,1.71,3.55,96.45
2003-05-14,1.63,1.71,4.67,95.33
2003-05-15,1.63,1.7,4.18,95.82
2003-05-16,1.65,1.7,2.85,97.15
2003-05-19,1.58,1.65,4.77,95.23
2003-05-20,1.57,1.65,5.04,94.96
2003-05-21,1.59,1.67,5.1,94.9
2003-05-22,1.65,1.67,1.12,98.88
2003-05-23,1.64,1.65,0.66,99.34
2003-05-27,1.74,1.67,4.25,95.75
2003-05-28,1.74,1.67,4.27,95.73
2003-05-29,1.78,1.69,4.76,95.24
2003-05-30,1.79,1.86,3.8,96.2
2003-06-02,1.77,1.84,3.86,96.14
2003-06-03,1.76,1.8,1.93,98.07
2003-06-04,1.77,1.82,3.03,96.97
2003-06-05,1.78,1.82,2.65,97.35
2003-06-06,1.67,1.73,3.73,96.27
2003-06-09,1.68,1.78,5.46,94.54
2003-06-10,1.7,1.8,5.4,94.6
2003-06-11,1.73,1.82,4.85,95.15
2003-06-12,1.76,1.78,1.1,98.9
2003-06-13,1.71,1.77,3.85,96.15
2003-06-16,1.79,1.76,1.51,98.49
2003-06-17,1.79,1.77,1.13,98.87
2003-06-18,1.79,1.74,2.73,97.27
2003-06-19,1.77,1.73,2.48,97.52
2003-06-20,1.75,1.73,1.2,98.8
2003-06-23,1.78,1.74,1.99,98.01
2003-06-24,1.77,1.74,1.66,98.34
2003-06-25,1.77,1.74,1.94,98.06
2003-06-26,1.84,1.86,1.28,98.72
2003-06-27,1.82,1.84,1.62,98.38
2003-06-30,1.82,1.84,1.2,98.8
2003-07-01,1.86,1.92,2.96,97.04
2003-07-02,1.89,1.92,1.68,98.32
2003-07-03,1.9,1.97,3.93,96.07
2003-07-07,1.95,1.96,0.58,99.42
2003-07-08,2.03,2.01,0.91,99.09
2003-07-09,2.03,2.01,0.88,99.12
2003-07-10,1.91,1.93,1.07,98.93
2003-07-11,1.88,1.89,0.58,99.42
2003-07-14,1.96,1.96,0.14,99.86
2003-07-15,1.92,1.89,1.46,98.54
2003-07-16,1.88,1.88,0.41,99.59
2003-07-17,1.82,1.81,0.08,99.92
2003-07-18,1.75,1.8,2.64,97.36
2003-07-21,1.77,1.81,2.72,97.28
2003-07-22,1.74,1.77,1.41,98.59
2003-07-23,2.01,1.87,6.62,93.38
2003-07-24,2.07,1.88,9.16,90.84
2003-07-25,2.08,1.83,11.85,88.15
2003-07-28,2.1,1.95,7.2,92.8
2003-07-29,2.07,1.95,5.66,94.34
2003-07-30,2.03,2.0,1.56,98.44
2003-07-31,2.08,2.04,1.81,98.19
2003-08-01,2.0,1.98,1.0,99.0
2003-08-04,1.98,1.98,0.05,99.95
2003-08-05,1.93,2.04,5.67,94.33
2003-08-06,1.95,2.09,7.45,92.55
2003-08-07,1.95,2.15,10.17,89.83
2003-08-08,1.96,2.06,5.44,94.56
2003-08-11,1.95,2.11,8.32,91.68
2003-08-12,1.99,1.97,1.01,98.99
2003-08-13,2.01,1.93,4.1,95.9
2003-08-14,2.02,1.93,4.32,95.68
2003-08-15,2.01,1.88,6.32,93.68
2003-08-18,2.15,2.03,5.6,94.4
2003-08-19,2.18,2.11,3.21,96.79
2003-08-20,2.19,2.04,6.56,93.44
2003-08-21,2.29,2.29,0.27,99.73
2003-08-22,2.26,2.29,1.34,98.66
2003-08-25,2.29,2.23,2.7,97.3
2003-08-26,2.3,2.25,2.0,98.0
2003-08-27,2.29,2.37,3.36,96.64
2003-08-28,2.3,2.43,5.9,94.1
2003-08-29,2.32,2.47,6.7,93.3
2003-09-02,2.37,2.47,4.42,95.58
2003-09-03,2.31,2.43,5.05,94.95
2003-09-04,2.36,2.43,2.6,97.4
2003-09-05,2.33,2.43,4.3,95.7
2003-09-08,2.36,2.39,1.31,98.69
2003-09-09,2.33,2.37,1.68,98.32
2003-09-10,2.31,2.31,0.06,99.94
2003-09-11,2.26,2.17,4.14,95.86
2003-09-12,2.28,2.21,3.29,96.71
2003-09-15,2.28,2.17,4.82,95.18
2003-09-16,2.31,2.21,4.46,95.54
2003-09-17,2.31,2.21,4.3,95.7
2003-09-18,2.39,2.49,3.82,96.18
2003-09-19,2.38,2.47,3.63,96.37
2003-09-22,2.37,2.4,0.98,99.02
2003-09-23,2.52,2.57,1.92,98.08
2003-09-24,2.48,2.49,0.46,99.54
2003-09-25,2.5,2.5,0.0,100.0
2003-09-26,2.43,2.47,1.53,98.47
2003-09-29,2.49,2.5,0.41,99.59
2003-09-30,2.42,2.49,2.66,97.34
2003-10-01,2.46,2.56,4.4,95.6
2003-10-02,2.5,2.56,2.37,97.63
2003-10-03,2.64,2.59,2.22,97.78
2003-10-06,2.71,2.59,4.5,95.5
2003-10-07,2.75,2.74,0.32,99.68
2003-10-08,2.79,2.76,0.75,99.25
2003-10-09,2.89,2.8,3.37,96.63
2003-10-10,2.9,2.8,3.71,96.29
2003-10-13,2.91,2.78,4.57,95.43
2003-10-14,3.0,2.98,0.44,99.56
2003-10-15,2.93,2.95,0.81,99.19
2003-10-16,3.0,2.98,0.44,99.56
2003-10-17,2.98,2.98,0.07,99.93
2003-10-20,2.98,2.99,0.31,99.69
2003-10-21,2.97,3.23,8.81,91.19
2003-10-22,2.7,2.86,5.78,94.22
2003-10-23,2.72,2.75,1.37,98.63
2003-10-24,2.73,2.73,0.12,99.88
2003-10-27,2.74,2.72,0.64,99.36
2003-10-28,2.84,2.75,2.94,97.06
2003-10-29,2.83,2.66,6.24,93.76
2003-10-30,2.79,2.64,5.57,94.43
2003-10-31,2.72,2.58,5.34,94.66
2003-11-03,2.84,2.86,0.83,99.17
2003-11-04,2.84,2.91,2.27,97.73
2003-11-05,2.84,2.86,0.83,99.17
2003-11-06,2.75,2.82,2.43,97.57
2003-11-07,2.72,2.58,5.13,94.87
2003-11-10,2.6,2.52,3.13,96.87
2003-11-11,2.61,2.64,0.94,99.06
2003-11-12,2.71,2.72,0.62,99.38
2003-11-13,2.74,2.73,0.41,99.59
2003-11-14,2.62,2.64,0.52,99.48
2003-11-17,2.52,2.52,0.01,99.99
2003-11-18,2.42,2.52,3.83,96.17
2003-11-19,2.48,2.57,3.63,96.37
2003-11-20,2.44,2.57,5.07,94.93
2003-11-21,2.43,2.31,4.96,95.04
2003-11-24,2.57,2.38,7.29,92.71
2003-11-25,2.62,2.42,7.62,92.38
2003-11-26,2.65,2.47,6.7,93.3
2003-11-28,2.7,2.72,0.92,99.08
2003-12-01,2.73,2.84,3.92,96.08
2003-12-02,2.7,2.75,2.1,97.9
2003-12-03,2.58,2.64,2.35,97.65
2003-12-04,2.59,2.64,1.78,98.22
2003-12-05,2.58,2.68,3.84,96.16
2003-12-08,2.55,2.57,0.48,99.52
2003-12-09,2.47,2.57,4.02,95.98
2003-12-10,2.46,2.52,2.59,97.41
2003-12-11,2.54,2.62,3.12,96.88
2003-12-12,2.55,2.62,2.74,97.26
2003-12-15,2.52,2.49,1.21,98.79
2003-12-16,2.47,2.38,3.86,96.14
2003-12-17,2.38,2.33,2.03,97.97
2003-12-18,2.44,2.33,4.38,95.62
2003-12-19,2.46,2.33,5.33,94.67
2003-12-22,2.49,2.38,4.62,95.38
2003-12-23,2.62,2.53,3.47,96.53
2003-12-24,2.67,2.6,2.53,97.47
2003-12-26,2.67,2.62,2.03,97.97
2003-12-29,2.67,2.62,2.03,97.97
2003-12-30,2.64,2.68,1.31,98.69
2003-12-31,2.63,2.65,0.82,99.18
2004-01-02,2.6,2.57,0.95,99.05
2004-01-05,2.66,2.62,1.66,98.34
2004-01-06,2.65,2.63,0.99,99.01
2004-01-07,2.6,2.62,0.84,99.16
2004-01-08,2.51,2.63,4.51,95.49
2004-01-09,2.58,2.63,2.08,97.92
2004-01-12,2.65,2.65,0.19,99.81
2004-01-13,2.75,2.75,0.13,99.87
2004-01-14,2.79,2.87,2.83,97.17
2004-01-15,2.81,2.87,2.01,97.99
2004-01-16,2.79,2.84,1.92,98.08
2004-01-20,2.83,2.87,1.23,98.77
2004-01-21,2.81,2.87,2.09,97.91
2004-01-22,2.86,2.93,2.47,97.53
2004-01-23,2.86,2.95,3.35,96.65
2004-01-26,2.85,2.93,2.74,97.26
2004-01-27,2.79,2.86,2.53,97.47
2004-01-28,2.6,2.73,5.03,94.97
2004-01-29,2.46,2.68,8.78,91.22
2004-01-30,2.52,2.68,6.23,93.77
2004-02-02,2.41,2.57,6.34,93.66
2004-02-03,2.25,2.31,2.74,97.26
2004-02-04,2.27,2.31,1.72,98.28
2004-02-05,2.3,2.31,0.28,99.72
2004-02-06,2.32,2.31,0.39,99.61
2004-02-09,2.29,2.31,0.68,99.32
2004-02-10,2.28,2.31,1.27,98.73
2004-02-11,2.36,2.31,2.06,97.94
2004-02-12,2.35,2.31,1.89,98.11
2004-02-13,2.32,2.18,6.2,93.8
2004-02-17,2.28,2.18,4.45,95.55
2004-02-18,2.24,2.18,3.04,96.96
2004-02-19,2.23,2.25,0.61,99.39
2004-02-20,2.26,2.2,2.7,97.3
2004-02-23,2.2,2.2,0.05,99.95
2004-02-24,2.12,2.25,6.15,93.85
2004-02-25,2.15,2.25,4.62,95.38
2004-02-26,2.18,2.25,2.91,97.09
2004-02-27,2.15,2.25,4.45,95.55
2004-03-01,2.15,2.25,4.54,95.46
2004-03-02,2.1,2.06,2.15,97.85
2004-03-03,2.16,2.01,7.03,92.97
2004-03-04,2.22,2.07,6.75,93.25
2004-03-05,2.2,2.04,7.56,92.44
2004-03-08,2.17,2.04,6.3,93.7
2004-03-09,2.14,2.04,4.57,95.43
2004-03-10,2.08,1.99,4.03,95.97
2004-03-11,2.06,1.99,3.4,96.6
2004-03-12,2.12,2.06,2.76,97.24
2004-03-15,2.05,2.07,0.54,99.46
2004-03-16,2.11,2.08,1.05,98.95
2004-03-17,2.14,2.08,2.59,97.41
2004-03-18,2.15,2.12,1.21,98.79
2004-03-19,2.14,2.09,2.4,97.6
2004-03-22,2.04,2.07,1.11,98.89
2004-03-23,2.01,1.99,0.88,99.12
2004-03-24,1.98,1.95,1.83,98.17
2004-03-25,2.1,2.04,2.66,97.34
2004-03-26,2.09,2.03,2.76,97.24
2004-03-29,2.14,2.09,2.05,97.95
2004-03-30,2.19,2.21,1.09,98.91
2004-03-31,2.16,2.21,2.3,97.7
2004-04-01,2.24,2.21,1.04,98.96
2004-04-02,2.3,2.3,0.27,99.73
2004-04-05,2.35,2.32,1.27,98.73
2004-04-06,2.32,2.27,2.42,97.58
2004-04-07,2.29,2.3,0.38,99.62
2004-04-08,2.4,2.37,1.32,98.68
2004-04-12,2.4,2.42,0.89,99.11
2004-04-13,2.33,2.39,2.83,97.17
2004-04-14,2.34,2.41,3.12,96.88
2004-04-15,2.35,2.39,1.93,98.07
2004-04-16,2.28,2.35,3.38,96.62
2004-04-19,2.36,2.56,8.85,91.15
2004-04-20,2.26,2.4,6.18,93.82
2004-04-21,2.29,2.49,8.75,91.25
2004-04-22,2.44,2.5,2.33,97.67
2004-04-23,2.31,2.4,3.55,96.45
2004-04-26,2.36,2.34,1.16,98.84
2004-04-27,2.4,2.34,2.58,97.42
2004-04-28,2.35,2.4,2.18,97.82
2004-04-29,2.31,2.34,1.2,98.8
2004-04-30,2.18,2.29,5.05,94.95
2004-05-03,2.22,2.34,5.26,94.74
2004-05-04,2.2,2.32,5.38,94.62
2004-05-05,2.21,2.32,4.64,95.36
2004-05-06,2.16,2.15,0.49,99.51
2004-05-07,2.1,2.06,1.89,98.11
2004-05-10,2.06,2.1,1.76,98.24
2004-05-11,2.13,2.12,0.47,99.53
2004-05-12,2.15,1.95,9.57,90.43
2004-05-13,2.18,2.04,6.54,93.46
2004-05-14,2.15,1.99,7.37,92.63
2004-05-17,2.1,1.92,8.6,91.4
2004-05-18,2.1,1.95,7.35,92.65
2004-05-19,2.08,1.95,6.68,93.32
2004-05-20,2.05,1.99,2.69,97.31
2004-05-21,2.06,1.99,3.14,96.86
2004-05-24,2.08,1.99,4.21,95.79
2004-05-25,2.18,2.1,3.51,96.49
2004-05-26,2.23,2.21,0.93,99.07
2004-05-27,2.38,2.31,2.83,97.17
2004-05-28,2.42,2.36,2.49,97.51
2004-06-01,2.51,2.36,5.85,94.15
2004-06-02,2.52,2.36,6.07,93.93
2004-06-03,2.47,2.52,2.2,97.8
2004-06-04,2.55,2.56,0.31,99.69
2004-06-07,2.59,2.62,1.36,98.64
2004-06-08,2.6,2.62,1.01,98.99
2004-06-09,2.51,2.62,4.17,95.83
2004-06-10,2.5,2.62,4.8,95.2
2004-06-14,2.46,2.61,5.99,94.01
2004-06-15,2.51,2.61,4.17,95.83
2004-06-16,2.53,2.59,2.26,97.74
2004-06-17,2.49,2.57,3.3,96.7
2004-06-18,2.48,2.49,0.24,99.76
2004-06-21,2.49,2.47,0.93,99.07
2004-06-22,2.45,2.34,4.6,95.4
2004-06-23,2.54,2.4,5.54,94.46
2004-06-24,2.55,2.62,2.68,97.32
2004-06-25,2.59,2.53,2.2,97.8
2004-06-28,2.67,2.62,1.88,98.12
2004-06-29,2.69,2.62,2.47,97.53
2004-06-30,2.72,2.72,0.04,99.96
2004-07-01,2.63,2.63,0.2,99.8
2004-07-02,2.63,2.7,2.58,97.42
2004-07-06,2.56,2.6,1.43,98.57
2004-07-07,2.55,2.53,0.67,99.33
2004-07-08,2.47,2.52,1.97,98.03
2004-07-09,2.42,2.47,2.26,97.74
2004-07-12,2.45,2.49,1.53,98.47
2004-07-13,2.48,2.53,2.13,97.87
2004-07-14,2.47,2.47,0.18,99.82
2004-07-15,2.43,2.42,0.41,99.59
2004-07-16,2.36,2.33,1.03,98.97
2004-07-19,2.3,2.31,0.33,99.67
2004-07-20,2.35,2.31,1.74,98.26
2004-07-21,2.24,2.12,5.36,94.64
2004-07-22,2.29,2.18,5.05,94.95
2004-07-23,2.0,2.11,5.71,94.29
2004-07-26,1.94,2.05,5.81,94.19
2004-07-27,1.96,2.08,6.61,93.39
2004-07-28,1.9,1.89,0.24,99.76
2004-07-29,1.93,1.89,1.82,98.18
2004-07-30,1.95,1.92,1.18,98.82
2004-08-02,1.91,1.92,0.42,99.58
2004-08-03,1.88,1.86,1.04,98.96
2004-08-04,1.86,1.86,0.26,99.74
2004-08-05,1.78,1.84,3.61,96.39
2004-08-06,1.77,1.91,7.46,92.54
2004-08-09,1.77,1.75,0.89,99.11
2004-08-10,1.86,1.78,4.13,95.87
2004-08-11,1.83,1.78,2.72,97.28
2004-08-12,1.81,1.8,0.77,99.23
2004-08-13,1.81,1.85,2.36,97.64
2004-08-16,1.9,1.92,1.21,98.79
2004-08-17,1.91,1.95,1.99,98.01
2004-08-18,1.97,1.95,0.79,99.21
2004-08-19,1.93,1.94,0.61,99.39
2004-08-20,1.98,1.98,0.26,99.74
2004-08-23,1.97,2.0,1.46,98.54
2004-08-24,1.95,2.0,2.5,97.5
2004-08-25,2.02,2.13,5.72,94.28
2004-08-26,2.01,2.13,6.01,93.99
2004-08-27,2.0,2.13,6.78,93.22
2004-08-30,1.92,2.03,5.82,94.18
2004-08-31,1.91,2.03,6.48,93.52
2004-09-01,1.91,2.04,6.52,93.48
2004-09-02,1.96,2.11,7.63,92.37
2004-09-03,1.94,1.98,2.3,97.7
2004-09-07,1.93,1.98,2.91,97.09
2004-09-08,1.9,1.93,1.45,98.55
2004-09-09,1.9,1.97,3.44,96.56
2004-09-10,1.93,1.93,0.02,99.98
2004-09-13,2.0,1.98,0.95,99.05
2004-09-14,2.13,2.12,0.87,99.13
2004-09-15,2.11,2.0,5.2,94.8
2004-09-16,2.13,2.02,5.32,94.68
2004-09-17,2.15,2.08,3.2,96.8
2004-09-20,2.16,2.13,1.44,98.56
2004-09-21,2.16,2.23,3.11,96.89
2004-09-22,2.07,2.21,6.72,93.28
2004-09-23,2.09,2.15,2.67,97.33
2004-09-24,2.05,2.14,4.35,95.65
2004-09-27,2.0,2.13,6.51,93.49
2004-09-28,1.97,2.13,7.86,92.14
2004-09-29,2.04,2.14,4.61,95.39
2004-09-30,2.04,2.13,4.26,95.74
2004-10-01,2.02,2.08,2.84,97.16
2004-10-04,2.05,2.02,1.4,98.6
2004-10-05,2.05,2.03,1.0,99.0
2004-10-06,2.07,2.03,1.96,98.04
2004-10-07,2.06,2.02,1.73,98.27
2004-10-08,2.0,1.8,10.01,89.99
2004-10-11,2.01,1.98,1.48,98.52
2004-10-12,2.01,1.93,4.13,95.87
2004-10-13,2.0,1.88,6.04,93.96
2004-10-14,1.96,1.88,3.93,96.07
2004-10-15,1.93,1.92,0.27,99.73
2004-10-18,1.96,1.97,0.46,99.54
2004-10-19,1.92,1.83,4.53,95.47
2004-10-20,1.92,1.83,4.58,95.42
2004-10-21,1.97,1.93,2.3,97.7
2004-10-22,1.73,1.78,2.79,97.21
2004-10-25,1.7,1.78,4.7,95.3
2004-10-26,1.69,1.72,1.46,98.54
2004-10-27,1.71,1.65,3.41,96.59
2004-10-28,1.72,1.65,4.03,95.97
2004-10-29,1.71,1.65,3.13,96.87
2004-11-01,1.75,1.68,4.54,95.46
2004-11-02,1.81,1.72,4.86,95.14
2004-11-03,1.8,1.72,4.01,95.99
2004-11-04,1.85,1.8,2.72,97.28
2004-11-05,1.83,1.77,3.28,96.72
2004-11-08,1.87,1.81,2.75,97.25
2004-11-09,1.87,1.81,2.96,97.04
2004-11-10,1.9,1.8,5.74,94.26
2004-11-11,1.94,2.04,5.28,94.72
2004-11-12,2.02,2.01,0.47,99.53
2004-11-15,2.04,2.01,1.52,98.48
2004-11-16,2.0,2.13,6.43,93.57
2004-11-17,2.0,2.13,6.88,93.12
2004-11-18,2.02,2.16,7.08,92.92
2004-11-19,1.93,2.11,9.39,90.61
2004-11-22,1.9,2.03,6.73,93.27
2004-11-23,1.92,2.04,6.73,93.27
2004-11-24,1.94,2.03,4.76,95.24
2004-11-26,1.95,2.05,4.77,95.23
2004-11-29,1.95,2.03,4.29,95.71
2004-11-30,1.98,2.04,3.04,96.96
2004-12-01,2.0,2.04,1.88,98.12
2004-12-02,2.01,2.03,1.1,98.9
2004-12-03,2.0,1.97,1.78,98.22
2004-12-06,1.97,1.92,2.64,97.36
2004-12-07,1.91,1.88,1.66,98.34
2004-12-08,1.94,1.93,0.41,99.59
2004-12-09,1.99,1.97,1.11,98.89
2004-12-10,1.95,1.98,1.49,98.51
2004-12-13,1.99,2.04,2.66,97.34
2004-12-14,2.02,2.05,1.28,98.72
2004-12-15,2.05,2.06,0.62,99.38
2004-12-16,2.0,2.01,0.36,99.64
2004-12-17,2.0,2.03,1.33,98.67
2004-12-20,1.95,1.97,1.1,98.9
2004-12-21,1.97,1.97,0.03,99.97
2004-12-22,1.98,1.97,0.36,99.64
2004-12-23,1.95,1.95,0.16,99.84
2004-12-27,2.11,2.04,3.59,96.41
2004-12-28,2.23,2.1,5.84,94.16
2004-12-29,2.24,2.1,6.24,93.76
2004-12-30,2.25,2.2,2.13,97.87
2004-12-31,2.21,2.23,0.74,99.26
2005-01-03,2.23,2.26,1.53,98.47
2005-01-04,2.11,2.16,2.36,97.64
2005-01-05,2.09,2.11,1.1,98.9
2005-01-06,2.05,2.11,2.87,97.13
2005-01-07,2.12,2.16,2.09,97.91
2005-01-10,2.09,2.17,3.55,96.45
2005-01-11,2.08,2.16,3.76,96.24
2005-01-12,2.12,2.22,5.01,94.99
2005-01-13,2.13,2.24,5.12,94.88
2005-01-14,2.23,2.18,2.12,97.88
2005-01-18,2.23,2.12,4.76,95.24
2005-01-19,2.2,2.1,4.26,95.74
2005-01-20,2.12,2.04,3.78,96.22
2005-01-21,2.06,1.98,3.9,96.1
2005-01-24,2.02,1.98,2.04,97.96
2005-01-25,2.05,2.05,0.1,99.9
2005-01-26,2.07,2.07,0.07,99.93
2005-01-27,2.12,2.14,1.14,98.86
2005-01-28,2.11,2.1,0.38,99.62
2005-01-31,2.16,2.16,0.19,99.81
2005-02-01,2.12,2.08,2.02,97.98
2005-02-02,2.09,2.13,1.71,98.29
2005-02-03,1.79,1.93,7.92,92.08
2005-02-04,1.79,1.88,5.14,94.86
2005-02-07,1.78,1.78,0.35,99.65
2005-02-08,1.82,1.78,2.02,97.98
2005-02-09,1.79,1.78,0.9,99.1
2005-02-10,1.79,1.8,0.64,99.36
2005-02-11,1.79,1.83,2.27,97.73
2005-02-14,1.8,1.83,1.56,98.44
2005-02-15,1.81,1.81,0.02,99.98
2005-02-16,1.78,1.81,1.37,98.63
2005-02-17,1.78,1.68,5.73,94.27
2005-02-18,1.77,1.63,7.95,92.05
2005-02-22,1.74,1.63,6.39,93.61
2005-02-23,1.71,1.63,4.8,95.2
2005-02-24,1.73,1.75,1.07,98.93
2005-02-25,1.75,1.77,1.39,98.61
2005-02-28,1.76,1.8,2.06,97.94
2005-03-01,1.77,1.77,0.08,99.92
2005-03-02,1.77,1.8,1.14,98.86
2005-03-03,1.78,1.81,1.57,98.43
2005-03-04,1.79,1.82,1.34,98.66
2005-03-07,1.82,1.82,0.19,99.81
2005-03-08,1.79,1.81,0.86,99.14
2005-03-09,1.77,1.79,1.34,98.66
2005-03-10,1.75,1.75,0.42,99.58
2005-03-11,1.74,1.77,2.12,97.88
2005-03-14,1.73,1.8,3.89,96.11
2005-03-15,1.71,1.8,5.53,94.47
2005-03-16,1.69,1.75,3.17,96.83
2005-03-17,1.7,1.7,0.27,99.73
2005-03-18,1.71,1.7,0.29,99.71
2005-03-21,1.68,1.6,5.0,95.0
2005-03-22,1.66,1.58,4.84,95.16
2005-03-23,1.66,1.58,4.93,95.07
2005-03-24,1.64,1.52,7.84,92.16
2005-03-28,1.67,1.52,9.25,90.75
2005-03-29,1.67,1.58,5.64,94.36
2005-03-30,1.72,1.68,1.84,98.16
2005-03-31,1.71,1.69,1.37,98.63
2005-04-01,1.7,1.69,0.62,99.38
2005-04-04,1.75,1.74,0.37,99.63
2005-04-05,1.76,1.79,1.43,98.57
2005-04-06,1.74,1.78,2.43,97.57
2005-04-07,1.75,1.78,2.19,97.81
2005-04-08,1.73,1.74,0.55,99.45
2005-04-11,1.73,1.78,2.84,97.16
2005-04-12,1.73,1.84,6.03,93.97
2005-04-13,1.72,1.79,4.3,95.7
2005-04-14,1.7,1.8,5.81,94.19
2005-04-15,1.65,1.73,4.6,95.4
2005-04-18,1.65,1.73,4.66,95.34
2005-04-19,1.64,1.64,0.17,99.83
2005-04-20,1.66,1.67,0.66,99.34
2005-04-21,1.69,1.72,1.98,98.02
2005-04-22,1.65,1.59,3.85,96.15
2005-04-25,1.68,1.63,2.81,97.19
2005-04-26,1.64,1.59,2.88,97.12
2005-04-27,1.59,1.57,0.82,99.18
2005-04-28,1.63,1.59,2.43,97.57
2005-04-29,1.62,1.59,1.94,98.06
2005-05-02,1.65,1.63,1.47,98.53
2005-05-03,1.66,1.64,1.46,98.54
2005-05-04,1.7,1.69,0.65,99.35
2005-05-05,1.7,1.77,4.37,95.63
2005-05-06,1.73,1.77,2.78,97.22
2005-05-09,1.73,1.78,2.73,97.27
2005-05-10,1.71,1.77,3.55,96.45
2005-05-11,1.69,1.73,2.29,97.71
2005-05-12,1.69,1.77,4.51,95.49
2005-05-13,1.7,1.73,2.22,97.78
2005-05-16,1.73,1.82,5.19,94.81
2005-05-17,1.74,1.87,7.66,92.34
2005-05-18,1.77,1.88,6.56,93.44
2005-05-19,1.78,1.88,5.78,94.22
2005-05-20,1.77,1.88,6.04,93.96
2005-05-23,1.78,1.88,5.51,94.49
2005-05-24,1.78,1.86,4.64,95.36
2005-05-25,1.76,1.84,4.27,95.73
2005-05-26,1.77,1.8,1.58,98.42
2005-05-27,1.77,1.8,1.25,98.75
2005-05-31,1.78,1.86,4.73,95.27
2005-06-01,1.83,1.9,3.95,96.05
2005-06-02,1.82,1.89,3.86,96.14
2005-06-03,1.78,1.84,3.64,96.36
2005-06-06,1.79,1.9,6.27,93.73
2005-06-07,1.77,1.85,4.44,95.56
2005-06-08,1.74,1.77,1.89,98.11
2005-06-09,1.76,1.77,0.82,99.18
2005-06-10,1.75,1.71,2.06,97.94
2005-06-13,1.74,1.68,3.39,96.61
2005-06-14,1.75,1.71,2.31,97.69
2005-06-15,1.76,1.74,1.52,98.48
2005-06-16,1.78,1.8,1.38,98.62
2005-06-17,1.77,1.79,1.6,98.4
2005-06-20,1.78,1.81,1.23,98.77
2005-06-21,1.77,1.7,3.72,96.28
2005-06-22,1.76,1.7,3.29,96.71
2005-06-23,1.77,1.79,1.26,98.74
2005-06-24,1.75,1.75,0.22,99.78
2005-06-27,1.73,1.68,2.36,97.64
2005-06-28,1.69,1.64,2.68,97.32
2005-06-29,1.67,1.6,4.09,95.91
2005-06-30,1.65,1.6,3.33,96.67
2005-07-01,1.65,1.6,2.8,97.2
2005-07-05,1.7,1.69,0.82,99.18
2005-07-06,1.7,1.68,1.09,98.91
2005-07-07,1.7,1.64,3.4,96.6
2005-07-08,1.74,1.71,1.46,98.54
2005-07-11,1.78,1.74,2.49,97.51
2005-07-12,1.82,1.78,1.78,98.22
2005-07-13,1.83,1.78,2.32,97.68
2005-07-14,1.86,1.81,2.44,97.56
2005-07-15,1.86,1.92,3.24,96.76
2005-07-18,1.86,1.94,4.3,95.7
2005-07-19,1.91,1.98,3.59,96.41
2005-07-20,1.91,1.91,0.08,99.92
2005-07-21,1.9,2.02,6.23,93.77
2005-07-22,1.9,2.05,8.15,91.85
2005-07-25,1.9,2.05,8.15,91.85
2005-07-26,1.89,2.01,6.7,93.3
2005-07-27,2.18,2.05,5.97,94.03
2005-07-28,2.28,2.18,4.67,95.33
2005-07-29,2.26,2.13,5.45,94.55
2005-08-01,2.25,2.17,3.45,96.55
2005-08-02,2.33,2.12,8.75,91.25
2005-08-03,2.31,2.22,3.79,96.21
2005-08-04,2.27,2.31,1.68,98.32
2005-08-05,2.26,2.37,4.82,95.18
2005-08-08,2.28,2.37,3.92,96.08
2005-08-09,2.3,2.37,3.31,96.69
2005-08-10,2.24,2.39,7.01,92.99
2005-08-11,2.26,2.42,7.02,92.98
2005-08-12,2.21,2.39,8.37,91.63
2005-08-15,2.25,2.39,6.35,93.65
2005-08-16,2.21,2.21,0.21,99.79
2005-08-17,2.21,2.1,4.83,95.17
2005-08-18,2.19,2.12,2.81,97.19
2005-08-19,2.19,2.12,2.79,97.21
2005-08-22,2.19,2.01,8.31,91.69
2005-08-23,2.17,2.01,7.57,92.43
2005-08-24,2.12,2.01,5.28,94.72
2005-08-25,2.12,2.01,5.14,94.86
2005-08-26,2.12,1.98,6.33,93.67
2005-08-29,2.14,1.98,7.25,92.75
2005-08-30,2.12,2.01,5.55,94.45
2005-08-31,2.13,1.94,9.03,90.97
2005-09-01,2.09,2.01,4.08,95.92
2005-09-02,2.08,1.87,10.1,89.9
2005-09-06,2.18,2.07,5.31,94.69
2005-09-07,2.19,2.08,4.67,95.33
2005-09-08,2.15,2.07,3.86,96.14
2005-09-09,2.15,2.07,3.84,96.16
2005-09-12,2.22,2.13,4.38,95.62
2005-09-13,2.2,2.13,3.14,96.86
2005-09-14,2.15,2.13,1.28,98.72
2005-09-15,2.14,2.1,1.8,98.2
2005-09-16,2.14,2.1,2.0,98.0
2005-09-19,2.14,2.09,2.28,97.72
2005-09-20,2.09,2.08,0.43,99.57
2005-09-21,2.06,2.11,2.06,97.94
2005-09-22,2.1,2.09,0.47,99.53
2005-09-23,2.11,2.1,0.59,99.41
2005-09-26,2.17,2.08,3.81,96.19
2005-09-27,2.16,2.08,3.41,96.59
2005-09-28,2.17,2.1,3.29,96.71
2005-09-29,2.24,2.22,0.88,99.12
2005-09-30,2.27,2.19,3.18,96.82
2005-10-03,2.3,2.23,3.02,96.98
2005-10-04,2.25,2.22,1.19,98.81
2005-10-05,2.22,2.22,0.21,99.79
2005-10-06,2.2,2.21,0.6,99.4
2005-10-07,2.19,2.19,0.32,99.68
2005-10-10,2.19,2.23,1.81,98.19
2005-10-11,2.17,2.29,5.65,94.35
2005-10-12,2.13,2.19,2.89,97.11
2005-10-13,2.13,2.19,2.72,97.28
2005-10-14,2.19,2.19,0.03,99.97
2005-10-17,2.25,2.28,1.35,98.65
2005-10-18,2.23,2.28,1.92,98.08
2005-10-19,2.29,2.27,0.81,99.19
2005-10-20,2.25,2.2,2.26,97.74
2005-10-21,2.3,2.2,4.22,95.78
2005-10-24,2.35,2.3,1.93,98.07
2005-10-25,2.31,2.3,0.58,99.42
2005-10-26,1.99,2.06,3.41,96.59
2005-10-27,1.95,1.99,2.09,97.91
2005-10-28,1.95,1.96,0.88,99.12
2005-10-31,1.99,2.01,0.79,99.21
2005-11-01,2.02,2.08,2.84,97.16
2005-11-02,2.04,2.09,2.33,97.67
2005-11-03,2.08,2.05,1.47,98.53
2005-11-04,2.05,1.98,3.74,96.26
2005-11-07,2.07,2.02,2.3,97.7
2005-11-08,2.1,1.98,5.71,94.29
2005-11-09,2.07,2.04,1.49,98.51
2005-11-10,2.11,2.04,3.31,96.69
2005-11-11,2.13,1.98,7.32,92.68
2005-11-14,2.13,1.98,7.0,93.0
2005-11-15,2.22,2.4,8.05,91.95
2005-11-16,2.27,2.37,4.68,95.32
2005-11-17,2.34,2.37,1.45,98.55
2005-11-18,2.4,2.37,1.17,98.83
2005-11-21,2.4,2.34,2.4,97.6
2005-11-22,2.44,2.34,4.12,95.88
2005-11-23,2.41,2.34,3.17,96.83
2005-11-25,2.4,2.37,1.33,98.67
2005-11-28,2.42,2.43,0.62,99.38
2005-11-29,2.43,2.62,7.8,92.2
2005-11-30,2.42,2.62,8.26,91.74
2005-12-01,2.45,2.62,7.07,92.93
2005-12-02,2.45,2.62,6.94,93.06
2005-12-05,2.44,2.62,7.44,92.56
2005-12-06,2.46,2.62,6.25,93.75
2005-12-07,2.44,2.61,6.9,93.1
2005-12-08,2.42,2.52,4.21,95.79
2005-12-09,2.44,2.49,2.01,97.99
2005-12-12,2.45,2.49,1.57,98.43
2005-12-13,2.47,2.49,0.44,99.56
2005-12-14,2.47,2.52,1.93,98.07
2005-12-15,2.47,2.57,3.9,96.1
2005-12-16,2.46,2.49,1.28,98.72
2005-12-19,2.42,2.36,2.56,97.44
2005-12-20,2.41,2.36,2.09,97.91
2005-12-21,2.45,2.39,2.34,97.66
2005-12-22,2.46,2.4,2.61,97.39
2005-12-23,2.46,2.4,2.49,97.51
2005-12-27,2.43,2.33,4.12,95.88
2005-12-28,2.4,2.32,3.63,96.37
2005-12-29,2.4,2.36,1.79,98.21
2005-12-30,2.36,2.25,4.73,95.27
2006-01-03,2.38,2.25,5.59,94.41
2006-01-04,2.36,2.2,6.99,93.01
2006-01-05,2.38,2.25,5.73,94.27
2006-01-06,2.39,2.25,6.16,93.84
2006-01-09,2.35,2.25,4.58,95.42
2006-01-10,2.28,2.2,3.73,96.27
2006-01-11,2.25,2.2,2.18,97.82
2006-01-12,2.22,2.11,4.73,95.27
2006-01-13,2.22,2.12,4.59,95.41
2006-01-17,2.2,2.12,3.72,96.28
2006-01-18,2.22,2.18,1.84,98.16
2006-01-19,2.22,2.18,2.12,97.88
2006-01-20,2.2,2.18,0.94,99.06
2006-01-23,2.19,2.18,0.51,99.49
2006-01-24,2.2,2.18,1.17,98.83
2006-01-25,2.18,1.98,8.97,91.03
2006-01-26,2.23,2.01,10.18,89.82
2006-01-27,2.26,2.06,9.1,90.9
2006-01-30,2.25,2.06,8.57,91.43
2006-01-31,2.24,2.12,5.18,94.82
2006-02-01,2.2,2.12,3.37,96.63
2006-02-02,2.14,2.06,3.82,96.18
2006-02-03,1.92,1.92,0.34,99.66
2006-02-06,1.9,1.89,0.19,99.81
2006-02-07,1.88,1.89,0.95,99.05
2006-02-08,1.91,1.89,0.77,99.23
2006-02-09,1.9,1.88,1.14,98.86
2006-02-10,1.93,1.88,2.5,97.5
2006-02-13,1.89,1.91,0.74,99.26
2006-02-14,1.91,1.91,0.29,99.71
2006-02-15,1.96,1.91,2.86,97.14
2006-02-16,1.96,1.91,2.58,97.42
2006-02-17,1.96,1.81,7.76,92.24
2006-02-21,1.91,1.81,5.59,94.41
2006-02-22,1.94,1.81,6.64,93.36
2006-02-23,1.89,1.77,6.85,93.15
2006-02-24,1.92,2.01,4.77,95.23
2006-02-27,1.9,1.98,4.11,95.89
2006-02-28,1.87,1.97,5.4,94.6
2006-03-01,1.86,1.9,2.31,97.69
2006-03-02,1.84,1.9,2.98,97.02
2006-03-03,1.86,1.89,1.76,98.24
2006-03-06,1.84,1.9,3.03,96.97
2006-03-07,1.85,1.89,2.53,97.47
2006-03-08,1.84,1.78,3.38,96.62
2006-03-09,1.81,1.78,1.53,98.47
2006-03-10,1.81,1.65,8.72,91.28
2006-03-13,1.81,1.68,7.42,92.58
2006-03-14,1.85,1.72,6.59,93.41
2006-03-15,1.84,1.77,4.14,95.86
2006-03-16,1.84,1.68,8.88,91.12
2006-03-17,1.8,1.65,8.13,91.87
2006-03-20,1.81,1.72,4.83,95.17
2006-03-21,1.8,1.72,4.01,95.99
2006-03-22,1.8,1.77,1.77,98.23
2006-03-23,1.78,1.68,6.09,93.91
2006-03-24,1.77,1.55,12.83,87.17
2006-03-27,1.76,1.68,4.95,95.05
2006-03-28,1.78,1.72,3.39,96.61
2006-03-29,1.82,1.83,0.62,99.38
2006-03-30,1.83,1.86,1.2,98.8
2006-03-31,1.83,1.83,0.04,99.96
2006-04-03,1.81,1.77,2.16,97.84
2006-04-04,1.84,1.82,1.11,98.89
2006-04-05,1.87,1.86,0.62,99.38
2006-04-06,1.93,1.98,2.62,97.38
2006-04-07,1.85,1.86,0.48,99.52
2006-04-10,1.83,1.83,0.18,99.82
2006-04-11,1.8,1.82,1.18,98.82
2006-04-12,1.81,1.83,1.15,98.85
2006-04-13,1.83,1.88,2.47,97.53
2006-04-17,1.76,1.82,3.45,96.55
2006-04-18,1.81,1.83,0.73,99.27
2006-04-19,1.84,1.83,0.93,99.07
2006-04-20,1.82,1.81,0.13,99.87
2006-04-21,1.8,1.81,0.73,99.27
2006-04-24,1.79,1.81,1.4,98.6
2006-04-25,1.78,1.79,0.48,99.52
2006-04-26,1.79,1.77,0.88,99.12
2006-04-27,1.79,1.55,13.49,86.51
2006-04-28,1.76,1.71,2.82,97.18
2006-05-01,1.73,1.71,1.08,98.92
2006-05-02,1.72,1.71,0.47,99.53
2006-05-03,1.7,1.71,0.76,99.24
2006-05-04,1.72,1.71,0.73,99.27
2006-05-05,1.75,1.8,2.83,97.17
2006-05-08,1.73,1.71,1.36,98.64
2006-05-09,1.74,1.66,4.58,95.42
2006-05-10,1.71,1.66,2.68,97.32
2006-05-11,1.68,1.58,5.92,94.08
2006-05-12,1.64,1.58,3.62,96.38
2006-05-15,1.64,1.58,3.77,96.23
2006-05-16,1.64,1.58,3.71,96.29
2006-05-17,1.58,1.58,0.21,99.79
2006-05-18,1.63,1.64,0.6,99.4
2006-05-19,1.7,1.73,2.0,98.0
2006-05-22,1.74,1.74,0.12,99.88
2006-05-23,1.69,1.69,0.02,99.98
2006-05-24,1.76,1.7,3.56,96.44
2006-05-25,1.78,1.74,2.35,97.65
2006-05-26,1.8,1.78,1.35,98.65
2006-05-30,1.73,1.73,0.05,99.95
2006-05-31,1.73,1.74,0.52,99.48
2006-06-01,1.75,1.78,1.69,98.31
2006-06-02,1.74,1.78,2.56,97.44
2006-06-05,1.67,1.74,3.88,96.12
2006-06-06,1.67,1.74,4.13,95.87
2006-06-07,1.69,1.78,5.47,94.53
2006-06-08,1.68,1.74,3.7,96.3
2006-06-09,1.69,1.73,2.49,97.51
2006-06-12,1.68,1.69,0.36,99.64
2006-06-13,1.67,1.73,3.19,96.81
2006-06-14,1.68,1.64,2.84,97.16
2006-06-15,1.75,1.71,2.08,97.92
2006-06-16,1.75,1.69,3.67,96.33
2006-06-19,1.75,1.74,0.57,99.43
2006-06-20,1.77,1.78,0.52,99.48
2006-06-21,1.83,1.8,1.75,98.25
2006-06-22,1.82,1.8,0.99,99.01
2006-06-23,1.83,1.89,3.46,96.54
2006-06-26,1.84,1.89,2.84,97.16
2006-06-27,1.82,2.01,10.06,89.94
2006-06-28,1.84,1.97,7.39,92.61
2006-06-29,1.93,1.98,2.65,97.35
2006-06-30,1.93,1.98,2.22,97.78
2006-07-03,1.93,1.95,0.83,99.17
2006-07-05,1.86,1.98,6.49,93.51
2006-07-06,1.84,1.89,2.91,97.09
2006-07-07,1.81,1.88,3.92,96.08
2006-07-10,1.79,1.83,2.11,97.89
2006-07-11,1.78,1.82,2.32,97.68
2006-07-12,1.73,1.71,1.19,98.81
2006-07-13,1.69,1.71,1.44,98.56
2006-07-14,1.65,1.66,0.98,99.02
2006-07-17,1.68,1.71,1.62,98.38
2006-07-18,1.67,1.71,2.17,97.83
2006-07-19,1.72,1.69,1.85,98.15
2006-07-20,1.71,1.58,7.71,92.29
2006-07-21,1.66,1.58,4.96,95.04
2006-07-24,1.72,1.6,6.77,93.23
2006-07-25,1.68,1.6,4.77,95.23
2006-07-26,1.31,1.51,15.38,84.62
2006-07-27,1.33,1.53,15.53,84.47
2006-07-28,1.36,1.53,12.64,87.36
2006-07-31,1.34,1.36,1.18,98.82
2006-08-01,1.32,1.36,3.37,96.63
2006-08-02,1.3,1.36,4.28,95.72
2006-08-03,1.33,1.42,6.3,93.7
2006-08-04,1.36,1.42,3.96,96.04
2006-08-07,1.34,1.36,1.64,98.36
2006-08-08,1.32,1.4,6.46,93.54
2006-08-09,1.31,1.4,7.07,92.93
2006-08-10,1.32,1.4,5.94,94.06
2006-08-11,1.3,1.4,7.64,92.36
2006-08-14,1.33,1.4,5.78,94.22
2006-08-15,1.39,1.46,5.01,94.99
2006-08-16,1.4,1.46,4.33,95.67
2006-08-17,1.45,1.42,2.33,97.67
2006-08-18,1.46,1.6,10.16,89.84
2006-08-21,1.41,1.56,11.15,88.85
2006-08-22,1.42,1.6,13.08,86.92
2006-08-23,1.41,1.42,0.59,99.41
2006-08-24,1.4,1.4,0.26,99.74
2006-08-25,1.4,1.42,0.98,99.02
2006-08-28,1.45,1.48,2.36,97.64
2006-08-29,1.48,1.63,10.15,89.85
2006-08-30,1.53,1.65,7.6,92.4
2006-08-31,1.54,1.66,7.49,92.51
2006-09-01,1.59,1.66,4.34,95.66
2006-09-05,1.61,1.66,2.82,97.18
2006-09-06,1.54,1.6,4.16,95.84
2006-09-07,1.49,1.52,2.26,97.74
2006-09-08,1.53,1.56,2.24,97.76
2006-09-11,1.54,1.6,4.19,95.81
2006-09-12,1.59,1.61,1.55,98.45
2006-09-13,1.58,1.67,5.37,94.63
2006-09-14,1.58,1.67,5.43,94.57
2006-09-15,1.63,1.67,2.61,97.39
2006-09-18,1.6,1.65,3.07,96.93
2006-09-19,1.58,1.6,1.59,98.41
2006-09-20,1.61,1.6,0.22,99.78
2006-09-21,1.51,1.55,2.59,97.41
2006-09-22,1.54,1.49,3.5,96.5
2006-09-25,1.59,1.51,5.17,94.83
2006-09-26,1.62,1.56,4.02,95.98
2006-09-27,1.62,1.65,1.87,98.13
2006-09-28,1.59,1.6,0.66,99.34
2006-09-29,1.61,1.6,0.22,99.78
2006-10-02,1.54,1.53,0.82,99.18
2006-10-03,1.59,1.56,1.59,98.41
2006-10-04,1.64,1.59,2.87,97.13
2006-10-05,1.67,1.56,6.19,93.81
2006-10-06,1.63,1.56,4.09,95.91
2006-10-09,1.67,1.6,3.99,96.01
2006-10-10,1.63,1.56,4.18,95.82
2006-10-11,1.65,1.63,1.21,98.79
2006-10-12,1.68,1.8,7.03,92.97
2006-10-13,1.67,1.77,6.38,93.62
2006-10-16,1.63,1.73,6.12,93.88
2006-10-17,1.62,1.73,6.54,93.46
2006-10-18,1.62,1.73,7.25,92.75
2006-10-19,1.63,1.73,6.49,93.51
2006-10-20,1.63,1.78,9.05,90.95
2006-10-23,1.64,1.77,7.8,92.2
2006-10-24,1.68,1.77,5.4,94.6
2006-10-25,1.88,1.84,2.42,97.58
2006-10-26,1.91,1.83,4.61,95.39
2006-10-27,1.91,1.88,1.64,98.36
2006-10-30,1.91,1.86,2.67,97.33
2006-10-31,1.9,1.86,2.08,97.92
2006-11-01,1.88,1.88,0.08,99.92
2006-11-02,1.87,1.96,4.87,95.13
2006-11-03,1.87,2.0,6.76,93.24
2006-11-06,1.91,2.01,5.0,95.0
2006-11-07,1.94,1.94,0.03,99.97
2006-11-08,1.97,1.98,0.11,99.89
2006-11-09,1.94,2.04,4.85,95.15
2006-11-10,1.96,2.04,3.73,96.27
2006-11-13,2.0,2.04,1.84,98.16
2006-11-14,2.08,2.04,1.89,98.11
2006-11-15,2.13,2.04,4.4,95.6
2006-11-16,2.14,2.16,0.91,99.09
2006-11-17,2.13,2.13,0.22,99.78
2006-11-20,2.12,2.13,0.48,99.52
2006-11-21,2.13,2.16,1.62,98.38
2006-11-22,2.15,2.17,0.92,99.08
2006-11-24,2.12,2.16,1.93,98.07
2006-11-27,2.04,2.11,3.23,96.77
2006-11-28,2.05,2.11,2.93,97.07
2006-11-29,2.03,2.03,0.05,99.95
2006-11-30,2.02,2.03,0.67,99.33
2006-12-01,1.97,1.98,0.41,99.59
2006-12-04,1.96,1.95,0.28,99.72
2006-12-05,1.95,1.83,6.13,93.87
2006-12-06,1.95,1.75,10.01,89.99
2006-12-07,1.91,1.75,8.17,91.83
2006-12-08,1.92,1.75,8.98,91.02
2006-12-11,1.93,1.81,6.57,93.43
2006-12-12,1.92,1.75,8.98,91.02
2006-12-13,1.92,1.75,9.08,90.92
2006-12-14,1.95,1.81,7.36,92.64
2006-12-15,2.0,1.93,3.62,96.38
2006-12-18,1.96,1.88,4.32,95.68
2006-12-19,1.97,1.92,2.47,97.53
2006-12-20,2.0,1.94,3.03,96.97
2006-12-21,1.99,1.95,2.11,97.89
2006-12-22,2.01,2.01,0.23,99.77
2006-12-26,1.99,2.03,2.04,97.96
2006-12-27,2.01,2.04,1.48,98.52
2006-12-28,2.01,2.13,5.96,94.04
2006-12-29,1.97,2.03,2.91,97.09
2007-01-03,1.93,1.98,2.25,97.75
2007-01-04,1.95,1.98,1.88,98.12
2007-01-05,1.92,1.97,2.85,97.15
2007-01-08,1.88,1.92,2.53,97.47
2007-01-09,1.89,1.85,2.11,97.89
2007-01-10,1.86,1.85,0.45,99.55
2007-01-11,1.87,1.85,1.12,98.88
2007-01-12,1.91,1.85,3.19,96.81
2007-01-16,1.93,1.9,1.76,98.24
2007-01-17,1.89,1.85,2.37,97.63
2007-01-18,1.85,1.85,0.01,99.99
2007-01-19,1.85,1.78,3.93,96.07
2007-01-22,1.85,1.78,3.74,96.26
2007-01-23,1.82,1.68,8.03,91.97
2007-01-24,1.86,1.77,5.1,94.9
2007-01-25,1.85,1.72,7.01,92.99
2007-01-26,1.84,1.77,4.04,95.96
2007-01-29,1.87,1.82,2.81,97.19
2007-01-30,1.85,1.8,3.09,96.91
2007-01-31,1.88,1.83,2.98,97.02
2007-02-01,1.93,1.88,3.04,96.96
2007-02-02,1.87,1.8,3.97,96.03
2007-02-05,1.86,1.77,4.84,95.16
2007-02-06,1.91,1.83,4.51,95.49
2007-02-07,1.95,1.89,3.02,96.98
2007-02-08,1.96,1.89,3.15,96.85
2007-02-09,1.94,2.01,3.69,96.31
2007-02-12,1.94,2.08,7.05,92.95
2007-02-13,1.97,2.05,4.19,95.81
2007-02-14,2.01,2.12,5.38,94.62
2007-02-15,2.0,2.13,6.35,93.65
2007-02-16,2.02,2.12,4.89,95.11
2007-02-20,2.08,2.15,3.81,96.19
2007-02-21,2.06,2.13,3.26,96.74
2007-02-22,2.05,2.11,2.85,97.15
2007-02-23,2.04,2.2,7.81,92.19
2007-02-26,2.04,2.16,5.74,94.26
2007-02-27,1.94,1.98,2.06,97.94
2007-02-28,1.96,1.98,1.1,98.9
2007-03-01,1.94,1.97,1.36,98.64
2007-03-02,1.88,1.93,2.31,97.69
2007-03-05,1.85,1.89,2.2,97.8
2007-03-06,1.93,1.94,0.56,99.44
2007-03-07,1.92,1.89,1.29,98.71
2007-03-08,1.9,1.89,0.62,99.38
2007-03-09,1.94,1.9,2.22,97.78
2007-03-12,1.94,1.85,4.71,95.29
2007-03-13,1.89,1.8,4.79,95.21
2007-03-14,1.9,1.88,1.35,98.65
2007-03-15,1.89,1.88,0.57,99.43
2007-03-16,1.89,1.88,0.75,99.25
2007-03-19,1.92,1.97,2.41,97.59
2007-03-20,1.93,1.97,2.07,97.93
2007-03-21,1.99,2.01,0.99,99.01
2007-03-22,1.97,2.04,3.54,96.46
2007-03-23,1.95,2.05,5.07,94.93
2007-03-26,1.95,1.98,1.59,98.41
2007-03-27,1.97,2.03,3.15,96.85
2007-03-28,1.97,2.04,3.54,96.46
2007-03-29,1.99,2.03,2.01,97.99
2007-03-30,1.99,2.03,2.06,97.94
2007-04-02,2.02,2.15,6.61,93.39
2007-04-03,2.06,2.16,4.95,95.05
2007-04-04,2.08,2.16,4.09,95.91
2007-04-05,2.08,2.16,3.71,96.29
2007-04-09,2.08,2.16,3.76,96.24
2007-04-10,2.09,2.16,3.27,96.73
2007-04-11,2.08,2.13,2.22,97.78
2007-04-12,2.11,2.16,2.27,97.73
2007-04-13,2.12,2.31,8.74,91.26
2007-04-16,2.26,2.31,2.03,97.97
2007-04-17,2.25,2.34,3.67,96.33
2007-04-18,2.25,2.34,3.86,96.14
2007-04-19,2.23,2.3,2.94,97.06
2007-04-20,2.25,2.3,2.23,97.77
2007-04-23,2.24,2.37,5.92,94.08
2007-04-24,2.24,2.36,5.68,94.32
2007-04-25,2.84,2.41,15.17,84.83
2007-04-26,3.14,2.65,15.72,84.28
2007-04-27,3.13,2.62,16.4,83.6
2007-04-30,3.07,2.54,17.17,82.83
2007-05-01,3.1,2.84,8.43,91.57
2007-05-02,3.06,2.8,8.41,91.59
2007-05-03,3.11,3.11,0.13,99.87
2007-05-04,3.16,3.3,4.4,95.6
2007-05-07,3.04,3.41,12.02,87.98
2007-05-08,3.09,3.41,10.19,89.81
2007-05-09,3.14,3.41,8.4,91.6
2007-05-10,3.05,3.4,11.61,88.39
2007-05-11,3.08,3.36,9.05,90.95
2007-05-14,3.09,3.41,10.42,89.58
2007-05-15,3.03,3.15,4.03,95.97
2007-05-16,3.16,3.04,3.81,96.19
2007-05-17,3.11,3.02,2.77,97.23
2007-05-18,3.16,3.13,1.09,98.91
2007-05-21,3.41,3.24,5.09,94.91
2007-05-22,3.44,3.21,6.65,93.35
2007-05-23,3.45,2.97,13.97,86.03
2007-05-24,3.47,3.28,5.44,94.56
2007-05-25,3.43,3.3,3.71,96.29
2007-05-29,3.48,3.54,1.7,98.3
2007-05-30,3.49,3.61,3.41,96.59
2007-05-31,3.46,3.64,5.19,94.81
2007-06-01,3.43,3.61,5.34,94.66
2007-06-04,3.52,3.74,6.28,93.72
2007-06-05,3.68,3.8,3.14,96.86
2007-06-06,3.61,3.77,4.21,95.79
2007-06-07,3.6,3.69,2.32,97.68
2007-06-08,3.66,3.69,0.64,99.36
2007-06-11,3.56,3.51,1.32,98.68
2007-06-12,3.5,3.43,2.17,97.83
2007-06-13,3.54,3.49,1.45,98.55
2007-06-14,3.6,3.65,1.55,98.45
2007-06-15,3.62,3.71,2.42,97.58
2007-06-18,3.59,3.65,1.71,98.29
2007-06-19,3.49,3.54,1.32,98.68
2007-06-20,3.45,3.54,2.37,97.63
2007-06-21,3.48,3.57,2.39,97.61
2007-06-22,3.44,3.47,0.81,99.19
2007-06-25,3.43,3.3,3.81,96.19
2007-06-26,3.37,3.06,9.3,90.7
2007-06-27,3.41,3.24,4.95,95.05
2007-06-28,3.44,3.24,5.99,94.01
2007-06-29,3.42,3.24,5.33,94.67
2007-07-02,3.48,3.38,2.95,97.05
2007-07-03,3.47,3.35,3.55,96.45
2007-07-05,3.44,3.24,5.77,94.23
2007-07-06,3.45,3.24,6.09,93.91
2007-07-09,3.6,3.43,4.82,95.18
2007-07-10,3.51,3.45,1.7,98.3
2007-07-11,3.54,3.6,1.78,98.22
2007-07-12,3.64,3.65,0.28,99.72
2007-07-13,3.76,3.74,0.31,99.69
2007-07-16,3.68,3.72,1.01,98.99
2007-07-17,3.69,3.74,1.46,98.54
2007-07-18,3.67,3.72,1.52,98.48
2007-07-19,3.67,3.72,1.47,98.53
2007-07-20,3.58,3.76,4.85,95.15
2007-07-23,3.59,3.72,3.58,96.42
2007-07-24,3.46,3.6,3.94,96.06
2007-07-25,4.31,3.91,9.15,90.85
2007-07-26,4.2,3.89,7.38,92.62
2007-07-27,4.2,3.88,7.78,92.22
2007-07-30,4.14,3.89,5.92,94.08
2007-07-31,3.93,3.8,3.32,96.68
2007-08-01,3.87,3.86,0.17,99.83
2007-08-02,3.99,3.89,2.27,97.73
2007-08-03,3.84,3.81,0.73,99.27
2007-08-06,3.95,3.9,1.31,98.69
2007-08-07,3.96,4.09,3.24,96.76
2007-08-08,3.89,4.06,4.51,95.49
2007-08-09,3.71,3.81,2.88,97.12
2007-08-10,3.74,3.81,1.96,98.04
2007-08-13,3.74,3.9,4.14,95.86
2007-08-14,3.67,3.53,4.0,96.0
2007-08-15,3.62,3.53,2.59,97.41
2007-08-16,3.64,3.53,3.13,96.87
2007-08-17,3.75,3.56,5.09,94.91
2007-08-20,3.73,3.6,3.5,96.5
2007-08-21,3.87,3.75,3.18,96.82
2007-08-22,3.92,3.7,5.74,94.26
2007-08-23,3.87,3.75,2.94,97.06
2007-08-24,3.96,3.75,5.33,94.67
2007-08-27,3.93,3.73,5.06,94.94
2007-08-28,3.81,3.7,2.92,97.08
2007-08-29,3.95,4.11,3.91,96.09
2007-08-30,3.93,4.1,4.11,95.89
2007-08-31,4.0,4.1,2.71,97.29
2007-09-04,4.14,4.23,2.19,97.81
2007-09-05,4.19,4.25,1.49,98.51
2007-09-06,4.31,4.26,1.24,98.76
2007-09-07,4.23,4.29,1.49,98.51
2007-09-10,4.17,4.27,2.57,97.43
2007-09-11,4.31,4.27,0.93,99.07
2007-09-12,4.36,4.27,2.09,97.91
2007-09-13,4.36,4.29,1.69,98.31
2007-09-14,4.39,4.29,2.26,97.74
2007-09-17,4.35,4.27,1.65,98.35
2007-09-18,4.44,4.32,2.64,97.36
2007-09-19,4.45,4.36,2.09,97.91
2007-09-20,4.48,4.61,2.82,97.18
2007-09-21,4.57,4.61,0.97,99.03
2007-09-24,4.63,4.61,0.44,99.56
2007-09-25,4.67,4.61,1.39,98.61
2007-09-26,4.67,4.58,2.0,98.0
2007-09-27,4.67,4.61,1.28,98.72
2007-09-28,4.66,4.75,2.03,97.97
2007-10-01,4.67,4.82,3.18,96.82
2007-10-02,4.62,4.81,4.06,95.94
2007-10-03,4.62,4.81,3.95,96.05
2007-10-04,4.61,4.78,3.65,96.35
2007-10-05,4.67,4.81,3.02,96.98
2007-10-08,4.79,4.82,0.55,99.45
2007-10-09,4.77,4.81,0.98,99.02
2007-10-10,4.73,4.78,1.02,98.98
2007-10-11,4.47,4.44,0.66,99.34
2007-10-12,4.62,4.52,2.03,97.97
2007-10-15,4.53,4.44,1.97,98.03
2007-10-16,4.48,4.38,2.1,97.9
2007-10-17,4.53,4.44,1.99,98.01
2007-10-18,4.49,4.44,1.23,98.77
2007-10-19,4.49,4.38,2.35,97.65
2007-10-22,4.56,4.48,1.89,98.11
2007-10-23,5.04,4.74,6.0,94.0
2007-10-24,4.44,4.48,0.94,99.06
2007-10-25,4.41,4.45,0.89,99.11
2007-10-26,4.5,4.44,1.39,98.61
2007-10-29,4.51,4.45,1.23,98.77
2007-10-30,4.41,4.44,0.57,99.43
2007-10-31,4.46,4.52,1.51,98.49
2007-11-01,4.38,4.44,1.25,98.75
2007-11-02,4.3,4.45,3.5,96.5
2007-11-05,4.22,4.44,5.19,94.81
2007-11-06,4.36,4.46,2.19,97.81
2007-11-07,4.35,4.48,2.9,97.1
2007-11-08,4.18,4.44,6.18,93.82
2007-11-09,3.94,4.14,4.84,95.16
2007-11-12,3.85,3.95,2.54,97.46
2007-11-13,3.99,4.14,3.56,96.44
2007-11-14,3.93,4.14,5.34,94.66
2007-11-15,3.89,4.06,4.42,95.58
2007-11-16,3.93,3.8,3.36,96.64
2007-11-19,3.96,3.85,2.84,97.16
2007-11-20,4.02,3.85,4.31,95.69
2007-11-21,3.99,3.85,3.55,96.45
2007-11-23,4.07,3.89,4.45,95.55
2007-11-26,4.07,3.96,2.65,97.35
2007-11-27,4.28,3.99,6.86,93.14
2007-11-28,4.51,4.13,8.57,91.43
2007-11-29,4.46,4.2,5.88,94.12
2007-11-30,4.53,4.58,1.1,98.9
2007-12-03,4.55,4.61,1.4,98.6
2007-12-04,4.72,4.61,2.36,97.64
2007-12-05,4.66,4.61,1.08,98.92
2007-12-06,4.71,4.62,2.02,97.98
2007-12-07,4.72,4.82,2.19,97.81
2007-12-10,4.65,4.81,3.47,96.53
2007-12-11,4.54,4.78,5.37,94.63
2007-12-12,4.56,4.78,4.76,95.24
2007-12-13,4.62,4.78,3.49,96.51
2007-12-14,4.45,4.76,6.86,93.14
2007-12-17,4.25,4.52,6.35,93.65
2007-12-18,4.34,4.44,2.14,97.86
2007-12-19,4.47,4.53,1.37,98.63
2007-12-20,4.53,4.53,0.02,99.98
2007-12-21,4.56,4.53,0.72,99.28
2007-12-24,4.55,4.44,2.49,97.51
2007-12-26,4.64,4.52,2.54,97.46
2007-12-27,4.71,4.53,3.87,96.13
2007-12-28,4.72,4.53,4.08,95.92
2007-12-31,4.63,4.52,2.32,97.68
2008-01-02,4.81,4.69,2.59,97.41
2008-01-03,4.76,4.64,2.51,97.49
2008-01-04,4.44,4.46,0.44,99.56
2008-01-07,4.44,4.52,1.88,98.12
2008-01-08,4.39,4.62,5.15,94.85
2008-01-09,4.26,4.48,5.1,94.9
2008-01-10,4.21,4.38,4.03,95.97
2008-01-11,4.05,4.29,5.82,94.18
2008-01-14,4.14,4.34,4.71,95.29
2008-01-15,4.01,4.09,1.86,98.14
2008-01-16,4.02,4.06,1.17,98.83
2008-01-17,4.01,4.06,1.46,98.54
2008-01-18,3.99,4.06,1.92,98.08
2008-01-22,3.92,4.06,3.58,96.42
2008-01-23,3.7,3.66,1.07,98.93
2008-01-24,3.88,3.74,3.71,96.29
2008-01-25,3.88,3.74,3.62,96.38
2008-01-28,3.79,3.74,1.36,98.64
2008-01-29,3.7,3.74,1.13,98.87
2008-01-30,3.71,3.74,0.78,99.22
2008-01-31,3.88,3.81,1.93,98.07
2008-02-01,3.73,3.7,0.9,99.1
2008-02-04,3.7,3.65,1.31,98.69
2008-02-05,3.6,3.63,0.83,99.17
2008-02-06,3.42,3.52,2.83,97.17
2008-02-07,3.55,3.75,5.68,94.32
2008-02-08,3.67,3.6,1.93,98.07
2008-02-11,3.76,3.68,2.11,97.89
2008-02-12,3.72,3.75,0.78,99.22
2008-02-13,3.89,3.75,3.47,96.53
2008-02-14,3.79,3.7,2.38,97.62
2008-02-15,3.65,3.68,0.89,99.11
2008-02-19,3.6,3.7,2.65,97.35
2008-02-20,3.68,3.75,1.74,98.26
2008-02-21,3.49,3.56,1.86,98.14
2008-02-22,3.6,3.7,2.65,97.35
2008-02-25,3.66,3.73,1.91,98.09
2008-02-26,3.58,3.75,4.51,95.49
2008-02-27,3.54,3.66,3.39,96.61
2008-02-28,3.39,3.57,5.17,94.83
2008-02-29,3.22,3.45,6.95,93.05
2008-03-03,3.12,3.25,4.18,95.82
2008-03-04,3.27,3.3,1.03,98.97
2008-03-05,3.25,3.23,0.61,99.39
2008-03-06,3.14,3.23,2.96,97.04
2008-03-07,3.2,3.24,1.06,98.94
2008-03-10,3.17,3.24,2.12,97.88
2008-03-11,3.36,3.28,2.16,97.84
2008-03-12,3.33,3.32,0.08,99.92
2008-03-13,3.42,3.31,3.09,96.91
2008-03-14,3.41,3.28,3.7,96.3
2008-03-17,3.33,3.28,1.25,98.75
2008-03-18,3.59,3.4,5.07,94.93
2008-03-19,3.51,3.43,2.31,97.69
2008-03-20,3.66,3.66,0.01,99.99
2008-03-24,3.8,3.74,1.43,98.57
2008-03-25,3.76,3.73,0.81,99.19
2008-03-26,3.69,3.72,0.86,99.14
2008-03-27,3.54,3.7,4.53,95.47
2008-03-28,3.49,3.76,7.86,92.14
2008-03-31,3.57,3.79,6.26,93.74
2008-04-01,3.84,3.83,0.03,99.97
2008-04-02,3.87,3.84,0.72,99.28
2008-04-03,3.75,3.76,0.4,99.6
2008-04-04,3.84,3.92,2.0,98.0
2008-04-07,3.85,3.98,3.54,96.46
2008-04-08,3.87,3.91,1.14,98.86
2008-04-09,3.72,3.86,3.84,96.16
2008-04-10,3.74,3.78,0.92,99.08
2008-04-11,3.6,3.66,1.65,98.35
2008-04-14,3.63,3.68,1.37,98.63
2008-04-15,3.63,3.7,2.06,97.94
2008-04-16,3.73,3.86,3.56,96.44
2008-04-17,3.7,3.86,4.33,95.67
2008-04-18,4.01,3.98,0.6,99.4
2008-04-21,4.01,3.86,3.66,96.34
2008-04-22,3.98,3.73,6.3,93.7
2008-04-23,4.05,3.98,1.7,98.3
2008-04-24,3.88,3.78,2.8,97.2
2008-04-25,4.04,3.75,7.25,92.75
2008-04-28,4.1,3.94,3.95,96.05
2008-04-29,4.04,4.11,1.74,98.26
2008-04-30,3.93,4.05,2.99,97.01
2008-05-01,3.97,4.17,5.03,94.97
2008-05-02,3.87,4.09,5.68,94.32
2008-05-05,3.8,4.08,7.53,92.47
2008-05-06,3.79,4.0,5.64,94.36
2008-05-07,3.66,3.92,7.21,92.79
2008-05-08,3.64,3.6,1.19,98.81
2008-05-09,3.62,3.55,2.01,97.99
2008-05-12,3.73,3.6,3.28,96.72
2008-05-13,3.73,3.56,4.51,95.49
2008-05-14,3.71,3.6,2.85,97.15
2008-05-15,3.81,3.56,6.46,93.54
2008-05-16,3.82,3.56,6.88,93.12
2008-05-19,4.11,3.78,8.23,91.77
2008-05-20,4.04,4.03,0.19,99.81
2008-05-21,3.91,3.89,0.73,99.27
2008-05-22,3.96,3.96,0.01,99.99
2008-05-23,3.92,4.04,3.03,96.97
2008-05-27,4.03,4.1,1.61,98.39
2008-05-28,4.0,4.17,4.09,95.91
2008-05-29,4.02,4.17,3.9,96.1
2008-05-30,4.08,4.23,3.55,96.45
2008-06-02,4.01,4.16,3.69,96.31
2008-06-03,4.01,4.14,3.44,96.56
2008-06-04,4.07,4.21,3.33,96.67
2008-06-05,4.23,4.27,1.15,98.85
2008-06-06,4.03,4.15,2.9,97.1
2008-06-09,3.97,3.95,0.66,99.34
2008-06-10,3.98,3.99,0.13,99.87
2008-06-11,3.86,3.99,3.16,96.84
2008-06-12,3.81,3.88,1.95,98.05
2008-06-13,3.96,4.0,1.02,98.98
2008-06-16,4.09,4.06,0.56,99.44
2008-06-17,4.15,4.15,0.08,99.92
2008-06-18,4.13,4.06,1.54,98.46
2008-06-19,4.21,4.13,2.02,97.98
2008-06-20,4.05,4.06,0.18,99.82
2008-06-23,4.03,4.04,0.09,99.91
2008-06-24,3.98,3.99,0.1,99.9
2008-06-25,4.03,3.95,2.0,98.0
2008-06-26,3.82,3.89,1.98,98.02
2008-06-27,3.73,3.89,4.22,95.78
2008-06-30,3.67,3.75,2.19,97.81
2008-07-01,3.68,3.85,4.47,95.53
2008-07-02,3.57,3.79,6.13,93.87
2008-07-03,3.6,3.75,4.08,95.92
2008-07-07,3.62,3.68,1.42,98.58
2008-07-08,3.75,3.51,6.41,93.59
2008-07-09,3.53,3.49,1.17,98.83
2008-07-10,3.53,3.49,1.2,98.8
2008-07-11,3.43,3.49,1.82,98.18
2008-07-14,3.31,3.38,1.89,98.11
2008-07-15,3.35,3.38,0.75,99.25
2008-07-16,3.59,3.45,4.02,95.98
2008-07-17,3.61,3.55,1.64,98.36
2008-07-18,3.46,3.49,1.03,98.97
2008-07-21,3.42,3.34,2.32,97.68
2008-07-22,3.4,3.34,1.58,98.42
2008-07-23,3.53,3.44,2.46,97.54
2008-07-24,3.94,3.8,3.54,96.46
2008-07-25,3.92,3.75,4.23,95.77
2008-07-28,3.8,3.64,4.21,95.79
2008-07-29,3.91,3.8,2.71,97.29
2008-07-30,3.91,3.8,2.71,97.29
2008-07-31,3.82,3.92,2.71,97.29
2008-08-01,3.79,3.98,5.11,94.89
2008-08-04,3.79,3.98,5.16,94.84
2008-08-05,3.96,3.97,0.4,99.6
2008-08-06,3.9,3.95,1.05,98.95
2008-08-07,3.85,4.02,4.41,95.59
2008-08-08,4.03,4.04,0.33,99.67
2008-08-11,4.4,4.26,3.35,96.65
2008-08-12,4.36,4.19,3.96,96.04
2008-08-13,4.33,4.17,3.85,96.15
2008-08-14,4.4,4.24,3.72,96.28
2008-08-15,4.32,4.29,0.71,99.29
2008-08-18,4.16,4.15,0.17,99.83
2008-08-19,4.06,4.13,1.56,98.44
2008-08-20,4.11,4.2,2.17,97.83
2008-08-21,4.16,4.21,1.05,98.95
2008-08-22,4.26,4.27,0.1,99.9
2008-08-25,4.14,4.15,0.06,99.94
2008-08-26,4.09,4.15,1.4,98.6
2008-08-27,4.09,4.15,1.52,98.48
2008-08-28,4.17,4.13,1.03,98.97
2008-08-29,4.04,3.85,4.8,95.2
2008-09-02,4.07,3.85,5.51,94.49
2008-09-03,4.04,3.85,4.76,95.24
2008-09-04,3.9,3.73,4.31,95.69
2008-09-05,3.96,3.85,2.86,97.14
2008-09-08,4.06,3.97,2.25,97.75
2008-09-09,3.95,3.97,0.37,99.63
2008-09-10,3.84,3.86,0.62,99.38
2008-09-11,3.98,3.95,0.76,99.24
2008-09-12,3.91,3.81,2.68,97.32
2008-09-15,3.87,3.81,1.47,98.53
2008-09-16,3.94,3.91,0.7,99.3
2008-09-17,3.58,3.75,4.75,95.25
2008-09-18,3.83,3.79,0.89,99.11
2008-09-19,4.05,3.94,2.76,97.24
2008-09-22,3.75,3.85,2.64,97.36
2008-09-23,3.59,3.79,5.66,94.34
2008-09-24,3.5,3.79,8.37,91.63
2008-09-25,3.6,3.85,6.7,93.3
2008-09-26,3.54,3.56,0.71,99.29
2008-09-29,3.17,3.56,12.39,87.61
2008-09-30,3.64,3.7,1.7,98.3
2008-10-01,3.48,3.49,0.37,99.63
2008-10-02,3.37,3.49,3.67,96.33
2008-10-03,3.35,3.49,4.23,95.77
2008-10-06,3.26,3.3,1.2,98.8
2008-10-07,2.93,3.34,14.31,85.69
2008-10-08,3.05,3.3,8.18,91.82
2008-10-09,2.8,3.17,13.21,86.79
2008-10-10,2.81,3.19,13.5,86.5
2008-10-13,3.1,3.21,3.62,96.38
2008-10-14,2.79,2.89,3.36,96.64
2008-10-15,2.44,2.83,16.1,83.9
2008-10-16,2.51,2.88,14.41,85.59
2008-10-17,2.53,2.57,1.34,98.66
2008-10-20,2.65,2.52,4.94,95.06
2008-10-21,2.51,2.52,0.25,99.75
2008-10-22,2.5,2.52,0.73,99.27
2008-10-23,2.52,2.52,0.07,99.93
2008-10-24,2.45,2.52,2.85,97.15
2008-10-27,2.48,2.57,3.53,96.47
2008-10-28,2.8,2.66,5.15,94.85
2008-10-29,2.84,2.73,4.07,95.93
2008-10-30,2.84,2.73,3.76,96.24
2008-10-31,2.86,2.64,7.89,92.11
2008-11-03,2.79,2.72,2.34,97.66
2008-11-04,2.92,2.95,0.98,99.02
2008-11-05,2.6,2.75,5.93,94.07
2008-11-06,2.36,2.66,12.56,87.44
2008-11-07,2.46,2.66,8.01,91.99
2008-11-10,2.42,2.68,10.48,89.52
2008-11-11,2.32,2.66,14.8,85.2
2008-11-12,2.08,2.38,14.5,85.5
2008-11-13,2.25,2.47,9.97,90.03
2008-11-14,2.09,2.42,16.09,83.91
2008-11-17,1.98,2.31,16.33,83.67
2008-11-18,1.92,2.18,13.18,86.82
2008-11-19,1.79,2.11,17.96,82.04
2008-11-20,1.75,2.11,20.69,79.31
2008-11-21,1.89,1.92,1.56,98.44
2008-11-24,2.12,1.92,9.83,90.17
2008-11-25,2.11,1.96,6.86,93.14
2008-11-26,2.2,2.06,6.46,93.54
2008-11-28,2.13,2.01,5.91,94.09
2008-12-01,2.02,2.01,0.75,99.25
2008-12-02,2.06,2.06,0.19,99.81
2008-12-03,2.26,2.21,2.1,97.9
2008-12-04,2.37,2.15,9.24,90.76
2008-12-05,2.41,2.25,6.85,93.15
2008-12-08,2.57,2.33,9.22,90.78
2008-12-09,2.56,2.52,1.49,98.51
2008-12-10,2.48,2.61,5.03,94.97
2008-12-11,2.41,2.59,7.18,92.82
2008-12-12,2.56,2.59,0.91,99.09
2008-12-15,2.44,2.5,2.35,97.65
2008-12-16,2.63,2.62,0.6,99.4
2008-12-17,2.66,2.61,1.87,98.13
2008-12-18,2.6,2.62,0.45,99.55
2008-12-19,2.58,2.63,2.05,97.95
2008-12-22,2.49,2.61,4.7,95.3
2008-12-23,2.55,2.68,4.87,95.13
2008-12-24,2.57,2.65,3.13,96.87
2008-12-26,2.59,2.65,2.45,97.55
2008-12-29,2.47,2.47,0.02,99.98
2008-12-30,2.54,2.52,0.56,99.44
2008-12-31,2.56,2.53,1.21,98.79
2009-01-02,2.72,2.64,3.0,97.0
2009-01-05,2.7,2.62,3.1,96.9
2009-01-06,2.87,2.76,3.62,96.38
2009-01-07,2.81,2.65,5.69,94.31
2009-01-08,2.86,2.67,6.56,93.44
2009-01-09,2.78,2.84,2.31,97.69
2009-01-12,2.6,2.73,5.11,94.89
2009-01-13,2.57,2.57,0.25,99.75
2009-01-14,2.42,2.47,1.9,98.1
2009-01-15,2.57,2.54,1.18,98.82
2009-01-16,2.58,2.54,1.68,98.32
2009-01-20,2.42,2.49,2.81,97.19
2009-01-21,2.53,2.54,0.37,99.63
2009-01-22,2.5,2.49,0.28,99.72
2009-01-23,2.53,2.45,3.26,96.74
2009-01-26,2.48,2.45,1.31,98.69
2009-01-27,2.42,2.33,3.77,96.23
2009-01-28,2.52,2.38,5.51,94.49
2009-01-29,2.5,2.38,4.83,95.17
2009-01-30,2.94,2.63,10.51,89.49
2009-02-02,3.06,2.74,10.3,89.7
2009-02-03,3.18,2.95,7.18,92.82
2009-02-04,3.05,2.95,3.33,96.67
2009-02-05,3.16,2.95,6.58,93.42
2009-02-06,3.33,2.95,11.31,88.69
2009-02-09,3.34,2.98,10.59,89.41
2009-02-10,3.17,3.19,0.82,99.18
2009-02-11,3.22,3.26,1.41,98.59
2009-02-12,3.2,3.26,2.03,97.97
2009-02-13,3.16,3.26,3.16,96.84
2009-02-17,3.08,3.26,5.82,94.18
2009-02-18,3.12,3.26,4.66,95.34
2009-02-19,3.1,3.26,5.34,94.66
2009-02-20,3.19,3.17,0.74,99.26
2009-02-23,3.09,3.04,1.46,98.54
2009-02-24,3.28,3.06,6.56,93.44
2009-02-25,3.19,3.14,1.42,98.58
2009-02-26,3.12,3.0,3.8,96.2
2009-02-27,3.24,3.0,7.44,92.56
2009-03-02,3.1,2.93,5.4,94.6
2009-03-03,3.09,3.0,2.8,97.2
2009-03-04,3.24,3.36,3.71,96.29
2009-03-05,3.24,3.39,4.53,95.47
2009-03-06,3.08,3.31,7.28,92.72
2009-03-09,3.02,3.24,7.04,92.96
2009-03-10,3.29,3.38,2.86,97.14
2009-03-11,3.43,3.44,0.38,99.62
2009-03-12,3.48,3.4,2.27,97.73
2009-03-13,3.43,3.53,2.76,97.24
2009-03-16,3.35,3.39,1.08,98.92
2009-03-17,3.57,3.53,1.16,98.84
2009-03-18,3.56,3.59,0.78,99.22
2009-03-19,3.51,3.51,0.25,99.75
2009-03-20,3.5,3.63,3.85,96.15
2009-03-23,3.78,3.65,3.3,96.7
2009-03-24,3.64,3.57,1.88,98.12
2009-03-25,3.62,3.57,1.42,98.58
2009-03-26,3.68,3.65,0.82,99.18
2009-03-27,3.53,3.77,6.97,93.03
2009-03-30,3.57,3.7,3.58,96.42
2009-03-31,3.67,3.72,1.18,98.82
2009-04-01,3.67,3.72,1.1,98.9
2009-04-02,3.82,3.81,0.11,99.89
2009-04-03,3.91,3.74,4.23,95.77
2009-04-06,3.9,3.83,1.68,98.32
2009-04-07,3.78,3.72,1.6,98.4
2009-04-08,3.85,3.92,1.85,98.15
2009-04-09,3.99,3.99,0.02,99.98
2009-04-13,3.95,3.86,2.15,97.85
2009-04-14,3.86,3.86,0.03,99.97
2009-04-15,3.74,3.78,1.08,98.92
2009-04-16,3.86,3.86,0.01,99.99
2009-04-17,3.9,3.98,2.01,97.99
2009-04-20,3.88,3.92,1.08,98.92
2009-04-21,3.94,3.92,0.51,99.49
2009-04-22,3.96,3.92,1.0,99.0
2009-04-23,4.03,3.91,3.01,96.99
2009-04-24,4.22,4.12,2.39,97.61
2009-04-27,4.16,4.1,1.45,98.55
2009-04-28,4.12,4.17,1.16,98.84
2009-04-29,3.99,4.03,0.97,99.03
2009-04-30,4.03,3.96,1.57,98.43
2009-05-01,3.95,3.97,0.67,99.33
2009-05-04,3.99,4.06,1.91,98.09
2009-05-05,4.09,4.21,2.82,97.18
2009-05-06,4.1,4.21,2.61,97.39
2009-05-07,3.96,4.06,2.48,97.52
2009-05-08,3.9,3.97,1.97,98.03
2009-05-11,3.93,3.97,0.98,99.02
2009-05-12,3.9,3.92,0.67,99.33
2009-05-13,3.71,3.78,1.98,98.02
2009-05-14,3.76,3.71,1.15,98.85
2009-05-15,3.68,3.71,0.88,99.12
2009-05-18,3.8,3.75,1.33,98.67
2009-05-19,3.89,3.87,0.68,99.32
2009-05-20,3.9,3.87,0.81,99.19
2009-05-21,3.8,3.85,1.25,98.75
2009-05-22,3.78,3.79,0.24,99.76
2009-05-26,3.92,3.85,1.89,98.11
2009-05-27,3.86,3.79,1.66,98.34
2009-05-28,3.88,3.89,0.1,99.9
2009-05-29,3.9,3.94,0.99,99.01
2009-06-01,4.15,4.05,2.49,97.51
2009-06-02,4.25,4.12,2.9,97.1
2009-06-03,4.28,4.28,0.16,99.84
2009-06-04,4.28,4.25,0.54,99.46
2009-06-05,4.38,4.32,1.32,98.68
2009-06-08,4.32,4.31,0.26,99.74
2009-06-09,4.35,4.29,1.49,98.51
2009-06-10,4.33,4.29,0.93,99.07
2009-06-11,4.28,4.31,0.68,99.32
2009-06-12,4.2,4.29,2.02,97.98
2009-06-15,4.16,4.21,1.15,98.85
2009-06-16,4.11,4.22,2.81,97.19
2009-06-17,4.13,4.22,2.19,97.81
2009-06-18,4.08,4.15,1.62,98.38
2009-06-19,4.15,4.03,2.79,97.21
2009-06-22,3.96,3.85,2.81,97.19
2009-06-23,3.88,3.78,2.79,97.21
2009-06-24,3.96,3.85,2.95,97.05
2009-06-25,4.11,3.85,6.41,93.59
2009-06-26,4.19,3.97,5.42,94.58
2009-06-29,4.15,3.89,6.29,93.71
2009-06-30,4.18,3.95,5.69,94.31
2009-07-01,4.08,3.89,4.64,95.36
2009-07-02,3.97,3.89,1.9,98.1
2009-07-06,3.9,3.89,0.37,99.63
2009-07-07,3.78,3.85,1.72,98.28
2009-07-08,3.87,3.89,0.58,99.42
2009-07-09,3.9,3.95,1.03,98.97
2009-07-10,3.88,3.89,0.23,99.77
2009-07-13,4.07,4.1,0.64,99.36
2009-07-14,4.1,4.11,0.36,99.64
2009-07-15,4.23,4.2,0.76,99.24
2009-07-16,4.31,4.15,3.64,96.36
2009-07-17,4.29,4.06,5.36,94.64
2009-07-20,4.41,4.2,4.9,95.1
2009-07-21,4.45,4.2,5.55,94.45
2009-07-22,4.44,4.27,3.88,96.12
2009-07-23,4.69,4.61,1.8,98.2
2009-07-24,4.32,4.51,4.3,95.7
2009-07-27,4.21,4.54,7.67,92.33
2009-07-28,4.25,4.5,5.8,94.2
2009-07-29,4.22,4.48,6.34,93.66
2009-07-30,4.3,4.51,4.81,95.19
2009-07-31,4.29,4.44,3.48,96.52
2009-08-03,4.37,4.43,1.44,98.56
2009-08-04,4.29,4.35,1.42,98.58
2009-08-05,4.21,4.27,1.43,98.57
2009-08-06,4.22,4.27,1.22,98.78
2009-08-07,4.27,4.26,0.25,99.75
2009-08-10,4.22,4.18,1.01,98.99
2009-08-11,4.18,4.18,0.03,99.97
2009-08-12,4.3,4.14,3.79,96.21
2009-08-13,4.23,4.26,0.6,99.4
2009-08-14,4.18,4.27,2.29,97.71
2009-08-17,4.05,4.18,3.12,96.88
2009-08-18,4.11,4.26,3.64,96.36
2009-08-19,4.15,3.95,4.94,95.06
2009-08-20,4.2,3.97,5.66,94.34
2009-08-21,4.25,3.95,7.17,92.83
2009-08-24,4.22,4.27,1.18,98.82
2009-08-25,4.21,4.32,2.65,97.35
2009-08-26,4.2,4.02,4.29,95.71
2009-08-27,4.22,4.27,1.41,98.59
2009-08-28,4.14,3.97,4.14,95.86
2009-08-31,4.06,3.95,2.82,97.18
2009-09-01,3.96,3.73,5.67,94.33
2009-09-02,3.91,3.8,2.8,97.2
2009-09-03,3.92,3.85,1.95,98.05
2009-09-04,3.94,3.89,1.34,98.66
2009-09-08,4.05,3.97,1.94,98.06
2009-09-09,4.11,3.99,3.06,96.94
2009-09-10,4.19,4.03,3.82,96.18
2009-09-11,4.23,3.99,5.7,94.3
2009-09-14,4.19,3.99,4.94,95.06
2009-09-15,4.18,3.99,4.58,95.42
2009-09-16,4.53,4.27,5.9,94.1
2009-09-17,4.52,4.25,6.1,93.9
2009-09-18,4.51,4.56,1.08,98.92
2009-09-21,4.53,4.6,1.49,98.51
2009-09-22,4.69,4.62,1.54,98.46
2009-09-23,4.62,4.62,0.08,99.92
2009-09-24,4.61,4.61,0.08,99.92
2009-09-25,4.53,4.56,0.73,99.27
2009-09-28,4.61,4.76,3.3,96.7
2009-09-29,4.59,4.78,4.26,95.74
2009-09-30,4.67,4.78,2.43,97.57
2009-10-01,4.55,4.76,4.56,95.44
2009-10-02,4.49,4.7,4.59,95.41
2009-10-05,4.43,4.69,5.73,94.27
2009-10-06,4.55,4.53,0.34,99.66
2009-10-07,4.7,4.64,1.23,98.77
2009-10-08,4.76,4.69,1.54,98.46
2009-10-09,4.79,4.7,1.88,98.12
2009-10-12,4.68,4.52,3.32,96.68
2009-10-13,4.74,4.62,2.56,97.44
2009-10-14,4.87,4.7,3.64,96.36
2009-10-15,4.8,4.7,2.19,97.81
2009-10-16,4.77,4.91,3.12,96.88
2009-10-19,4.73,5.66,19.64,80.36
2009-10-20,4.75,5.58,17.51,82.49
2009-10-21,4.67,5.65,20.88,79.12
2009-10-22,4.67,5.67,21.28,78.72
2009-10-23,5.92,5.85,1.34,98.66
2009-10-26,6.23,5.85,6.21,93.79
2009-10-27,6.1,5.84,4.34,95.66
2009-10-28,6.08,5.84,4.0,96.0
2009-10-29,6.13,5.84,4.74,95.26
2009-10-30,5.94,5.97,0.41,99.59
2009-11-02,5.94,5.97,0.39,99.61
2009-11-03,5.92,6.19,4.53,95.47
2009-11-04,5.86,6.19,5.66,94.34
2009-11-05,6.03,6.43,6.68,93.32
2009-11-06,6.31,6.45,2.28,97.72
2009-11-09,6.33,6.5,2.58,97.42
2009-11-10,6.51,6.5,0.16,99.84
2009-11-11,6.5,6.5,0.02,99.98
2009-11-12,6.53,6.59,0.92,99.08
2009-11-13,6.65,6.63,0.3,99.7
2009-11-16,6.58,6.64,0.85,99.15
2009-11-17,6.56,6.64,1.11,98.89
2009-11-18,6.56,6.75,2.78,97.22
2009-11-19,6.45,6.72,4.18,95.82
2009-11-20,6.48,6.76,4.31,95.69
2009-11-23,6.65,6.81,2.35,97.65
2009-11-24,6.65,6.87,3.41,96.59
2009-11-25,6.7,6.87,2.57,97.43
2009-11-27,6.59,6.94,5.32,94.68
2009-11-30,6.8,6.96,2.41,97.59
2009-12-01,6.93,6.94,0.27,99.73
2009-12-02,7.11,6.97,1.98,98.02
2009-12-03,7.06,6.96,1.41,98.59
2009-12-04,6.88,6.69,2.76,97.24
2009-12-07,6.71,6.6,1.61,98.39
2009-12-08,6.71,6.8,1.38,98.62
2009-12-09,6.57,6.67,1.56,98.44
2009-12-10,6.77,6.82,0.73,99.27
2009-12-11,6.71,6.82,1.61,98.39
2009-12-14,6.57,6.62,0.72,99.28
2009-12-15,6.51,6.57,0.83,99.17
2009-12-16,6.42,6.52,1.66,98.34
2009-12-17,6.35,6.52,2.82,97.18
2009-12-18,6.42,6.47,0.71,99.29
2009-12-21,6.64,6.39,3.69,96.31
2009-12-22,6.69,6.3,5.85,94.15
2009-12-23,6.95,6.44,7.36,92.64
2009-12-24,6.92,6.58,4.99,95.01
2009-12-28,6.97,6.82,2.11,97.89
2009-12-29,6.97,6.82,2.18,97.82
2009-12-30,6.82,7.05,3.26,96.74
2009-12-31,6.73,6.88,2.27,97.73
2010-01-04,6.7,6.89,2.93,97.07
2010-01-05,6.73,7.05,4.64,95.36
2010-01-06,6.61,6.96,5.27,94.73
2010-01-07,6.5,6.96,7.09,92.91
2010-01-08,6.68,7.1,6.38,93.62
2010-01-11,6.52,6.73,3.33,96.67
2010-01-12,6.37,6.47,1.61,98.39
2010-01-13,6.46,6.39,0.94,99.06
2010-01-14,6.37,6.11,3.99,96.01
2010-01-15,6.36,6.11,3.83,96.17
2010-01-19,6.38,6.08,4.78,95.22
2010-01-20,6.29,5.96,5.31,94.69
2010-01-21,6.33,6.01,4.99,95.01
2010-01-22,6.07,5.96,1.92,98.08
2010-01-25,6.02,5.96,1.0,99.0
2010-01-26,5.97,5.96,0.32,99.68
2010-01-27,6.14,6.01,2.14,97.86
2010-01-28,6.3,6.12,2.93,97.07
2010-01-29,6.27,5.83,7.07,92.93
2010-02-01,5.94,5.78,2.78,97.22
2010-02-02,5.91,5.54,6.22,93.78
2010-02-03,5.95,5.52,7.27,92.73
2010-02-04,5.8,5.47,5.58,94.42
2010-02-05,5.87,5.77,1.73,98.27
2010-02-08,5.84,5.77,1.26,98.74
2010-02-09,5.9,5.95,0.76,99.24
2010-02-10,5.87,5.95,1.34,98.66
2010-02-11,6.0,6.09,1.36,98.64
2010-02-12,5.98,6.18,3.25,96.75
2010-02-16,5.88,6.09,3.57,96.43
2010-02-17,5.82,5.95,2.25,97.75
2010-02-18,5.9,5.81,1.54,98.46
2010-02-19,5.88,5.81,1.07,98.93
2010-02-22,5.9,5.77,2.14,97.86
2010-02-23,5.86,5.77,1.5,98.5
2010-02-24,5.99,5.89,1.6,98.4
2010-02-25,5.91,5.97,1.07,98.93
2010-02-26,5.92,5.89,0.5,99.5
2010-03-01,6.23,6.1,2.01,97.99
2010-03-02,6.28,6.1,2.89,97.11
2010-03-03,6.29,6.12,2.82,97.18
2010-03-04,6.43,6.24,2.98,97.02
2010-03-05,6.45,6.25,3.03,96.97
2010-03-08,6.51,6.47,0.5,99.5
2010-03-09,6.44,6.47,0.5,99.5
2010-03-10,6.53,6.53,0.08,99.92
2010-03-11,6.68,6.65,0.41,99.59
2010-03-12,6.59,6.65,0.92,99.08
2010-03-15,6.56,6.69,2.1,97.9
2010-03-16,6.59,6.8,3.19,96.81
2010-03-17,6.57,6.81,3.64,96.36
2010-03-18,6.64,6.87,3.55,96.45
2010-03-19,6.52,6.94,6.44,93.56
2010-03-22,6.52,6.75,3.43,96.57
2010-03-23,6.46,6.69,3.5,96.5
2010-03-24,6.4,6.52,1.85,98.15
2010-03-25,6.74,6.74,0.11,99.89
2010-03-26,6.75,6.58,2.55,97.45
2010-03-29,6.76,6.67,1.2,98.8
2010-03-30,6.83,6.65,2.6,97.4
2010-03-31,6.79,6.67,1.77,98.23
2010-04-01,6.59,6.67,1.18,98.82
2010-04-05,6.57,6.67,1.42,98.58
2010-04-06,6.78,6.82,0.6,99.4
2010-04-07,6.74,6.82,1.11,98.89
2010-04-08,7.05,6.89,2.22,97.78
2010-04-09,7.0,6.94,0.84,99.16
2010-04-12,7.06,6.94,1.64,98.36
2010-04-13,7.01,7.17,2.34,97.66
2010-04-14,7.21,7.22,0.15,99.85
2010-04-15,7.29,7.19,1.42,98.58
2010-04-16,7.11,7.1,0.1,99.9
2010-04-19,7.12,7.1,0.28,99.72
2010-04-20,7.21,7.1,1.5,98.5
2010-04-21,7.32,7.17,2.13,97.87
2010-04-22,7.5,7.23,3.64,96.36
2010-04-23,7.18,7.17,0.22,99.78
2010-04-26,7.36,7.59,3.24,96.76
2010-04-27,7.1,7.48,5.27,94.73
2010-04-28,6.97,7.27,4.38,95.62
2010-04-29,7.09,7.39,4.26,95.74
2010-04-30,6.86,6.77,1.18,98.82
2010-05-03,6.87,7.06,2.76,97.24
2010-05-04,6.49,6.92,6.67,93.33
2010-05-05,6.55,6.65,1.64,98.36
2010-05-06,6.44,6.65,3.4,96.6
2010-05-07,6.25,6.48,3.63,96.37
2010-05-10,6.56,6.58,0.3,99.7
2010-05-11,6.52,6.58,0.93,99.07
2010-05-12,6.69,6.3,5.94,94.06
2010-05-13,6.57,6.3,4.22,95.78
2010-05-14,6.43,6.25,2.79,97.21
2010-05-17,6.45,6.3,2.32,97.68
2010-05-18,6.31,6.3,0.29,99.71
2010-05-19,6.23,6.25,0.29,99.71
2010-05-20,5.99,6.25,4.37,95.63
2010-05-21,6.14,6.18,0.78,99.22
2010-05-24,6.11,6.23,2.0,98.0
2010-05-25,6.24,6.16,1.29,98.71
2010-05-26,6.16,6.16,0.03,99.97
2010-05-27,6.34,6.31,0.35,99.65
2010-05-28,6.27,6.05,3.55,96.45
2010-06-01,6.16,6.01,2.52,97.48
2010-06-02,6.32,6.06,3.97,96.03
2010-06-03,6.44,6.16,4.32,95.68
2010-06-04,6.14,6.12,0.32,99.68
2010-06-07,6.1,6.05,0.86,99.14
2010-06-08,5.94,6.05,1.79,98.21
2010-06-09,5.9,5.99,1.61,98.39
2010-06-10,6.16,6.2,0.68,99.32
2010-06-11,6.15,6.14,0.22,99.78
2010-06-14,6.19,6.2,0.18,99.82
2010-06-15,6.34,6.2,2.2,97.8
2010-06-16,6.34,6.27,1.21,98.79
2010-06-17,6.29,6.12,2.77,97.23
2010-06-18,6.29,6.2,1.52,98.48
2010-06-21,6.13,6.18,0.82,99.18
2010-06-22,6.12,6.1,0.21,99.79
2010-06-23,6.07,6.0,1.12,98.88
2010-06-24,5.92,5.99,1.25,98.75
2010-06-25,6.05,6.09,0.6,99.4
2010-06-28,5.89,6.09,3.33,96.67
2010-06-29,5.43,5.95,9.5,90.5
2010-06-30,5.46,5.66,3.59,96.41
2010-07-01,5.55,5.72,3.08,96.92
2010-07-02,5.46,5.41,0.79,99.21
2010-07-06,5.5,5.41,1.62,98.38
2010-07-07,5.67,5.47,3.49,96.51
2010-07-08,5.81,5.52,4.97,95.03
2010-07-09,5.86,5.52,5.81,94.19
2010-07-12,5.98,5.64,5.57,94.43
2010-07-13,6.18,5.78,6.54,93.46
2010-07-14,6.16,5.78,6.28,93.72
2010-07-15,6.1,6.09,0.23,99.77
2010-07-16,5.92,5.91,0.29,99.71
2010-07-19,6.0,5.96,0.63,99.37
2010-07-20,6.01,6.19,3.02,96.98
2010-07-21,5.87,6.16,4.99,95.01
2010-07-22,6.0,6.16,2.68,97.32
2010-07-23,5.94,6.17,3.83,96.17
2010-07-26,5.92,5.92,0.02,99.98
2010-07-27,5.86,5.67,3.24,96.76
2010-07-28,5.86,5.58,4.71,95.29
2010-07-29,5.84,5.57,4.59,95.41
2010-07-30,5.89,5.77,2.04,97.96
2010-08-02,6.0,5.68,5.41,94.59
2010-08-03,6.12,5.77,5.67,94.33
2010-08-04,6.38,6.02,5.57,94.43
2010-08-05,6.39,6.43,0.59,99.41
2010-08-06,6.42,6.43,0.21,99.79
2010-08-09,6.44,6.43,0.19,99.81
2010-08-10,6.5,6.53,0.47,99.53
2010-08-11,6.29,6.42,2.0,98.0
2010-08-12,6.33,6.59,4.18,95.82
2010-08-13,6.23,6.56,5.29,94.71
2010-08-16,6.3,6.61,4.82,95.18
2010-08-17,6.44,6.62,2.75,97.25
2010-08-18,6.48,6.64,2.5,97.5
2010-08-19,6.38,6.59,3.35,96.65
2010-08-20,6.39,6.59,3.09,96.91
2010-08-23,6.33,6.47,2.16,97.84
2010-08-24,6.23,6.22,0.05,99.95
2010-08-25,6.34,6.26,1.23,98.77
2010-08-26,6.24,6.22,0.31,99.69
2010-08-27,6.33,6.26,1.12,98.88
2010-08-30,6.19,6.03,2.5,97.5
2010-08-31,6.24,6.21,0.49,99.51
2010-09-01,6.62,6.41,3.22,96.78
2010-09-02,6.76,6.53,3.38,96.62
2010-09-03,6.94,6.54,5.77,94.23
2010-09-07,6.86,6.64,3.29,96.71
2010-09-08,6.96,6.67,4.06,95.94
2010-09-09,7.02,6.83,2.7,97.3
2010-09-10,7.12,6.96,2.29,97.71
2010-09-13,7.25,7.22,0.4,99.6
2010-09-14,7.29,7.23,0.77,99.23
2010-09-15,7.27,7.23,0.56,99.44
2010-09-16,7.41,7.24,2.28,97.72
2010-09-17,7.42,7.24,2.4,97.6
2010-09-20,7.57,7.71,1.86,98.14
2010-09-21,7.54,7.71,2.24,97.76
2010-09-22,7.59,8.03,5.75,94.25
2010-09-23,7.64,8.09,5.92,94.08
2010-09-24,8.04,8.13,1.21,98.79
2010-09-27,7.97,8.13,2.07,97.93
2010-09-28,7.99,8.13,1.86,98.14
2010-09-29,7.95,8.09,1.83,98.17
2010-09-30,7.85,8.09,3.0,97.0
2010-10-01,7.69,8.03,4.47,95.53
2010-10-04,7.77,8.03,3.34,96.66
2010-10-05,8.04,8.06,0.17,99.83
2010-10-06,7.77,7.95,2.33,97.67
2010-10-07,7.81,7.96,1.86,98.14
2010-10-08,7.78,7.9,1.58,98.42
2010-10-11,7.65,7.82,2.17,97.83
2010-10-12,7.82,7.9,0.98,99.02
2010-10-13,7.76,7.82,0.76,99.24
2010-10-14,7.78,7.61,2.14,97.86
2010-10-15,8.23,7.9,3.98,96.02
2010-10-18,8.18,7.88,3.6,96.4
2010-10-19,7.93,7.76,2.23,97.77
2010-10-20,7.93,7.83,1.35,98.65
2010-10-21,8.25,7.97,3.37,96.63
2010-10-22,8.46,8.02,5.13,94.87
2010-10-25,8.45,7.94,5.99,94.01
2010-10-26,8.5,8.04,5.33,94.67
2010-10-27,8.38,8.46,0.98,99.02
2010-10-28,8.34,8.46,1.38,98.62
2010-10-29,8.26,8.46,2.37,97.63
2010-11-01,8.13,8.35,2.68,97.32
2010-11-02,8.23,8.41,2.12,97.88
2010-11-03,8.42,8.47,0.5,99.5
2010-11-04,8.45,8.35,1.18,98.82
2010-11-05,8.54,8.39,1.69,98.31
2010-11-08,8.6,8.49,1.3,98.7
2010-11-09,8.51,8.47,0.48,99.52
2010-11-10,8.67,8.47,2.32,97.68
2010-11-11,8.52,8.26,3.03,96.97
2010-11-12,8.28,8.07,2.53,97.47
2010-11-15,7.95,7.95,0.11,99.89
2010-11-16,7.89,7.95,0.82,99.18
2010-11-17,7.92,7.95,0.46,99.54
2010-11-18,8.21,8.18,0.37,99.63
2010-11-19,8.24,8.26,0.24,99.76
2010-11-22,8.52,8.35,2.03,97.97
2010-11-23,8.41,8.19,2.61,97.39
2010-11-24,8.86,8.35,5.82,94.18
2010-11-26,8.86,8.35,5.79,94.21
2010-11-29,8.97,8.35,6.99,93.01
2010-11-30,8.77,8.33,5.06,94.94
2010-12-01,8.83,8.9,0.81,99.19
2010-12-02,8.83,8.99,1.8,98.2
2010-12-03,8.78,9.04,2.91,97.09
2010-12-06,8.9,9.16,2.93,97.07
2010-12-07,8.84,9.24,4.55,95.45
2010-12-08,8.81,9.22,4.56,95.44
2010-12-09,8.74,9.13,4.4,95.6
2010-12-10,8.78,9.13,3.94,96.06
2010-12-13,8.71,9.01,3.4,96.6
2010-12-14,8.7,9.06,4.12,95.88
2010-12-15,8.78,8.74,0.49,99.51
2010-12-16,8.9,8.92,0.23,99.77
2010-12-17,8.88,8.74,1.61,98.39
2010-12-20,9.16,9.13,0.33,99.67
2010-12-21,9.24,9.15,0.96,99.04
2010-12-22,9.24,9.15,0.96,99.04
2010-12-23,9.13,9.13,0.02,99.98
2010-12-27,9.11,9.11,0.02,99.98
2010-12-28,9.05,9.12,0.68,99.32
2010-12-29,9.17,9.19,0.21,99.79
2010-12-30,9.14,9.19,0.62,99.38
2010-12-31,9.0,9.14,1.6,98.4
2011-01-03,9.21,9.27,0.63,99.37
2011-01-04,9.25,9.34,0.96,99.04
2011-01-05,9.37,9.34,0.34,99.66
2011-01-06,9.29,9.26,0.32,99.68
2011-01-07,9.27,9.26,0.13,99.87
2011-01-10,9.23,9.06,1.91,98.09
2011-01-11,9.22,8.99,2.49,97.51
2011-01-12,9.2,8.94,2.85,97.15
2011-01-13,9.28,9.14,1.43,98.57
2011-01-14,9.44,9.62,1.92,98.08
2011-01-18,9.56,9.7,1.39,98.61
2011-01-19,9.34,9.5,1.67,98.33
2011-01-20,9.1,9.33,2.56,97.44
2011-01-21,8.87,9.25,4.23,95.77
2011-01-24,8.84,8.7,1.6,98.4
2011-01-25,8.84,8.7,1.52,98.48
2011-01-26,8.77,8.58,2.12,97.88
2011-01-27,9.22,8.94,3.05,96.95
2011-01-28,8.56,8.7,1.68,98.32
2011-01-31,8.48,8.62,1.59,98.41
2011-02-01,8.61,8.59,0.15,99.85
2011-02-02,8.68,8.64,0.46,99.54
2011-02-03,8.69,8.61,0.91,99.09
2011-02-04,8.8,8.59,2.32,97.68
2011-02-07,8.82,8.59,2.6,97.4
2011-02-08,9.15,8.73,4.6,95.4
2011-02-09,9.27,8.9,3.95,96.05
2011-02-10,9.31,9.13,1.93,98.07
2011-02-11,9.46,9.14,3.39,96.61
2011-02-14,9.52,9.26,2.71,97.29
2011-02-15,9.45,9.26,2.0,98.0
2011-02-16,9.33,9.06,2.93,97.07
2011-02-17,9.39,9.43,0.44,99.56
2011-02-18,9.32,9.79,4.94,95.06
2011-02-22,9.02,9.2,2.01,97.99
2011-02-23,8.83,9.06,2.53,97.47
2011-02-24,8.89,9.12,2.65,97.35
2011-02-25,8.86,9.06,2.21,97.79
2011-02-28,8.66,8.87,2.39,97.61
2011-03-01,8.47,8.64,2.03,97.97
2011-03-02,8.6,8.62,0.21,99.79
2011-03-03,8.64,8.56,0.94,99.06
2011-03-04,8.58,8.5,0.99,99.01
2011-03-07,8.45,8.41,0.48,99.52
2011-03-08,8.34,8.23,1.37,98.63
2011-03-09,8.45,8.48,0.27,99.73
2011-03-10,8.31,8.48,2.03,97.97
2011-03-11,8.4,8.48,0.86,99.14
2011-03-14,8.34,8.51,2.12,97.88
2011-03-15,8.25,8.54,3.41,96.59
2011-03-16,8.23,8.48,2.92,97.08
2011-03-17,8.05,8.48,5.31,94.69
2011-03-18,8.09,8.54,5.49,94.51
2011-03-21,8.23,8.64,4.99,95.01
2011-03-22,8.13,7.95,2.17,97.83
2011-03-23,8.27,7.95,3.78,96.22
2011-03-24,8.56,8.19,4.26,95.74
2011-03-25,8.55,8.26,3.37,96.63
2011-03-28,8.47,8.26,2.44,97.56
2011-03-29,8.73,8.99,2.91,97.09
2011-03-30,8.97,9.11,1.56,98.44
2011-03-31,9.01,9.11,1.16,98.84
2011-04-01,9.01,9.13,1.33,98.67
2011-04-04,9.15,9.16,0.17,99.83
2011-04-05,9.26,9.17,1.02,98.98
2011-04-06,9.14,9.25,1.2,98.8
2011-04-07,9.25,9.25,0.03,99.97
2011-04-08,9.24,9.31,0.79,99.21
2011-04-11,9.2,9.31,1.16,98.84
2011-04-12,9.02,9.26,2.66,97.34
2011-04-13,9.11,9.19,0.88,99.12
2011-04-14,9.09,9.19,1.14,98.86
2011-04-15,9.0,9.19,2.15,97.85
2011-04-18,8.92,9.07,1.7,98.3
2011-04-19,8.94,8.9,0.45,99.55
2011-04-20,9.19,9.14,0.54,99.46
2011-04-21,9.29,9.19,1.11,98.89
2011-04-25,9.27,9.1,1.9,98.1
2011-04-26,9.11,8.82,3.23,96.77
2011-04-27,9.83,9.27,5.72,94.28
2011-04-28,9.75,9.56,2.0,98.0
2011-04-29,9.79,9.6,1.97,98.03
2011-05-02,10.06,9.64,4.17,95.83
2011-05-03,9.92,9.7,2.29,97.71
2011-05-04,10.0,9.7,3.03,96.97
2011-05-05,9.86,9.93,0.75,99.25
2011-05-06,9.88,9.95,0.66,99.34
2011-05-09,10.04,10.03,0.1,99.9
2011-05-10,10.2,10.13,0.62,99.38
2011-05-11,10.22,10.11,1.07,98.93
2011-05-12,10.3,10.4,0.94,99.06
2011-05-13,10.13,10.41,2.83,97.17
2011-05-16,9.63,10.29,6.87,93.13
2011-05-17,9.74,9.8,0.56,99.44
2011-05-18,9.85,9.81,0.4,99.6
2011-05-19,9.94,9.81,1.26,98.74
2011-05-20,9.93,9.68,2.52,97.48
2011-05-23,9.81,9.68,1.31,98.69
2011-05-24,9.66,9.59,0.75,99.25
2011-05-25,9.61,9.56,0.59,99.41
2011-05-26,9.75,9.65,1.05,98.95
2011-05-27,9.71,9.5,2.11,97.89
2011-05-31,9.83,9.5,3.38,96.62
2011-06-01,9.62,9.46,1.69,98.31
2011-06-02,9.68,9.46,2.32,97.68
2011-06-03,9.42,9.36,0.58,99.42
2011-06-06,9.28,9.41,1.3,98.7
2011-06-07,9.38,9.41,0.3,99.7
2011-06-08,9.4,9.36,0.44,99.56
2011-06-09,9.48,9.36,1.3,98.7
2011-06-10,9.33,9.17,1.63,98.37
2011-06-13,9.31,9.36,0.5,99.5
2011-06-14,9.5,9.48,0.18,99.82
2011-06-15,9.3,9.41,1.14,98.86
2011-06-16,9.18,9.06,1.37,98.63
2011-06-17,9.32,9.1,2.34,97.66
2011-06-20,9.39,9.06,3.51,96.49
2011-06-21,9.71,9.41,3.07,96.93
2011-06-22,9.58,9.3,2.96,97.04
2011-06-23,9.71,9.5,2.14,97.86
2011-06-24,9.63,9.8,1.81,98.19
2011-06-27,10.06,9.92,1.38,98.62
2011-06-28,10.12,9.92,1.92,98.08
2011-06-29,10.21,9.92,2.8,97.2
2011-06-30,10.22,10.0,2.2,97.8
2011-07-01,10.47,10.11,3.45,96.55
2011-07-05,10.66,10.5,1.49,98.51
2011-07-06,10.71,10.65,0.55,99.45
2011-07-07,10.84,10.59,2.28,97.72
2011-07-08,10.91,10.59,2.97,97.03
2011-07-11,10.63,10.55,0.69,99.31
2011-07-12,10.56,10.56,0.01,99.99
2011-07-13,10.68,10.55,1.13,98.87
2011-07-14,10.52,10.86,3.25,96.75
2011-07-15,10.64,10.93,2.68,97.32
2011-07-18,10.58,10.8,2.09,97.91
2011-07-19,10.9,10.86,0.39,99.61
2011-07-20,10.78,10.78,0.01,99.99
2011-07-21,10.66,10.73,0.62,99.38
2011-07-22,10.83,10.68,1.36,98.64
2011-07-25,10.67,10.53,1.37,98.63
2011-07-26,10.71,10.53,1.68,98.32
2011-07-27,11.13,10.68,4.05,95.95
2011-07-28,11.19,10.68,4.64,95.36
2011-07-29,11.13,10.96,1.53,98.47
2011-08-01,11.07,10.96,0.99,99.01
2011-08-02,10.59,10.7,1.08,98.92
2011-08-03,10.5,10.75,2.35,97.65
2011-08-04,10.07,10.28,2.04,97.96
2011-08-05,10.14,10.33,1.97,98.03
2011-08-08,9.69,10.14,4.72,95.28
2011-08-09,10.25,9.98,2.68,97.32
2011-08-10,9.71,9.87,1.64,98.36
2011-08-11,9.92,9.87,0.53,99.47
2011-08-12,10.11,9.98,1.34,98.66
2011-08-15,10.15,9.98,1.66,98.34
2011-08-16,9.88,9.87,0.18,99.82
2011-08-17,9.8,9.81,0.13,99.87
2011-08-18,9.13,9.75,6.83,93.17
2011-08-19,8.95,9.65,7.89,92.11
2011-08-22,8.88,9.55,7.59,92.41
2011-08-23,9.68,9.79,1.12,98.88
2011-08-24,9.69,9.81,1.25,98.75
2011-08-25,9.6,9.81,2.15,97.85
2011-08-26,9.96,10.04,0.81,99.19
2011-08-29,10.33,10.02,2.97,97.03
2011-08-30,10.55,10.19,3.42,96.58
2011-08-31,10.76,10.19,5.35,94.65
2011-09-01,10.63,10.23,3.76,96.24
2011-09-02,10.5,10.18,3.06,96.94
2011-09-06,10.81,10.38,3.98,96.02
2011-09-07,10.99,10.44,5.02,94.98
2011-09-08,10.86,10.64,2.04,97.96
2011-09-09,10.57,10.57,0.04,99.96
2011-09-12,10.83,10.6,2.06,97.94
2011-09-13,10.98,10.92,0.55,99.45
2011-09-14,11.13,10.93,1.8,98.2
2011-09-15,11.34,11.21,1.14,98.86
2011-09-16,11.97,11.26,5.93,94.07
2011-09-19,12.08,11.21,7.24,92.76
2011-09-20,11.66,11.38,2.44,97.56
2011-09-21,11.59,11.32,2.39,97.61
2011-09-22,11.16,11.26,0.87,99.13
2011-09-23,11.18,11.3,1.06,98.94
2011-09-26,11.49,11.3,1.69,98.31
2011-09-27,11.21,11.17,0.34,99.66
2011-09-28,11.49,11.26,1.97,98.03
2011-09-29,11.12,11.26,1.23,98.77
2011-09-30,10.81,11.32,4.75,95.25
2011-10-03,10.6,11.16,5.27,94.73
2011-10-04,10.62,11.14,4.81,95.19
2011-10-05,10.98,11.16,1.66,98.34
2011-10-06,11.08,11.02,0.48,99.52
2011-10-07,11.24,11.02,1.91,98.09
2011-10-10,11.57,11.31,2.2,97.8
2011-10-11,11.77,11.39,3.22,96.78
2011-10-12,11.84,11.53,2.64,97.36
2011-10-13,11.81,11.53,2.37,97.63
2011-10-14,12.34,11.84,3.98,96.02
2011-10-17,12.12,11.86,2.11,97.89
2011-10-18,12.19,11.84,2.89,97.11
2011-10-19,11.58,11.79,1.82,98.18
2011-10-20,11.68,11.86,1.54,98.46
2011-10-21,11.74,11.97,1.95,98.05
2011-10-24,11.88,11.97,0.74,99.26
2011-10-25,11.36,11.77,3.6,96.4
2011-10-26,9.92,11.11,11.96,88.04
2011-10-27,10.34,11.17,7.99,92.01
2011-10-28,10.87,10.91,0.44,99.56
2011-10-31,10.68,10.53,1.37,98.63
2011-11-01,10.6,10.47,1.27,98.73
2011-11-02,10.78,10.53,2.33,97.67
2011-11-03,10.91,10.47,4.07,95.93
2011-11-04,10.82,10.47,3.27,96.73
2011-11-07,10.85,10.47,3.5,96.5
2011-11-08,10.9,10.58,2.89,97.11
2011-11-09,10.56,10.47,0.86,99.14
2011-11-10,10.54,10.47,0.65,99.35
2011-11-11,10.87,10.53,3.13,96.87
2011-11-14,10.95,10.61,3.11,96.89
2011-11-15,10.89,11.05,1.49,98.51
2011-11-16,10.6,10.91,2.91,97.09
2011-11-17,10.23,10.47,2.39,97.61
2011-11-18,9.86,10.22,3.69,96.31
2011-11-21,9.46,9.81,3.66,96.34
2011-11-22,9.62,9.81,1.99,98.01
2011-11-23,9.45,9.75,3.17,96.83
2011-11-25,9.12,9.65,5.83,94.17
2011-11-28,9.71,9.77,0.63,99.37
2011-11-29,9.42,9.62,2.08,97.92
2011-11-30,9.61,9.67,0.6,99.4
2011-12-01,9.86,9.79,0.72,99.28
2011-12-02,9.8,9.67,1.32,98.68
2011-12-05,9.81,9.67,1.42,98.58
2011-12-06,9.6,9.67,0.76,99.24
2011-12-07,9.77,9.73,0.35,99.65
2011-12-08,9.52,9.73,2.18,97.82
2011-12-09,9.65,9.88,2.34,97.66
2011-12-12,9.48,9.98,5.32,94.68
2011-12-13,9.03,9.73,7.82,92.18
2011-12-14,9.01,9.46,4.99,95.01
2011-12-15,9.06,9.65,6.46,93.54
2011-12-16,9.06,9.06,0.07,99.93
2011-12-19,8.97,9.1,1.49,98.51
2011-12-20,9.13,9.06,0.76,99.24
2011-12-21,8.72,8.94,2.55,97.45
2011-12-22,8.95,9.06,1.17,98.83
2011-12-23,8.86,9.0,1.53,98.47
2011-12-27,8.81,9.06,2.76,97.24
2011-12-28,8.69,8.94,2.82,97.18
2011-12-29,8.69,9.0,3.53,96.47
2011-12-30,8.65,8.58,0.82,99.18
2012-01-03,8.95,8.64,3.48,96.52
2012-01-04,8.88,8.76,1.3,98.7
2012-01-05,8.88,8.83,0.57,99.43
2012-01-06,9.13,9.0,1.46,98.54
2012-01-09,8.93,8.83,1.1,98.9
2012-01-10,8.97,8.93,0.38,99.62
2012-01-11,8.94,8.76,2.06,97.94
2012-01-12,8.8,9.0,2.28,97.72
2012-01-13,8.92,8.98,0.61,99.39
2012-01-17,9.08,9.08,0.01,99.99
2012-01-18,9.47,9.21,2.78,97.22
2012-01-19,9.72,9.38,3.56,96.44
2012-01-20,9.55,9.64,0.98,99.02
2012-01-23,9.3,9.56,2.72,97.28
2012-01-24,9.35,9.5,1.6,98.4
2012-01-25,9.39,9.55,1.75,98.25
2012-01-26,9.67,9.62,0.49,99.51
2012-01-27,9.77,9.57,1.99,98.01
2012-01-30,9.61,9.62,0.12,99.88
2012-01-31,9.72,9.92,2.07,97.93
2012-02-01,8.97,9.65,7.59,92.41
2012-02-02,9.09,9.45,4.02,95.98
2012-02-03,9.38,9.5,1.24,98.76
2012-02-06,9.16,9.39,2.54,97.46
2012-02-07,9.21,9.18,0.36,99.64
2012-02-08,9.27,9.16,1.28,98.72
2012-02-09,9.25,9.18,0.78,99.22
2012-02-10,9.28,9.34,0.72,99.28
2012-02-13,9.58,9.41,1.73,98.27
2012-02-14,9.56,9.41,1.58,98.42
2012-02-15,9.22,9.16,0.74,99.26
2012-02-16,9.0,9.06,0.67,99.33
2012-02-17,9.12,9.16,0.33,99.67
2012-02-21,9.11,9.1,0.14,99.86
2012-02-22,9.03,9.39,3.99,96.01
2012-02-23,8.94,9.25,3.38,96.62
2012-02-24,8.96,9.06,1.12,98.88
2012-02-27,8.93,9.16,2.56,97.44
2012-02-28,9.19,9.34,1.67,98.33
2012-02-29,8.98,8.8,2.06,97.94
2012-03-01,9.0,8.8,2.25,97.75
2012-03-02,8.97,8.8,1.85,98.15
2012-03-05,9.01,8.64,4.1,95.9
2012-03-06,9.05,8.7,3.91,96.09
2012-03-07,9.19,8.98,2.32,97.68
2012-03-08,9.38,9.26,1.27,98.73
2012-03-09,9.22,9.06,1.72,98.28
2012-03-12,9.17,9.06,1.22,98.78
2012-03-13,9.23,9.14,0.93,99.07
2012-03-14,9.11,9.13,0.2,99.8
2012-03-15,9.22,9.14,0.84,99.16
2012-03-16,9.25,9.55,3.18,96.82
2012-03-19,9.28,9.41,1.48,98.52
2012-03-20,9.62,9.7,0.82,99.18
2012-03-21,9.59,9.7,1.14,98.86
2012-03-22,9.62,9.7,0.78,99.22
2012-03-23,9.75,9.73,0.27,99.73
2012-03-26,10.14,9.79,3.53,96.47
2012-03-27,10.27,10.09,1.77,98.23
2012-03-28,10.06,9.93,1.27,98.73
2012-03-29,10.23,9.99,2.31,97.69
2012-03-30,10.13,10.03,0.94,99.06
2012-04-02,9.9,10.02,1.18,98.82
2012-04-03,9.98,10.1,1.14,98.86
2012-04-04,9.7,9.95,2.56,97.44
2012-04-05,9.72,9.95,2.35,97.65
2012-04-09,9.59,9.9,3.21,96.79
2012-04-10,9.35,9.58,2.45,97.55
2012-04-11,9.4,9.65,2.65,97.35
2012-04-12,9.53,9.7,1.72,98.28
2012-04-13,9.42,9.46,0.39,99.61
2012-04-16,9.27,9.3,0.31,99.69
2012-04-17,9.42,9.3,1.23,98.77
2012-04-18,9.55,9.36,2.01,97.99
2012-04-19,9.56,9.3,2.63,97.37
2012-04-20,9.5,9.36,1.45,98.55
2012-04-23,9.41,9.36,0.54,99.46
2012-04-24,9.52,9.36,1.63,98.37
2012-04-25,9.72,9.65,0.69,99.31
2012-04-26,9.8,9.72,0.83,99.17
2012-04-27,11.34,10.38,8.47,91.53
2012-04-30,11.6,10.46,9.76,90.24
2012-05-01,11.5,10.46,9.08,90.92
2012-05-02,11.51,10.55,8.33,91.67
2012-05-03,11.47,10.91,4.93,95.07
2012-05-04,11.2,10.9,2.67,97.33
2012-05-07,11.26,11.26,0.02,99.98
2012-05-08,11.19,11.54,3.07,96.93
2012-05-09,11.15,11.58,3.83,96.17
2012-05-10,11.33,11.59,2.21,97.79
2012-05-11,11.38,11.59,1.77,98.23
2012-05-14,11.15,11.53,3.46,96.54
2012-05-15,11.22,11.51,2.57,97.43
2012-05-16,11.2,11.51,2.72,97.28
2012-05-17,10.92,10.8,1.08,98.92
2012-05-18,10.69,10.68,0.08,99.92
2012-05-21,10.91,10.8,0.96,99.04
2012-05-22,10.77,10.74,0.22,99.78
2012-05-23,10.86,10.8,0.59,99.41
2012-05-24,10.76,11.02,2.42,97.58
2012-05-25,10.64,11.02,3.55,96.45
2012-05-29,10.74,10.69,0.42,99.58
2012-05-30,10.46,10.44,0.18,99.82
2012-05-31,10.65,10.44,1.9,98.1
2012-06-01,10.41,10.39,0.24,99.76
2012-06-04,10.73,10.56,1.6,98.4
2012-06-05,10.66,10.28,3.57,96.43
2012-06-06,10.88,10.0,8.1,91.9
2012-06-07,10.94,10.4,4.98,95.02
2012-06-08,10.92,10.88,0.4,99.6
2012-06-11,10.82,10.7,1.17,98.83
2012-06-12,10.82,10.79,0.28,99.72
2012-06-13,10.74,10.65,0.82,99.18
2012-06-14,10.72,10.73,0.1,99.9
2012-06-15,10.92,10.9,0.15,99.85
2012-06-18,11.13,10.9,2.1,97.9
2012-06-19,11.2,11.08,1.06,98.94
2012-06-20,11.15,11.02,1.17,98.83
2012-06-21,11.03,11.08,0.49,99.51
2012-06-22,11.11,11.33,1.99,98.01
2012-06-25,11.0,11.29,2.6,97.4
2012-06-26,11.28,11.31,0.22,99.78
2012-06-27,11.28,11.29,0.07,99.93
2012-06-28,11.07,11.14,0.72,99.28
2012-06-29,11.42,11.35,0.59,99.41
2012-07-02,11.47,11.36,0.96,99.04
2012-07-03,11.48,11.47,0.08,99.92
2012-07-05,11.35,11.35,0.03,99.97
2012-07-06,11.25,11.23,0.19,99.81
2012-07-09,11.25,11.14,0.96,99.04
2012-07-10,10.98,10.91,0.61,99.39
2012-07-11,10.92,10.9,0.18,99.82
2012-07-12,10.77,10.89,1.1,98.9
2012-07-13,10.92,10.91,0.11,99.89
2012-07-16,10.8,10.91,0.99,99.01
2012-07-17,10.85,10.77,0.68,99.32
2012-07-18,10.87,10.77,0.93,99.07
2012-07-19,11.31,11.23,0.72,99.28
2012-07-20,11.41,10.75,5.86,94.14
2012-07-23,11.3,10.58,6.39,93.61
2012-07-24,11.15,10.89,2.38,97.62
2012-07-25,10.85,10.77,0.74,99.26
2012-07-26,11.0,10.91,0.84,99.16
2012-07-27,11.87,11.53,2.85,97.15
2012-07-30,11.8,11.27,4.53,95.47
2012-07-31,11.66,11.54,1.08,98.92
2012-08-01,11.6,11.6,0.04,99.96
2012-08-02,11.54,11.84,2.61,97.39
2012-08-03,11.75,11.91,1.39,98.61
2012-08-06,11.7,11.91,1.76,98.24
2012-08-07,11.83,11.91,0.65,99.35
2012-08-08,11.72,11.79,0.58,99.42
2012-08-09,11.7,11.77,0.54,99.46
2012-08-10,11.64,11.79,1.28,98.72
2012-08-13,11.62,11.83,1.82,98.18
2012-08-14,11.66,11.97,2.65,97.35
2012-08-15,11.87,12.02,1.28,98.72
2012-08-16,12.08,11.79,2.41,97.59
2012-08-17,12.06,11.79,2.25,97.75
2012-08-20,12.02,12.22,1.69,98.31
2012-08-21,11.97,12.27,2.45,97.55
2012-08-22,12.15,12.38,1.88,98.12
2012-08-23,12.06,12.2,1.17,98.83
2012-08-24,12.29,12.33,0.34,99.66
2012-08-27,12.2,12.2,0.07,99.93
2012-08-28,12.31,12.38,0.63,99.37
2012-08-29,12.36,12.38,0.22,99.78
2012-08-30,12.31,12.4,0.69,99.31
2012-08-31,12.41,12.91,3.97,96.03
2012-09-04,12.39,12.86,3.73,96.27
2012-09-05,12.31,12.71,3.23,96.77
2012-09-06,12.57,12.71,1.16,98.84
2012-09-07,12.96,12.86,0.73,99.27
2012-09-10,12.85,12.83,0.22,99.78
2012-09-11,12.78,12.83,0.33,99.67
2012-09-12,12.78,12.71,0.52,99.48
2012-09-13,13.01,12.86,1.14,98.86
2012-09-14,13.06,13.02,0.35,99.65
2012-09-17,12.9,12.95,0.39,99.61
2012-09-18,12.94,12.95,0.1,99.9
2012-09-19,13.08,13.11,0.2,99.8
2012-09-20,13.04,13.5,3.51,96.49
2012-09-21,12.87,12.88,0.06,99.94
2012-09-24,12.74,12.82,0.65,99.35
2012-09-25,12.62,12.82,1.59,98.41
2012-09-26,12.48,12.62,1.1,98.9
2012-09-27,12.83,12.57,2.02,97.98
2012-09-28,12.72,12.53,1.49,98.51
2012-10-01,12.6,12.46,1.15,98.85
2012-10-02,12.53,12.45,0.66,99.34
2012-10-03,12.8,12.46,2.66,97.34
2012-10-04,13.02,12.62,3.07,96.93
2012-10-05,12.93,12.63,2.3,97.7
2012-10-08,12.95,12.63,2.5,97.5
2012-10-09,12.55,12.38,1.34,98.66
2012-10-10,12.25,12.32,0.58,99.42
2012-10-11,12.21,12.32,0.9,99.1
2012-10-12,12.12,12.32,1.68,98.32
2012-10-15,12.21,12.26,0.38,99.62
2012-10-16,12.2,12.27,0.58,99.42
2012-10-17,12.37,12.2,1.4,98.6
2012-10-18,12.24,12.19,0.43,99.57
2012-10-19,12.0,12.13,1.09,98.91
2012-10-22,11.69,12.13,3.78,96.22
2012-10-23,11.72,12.01,2.55,97.45
2012-10-24,11.42,11.26,1.43,98.57
2012-10-25,11.15,11.26,1.04,98.96
2012-10-26,11.91,11.69,1.88,98.12
2012-10-31,11.64,11.69,0.38,99.62
2012-11-01,11.61,11.75,1.21,98.79
2012-11-02,11.62,11.75,1.09,98.91
2012-11-05,11.72,11.8,0.73,99.27
2012-11-06,11.88,11.82,0.46,99.54
2012-11-07,11.6,11.75,1.25,98.75
2012-11-08,11.37,11.69,2.82,97.18
2012-11-09,11.32,11.69,3.3,96.7
2012-11-12,11.32,11.7,3.35,96.65
2012-11-13,11.33,11.8,4.17,95.83
2012-11-14,11.15,11.39,2.15,97.85
2012-11-15,11.03,11.44,3.73,96.27
2012-11-16,11.26,11.7,3.9,96.1
2012-11-19,11.49,11.39,0.86,99.14
2012-11-20,11.69,11.68,0.11,99.89
2012-11-21,11.9,11.79,0.96,99.04
2012-11-23,11.99,11.79,1.73,98.27
2012-11-26,12.18,12.19,0.1,99.9
2012-11-27,12.17,12.15,0.19,99.81
2012-11-28,12.36,12.27,0.67,99.33
2012-11-29,12.56,12.47,0.72,99.28
2012-11-30,12.6,12.47,1.03,98.97
2012-12-03,12.52,12.47,0.34,99.66
2012-12-04,12.62,12.47,1.2,98.8
2012-12-05,12.7,12.92,1.77,98.23
2012-12-06,12.67,12.96,2.31,97.69
2012-12-07,12.66,12.96,2.35,97.65
2012-12-10,12.39,12.86,3.83,96.17
2012-12-11,12.53,12.86,2.57,97.43
2012-12-12,12.59,12.83,1.89,98.11
2012-12-13,12.56,12.77,1.66,98.34
2012-12-14,12.46,12.64,1.42,98.58
2012-12-17,12.69,12.71,0.12,99.88
2012-12-18,13.02,12.71,2.34,97.66
2012-12-19,12.9,12.64,2.04,97.96
2012-12-20,13.07,12.84,1.82,98.18
2012-12-21,12.85,12.78,0.52,99.48
2012-12-24,12.93,12.78,1.17,98.83
2012-12-26,12.43,12.46,0.2,99.8
2012-12-27,12.42,12.46,0.33,99.67
2012-12-28,12.26,12.43,1.43,98.57
2012-12-31,12.54,12.69,1.19,98.81
2013-01-02,12.87,12.78,0.7,99.3
2013-01-03,12.92,12.6,2.53,97.47
2013-01-04,12.96,12.6,2.76,97.24
2013-01-07,13.42,12.9,3.91,96.09
2013-01-08,13.32,13.21,0.79,99.21
2013-01-09,13.32,13.15,1.29,98.71
2013-01-10,13.27,13.21,0.42,99.58
2013-01-11,13.4,13.21,1.42,98.58
2013-01-14,13.64,13.49,1.09,98.91
2013-01-15,13.6,13.37,1.69,98.31
2013-01-16,13.45,13.65,1.48,98.52
2013-01-17,13.52,13.67,1.08,98.92
2013-01-18,13.61,13.72,0.86,99.14
2013-01-22,13.51,13.67,1.19,98.81
2013-01-23,13.41,13.49,0.61,99.39
2013-01-24,13.67,13.76,0.63,99.37
2013-01-25,14.2,14.51,2.21,97.79
2013-01-28,13.8,14.15,2.53,97.47
2013-01-29,13.02,13.05,0.21,99.79
2013-01-30,13.64,13.43,1.53,98.47
2013-01-31,13.27,13.28,0.06,99.94
2013-02-01,13.25,13.17,0.63,99.37
2013-02-04,13.0,13.02,0.19,99.81
2013-02-05,13.34,13.12,1.72,98.28
2013-02-06,13.11,13.12,0.03,99.97
2013-02-07,13.01,13.05,0.26,99.74
2013-02-08,13.1,13.05,0.4,99.6
2013-02-11,12.86,13.02,1.27,98.73
2013-02-12,12.94,12.98,0.38,99.62
2013-02-13,13.47,13.17,2.28,97.72
2013-02-14,13.46,12.97,3.66,96.34
2013-02-15,13.25,13.02,1.74,98.26
2013-02-19,13.49,13.52,0.21,99.79
2013-02-20,13.32,13.05,2.07,97.93
2013-02-21,13.3,13.28,0.11,99.89
2013-02-22,13.27,13.28,0.09,99.91
2013-02-25,12.99,13.21,1.68,98.32
2013-02-26,12.97,12.96,0.04,99.96
2013-02-27,13.16,13.2,0.26,99.74
2013-02-28,13.21,13.22,0.05,99.95
2013-03-01,13.29,13.43,1.07,98.93
2013-03-04,13.66,13.7,0.34,99.66
2013-03-05,13.78,13.7,0.56,99.44
2013-03-06,13.69,13.49,1.42,98.58
2013-03-07,13.69,13.5,1.4,98.6
2013-03-08,13.71,13.57,0.99,99.01
2013-03-11,13.56,13.35,1.59,98.41
2013-03-12,13.71,13.57,0.99,99.01
2013-03-13,13.76,13.67,0.58,99.42
2013-03-14,13.29,13.28,0.03,99.97
2013-03-15,13.09,13.35,1.96,98.04
2013-03-18,12.89,13.17,2.1,97.9
2013-03-19,12.82,13.02,1.58,98.42
2013-03-20,12.86,13.02,1.24,98.76
2013-03-21,12.67,12.85,1.41,98.59
2013-03-22,12.89,12.79,0.74,99.26
2013-03-25,12.8,12.73,0.54,99.46
2013-03-26,13.02,12.75,2.02,97.98
2013-03-27,13.27,12.81,3.42,96.58
2013-03-28,13.32,12.87,3.44,96.56
2013-04-01,13.08,12.81,2.06,97.94
2013-04-02,13.17,12.81,2.69,97.31
2013-04-03,12.95,12.75,1.54,98.46
2013-04-04,12.95,12.87,0.68,99.32
2013-04-05,12.77,12.87,0.72,99.28
2013-04-08,12.95,13.1,1.18,98.82
2013-04-09,13.06,13.19,1.02,98.98
2013-04-10,13.24,13.21,0.21,99.79
2013-04-11,13.49,13.4,0.7,99.3
2013-04-12,13.64,13.39,1.85,98.15
2013-04-15,13.39,13.36,0.18,99.82
2013-04-16,13.62,13.57,0.34,99.66
2013-04-17,13.37,13.35,0.17,99.83
2013-04-18,12.97,13.04,0.5,99.5
2013-04-19,13.02,13.14,0.94,99.06
2013-04-22,13.18,13.16,0.16,99.84
2013-04-23,13.44,13.52,0.52,99.48
2013-04-24,13.44,13.52,0.57,99.43
2013-04-25,13.73,13.7,0.24,99.76
2013-04-26,12.74,13.12,2.94,97.06
2013-04-29,12.49,12.96,3.81,96.19
2013-04-30,12.69,12.96,2.14,97.86
2013-05-01,12.41,12.75,2.75,97.25
2013-05-02,12.63,12.75,0.99,99.01
2013-05-03,12.9,12.84,0.46,99.54
2013-05-06,12.79,12.77,0.15,99.85
2013-05-07,12.89,12.83,0.4,99.6
2013-05-08,12.93,13.01,0.59,99.41
2013-05-09,13.01,13.05,0.36,99.64
2013-05-10,13.18,13.06,0.92,99.08
2013-05-13,13.23,12.96,2.03,97.97
2013-05-14,13.42,13.05,2.7,97.3
2013-05-15,13.33,12.88,3.37,96.63
2013-05-16,13.21,13.35,1.12,98.88
2013-05-17,13.49,13.6,0.81,99.19
2013-05-20,13.38,13.49,0.79,99.21
2013-05-21,13.44,13.67,1.69,98.31
2013-05-22,13.15,13.37,1.65,98.35
2013-05-23,13.09,13.29,1.5,98.5
2013-05-24,13.09,13.31,1.68,98.32
2013-05-28,13.36,13.37,0.0,100.0
2013-05-29,13.28,13.31,0.23,99.77
2013-05-30,13.34,13.31,0.26,99.74
2013-05-31,13.46,13.52,0.41,99.59
2013-06-03,13.34,13.35,0.02,99.98
2013-06-04,13.28,13.12,1.28,98.72
2013-06-05,13.36,13.28,0.57,99.43
2013-06-06,13.39,13.49,0.77,99.23
2013-06-07,13.84,13.52,2.37,97.63
2013-06-10,14.05,13.7,2.5,97.5
2013-06-11,13.74,13.52,1.63,98.37
2013-06-12,13.58,13.56,0.15,99.85
2013-06-13,13.79,13.7,0.68,99.32
2013-06-14,13.7,13.57,0.92,99.08
2013-06-17,13.9,13.57,2.39,97.61
2013-06-18,14.09,13.7,2.74,97.26
2013-06-19,13.91,14.21,2.14,97.86
2013-06-20,13.67,14.06,2.87,97.13
2013-06-21,13.67,13.52,1.12,98.88
2013-06-24,13.53,13.47,0.47,99.53
2013-06-25,13.6,13.9,2.18,97.82
2013-06-26,13.88,13.95,0.52,99.48
2013-06-27,13.88,13.72,1.15,98.85
2013-06-28,13.88,14.19,2.17,97.83
2013-07-01,14.1,14.59,3.41,96.59
2013-07-02,14.19,14.77,4.08,95.92
2013-07-03,14.2,14.64,3.09,96.91
2013-07-05,14.29,14.77,3.35,96.65
2013-07-08,14.53,14.77,1.67,98.33
2013-07-09,14.58,14.77,1.3,98.7
2013-07-10,14.62,14.92,2.1,97.9
2013-07-11,14.98,15.05,0.42,99.58
2013-07-12,15.38,15.05,2.15,97.85
2013-07-15,15.33,15.05,1.84,98.16
2013-07-16,15.34,15.63,1.89,98.11
2013-07-17,15.43,15.63,1.29,98.71
2013-07-18,15.21,15.59,2.56,97.44
2013-07-19,15.26,15.65,2.55,97.45
2013-07-22,15.17,15.64,3.1,96.9
2013-07-23,15.05,15.53,3.14,96.86
2013-07-24,14.95,15.41,3.13,96.87
2013-07-25,15.17,15.53,2.35,97.65
2013-07-26,15.6,15.61,0.05,99.95
2013-07-29,15.31,15.39,0.54,99.46
2013-07-30,15.12,15.23,0.71,99.29
2013-07-31,15.06,15.06,0.01,99.99
2013-08-01,15.28,15.01,1.76,98.24
2013-08-02,15.21,14.95,1.69,98.31
2013-08-05,15.05,14.83,1.44,98.56
2013-08-06,15.04,14.75,1.9,98.1
2013-08-07,14.85,14.81,0.23,99.77
2013-08-08,14.79,14.7,0.61,99.39
2013-08-09,14.86,14.68,1.23,98.77
2013-08-12,14.83,14.7,0.89,99.11
2013-08-13,14.7,14.7,0.02,99.98
2013-08-14,14.57,14.57,0.0,100.0
2013-08-15,14.32,14.14,1.28,98.72
2013-08-16,14.24,14.39,1.03,98.97
2013-08-19,14.28,14.45,1.2,98.8
2013-08-20,14.35,14.45,0.67,99.33
2013-08-21,14.23,13.55,4.75,95.25
2013-08-22,14.49,13.9,4.04,95.96
2013-08-23,14.5,13.92,3.98,96.02
2013-08-26,14.31,13.86,3.16,96.84
2013-08-27,14.05,13.86,1.3,98.7
2013-08-28,14.08,13.92,1.11,98.89
2013-08-29,14.2,13.92,1.94,98.06
2013-08-30,14.05,13.92,0.9,99.1
2013-09-03,14.44,14.12,2.25,97.75
2013-09-04,14.68,14.42,1.8,98.2
2013-09-05,14.7,14.59,0.81,99.19
2013-09-06,14.79,14.64,1.01,98.99
2013-09-09,14.99,14.77,1.46,98.54
2013-09-10,15.02,14.77,1.68,98.32
2013-09-11,14.98,15.36,2.52,97.48
2013-09-12,14.94,15.23,1.9,98.1
2013-09-13,14.9,15.22,2.17,97.83
2013-09-16,14.8,15.31,3.41,96.59
2013-09-17,15.21,15.59,2.5,97.5
2013-09-18,15.6,15.59,0.09,99.91
2013-09-19,15.6,15.59,0.1,99.9
2013-09-20,15.82,15.79,0.18,99.82
2013-09-23,15.57,15.84,1.68,98.32
2013-09-24,15.71,15.88,1.1,98.9
2013-09-25,15.63,15.81,1.17,98.83
2013-09-26,15.91,16.27,2.3,97.7
2013-09-27,15.8,16.07,1.72,98.28
2013-09-30,15.63,15.94,1.99,98.01
2013-10-01,16.05,16.16,0.69,99.31
2013-10-02,16.03,16.21,1.15,98.85
2013-10-03,15.74,16.12,2.4,97.6
2013-10-04,15.95,16.12,1.07,98.93
2013-10-07,15.5,15.87,2.35,97.65
2013-10-08,15.16,15.41,1.65,98.35
2013-10-09,14.91,15.3,2.58,97.42
2013-10-10,15.26,15.35,0.59,99.41
2013-10-11,15.54,15.57,0.14,99.86
2013-10-14,15.53,15.55,0.12,99.88
2013-10-15,15.32,15.43,0.74,99.26
2013-10-16,15.52,15.03,3.16,96.84
2013-10-17,15.54,15.1,2.8,97.2
2013-10-18,16.45,15.77,4.14,95.86
2013-10-21,16.32,15.88,2.69,97.31
2013-10-22,16.63,16.12,3.06,96.94
2013-10-23,16.34,16.12,1.34,98.66
2013-10-24,16.61,16.27,2.07,97.93
2013-10-25,18.17,16.66,8.31,91.69
2013-10-28,17.91,17.02,4.94,95.06
2013-10-29,18.14,17.59,3.01,96.99
2013-10-30,18.05,17.59,2.57,97.43
2013-10-31,18.2,18.11,0.5,99.5
2013-11-01,17.95,17.97,0.14,99.86
2013-11-04,17.94,18.06,0.71,99.29
2013-11-05,17.94,18.38,2.41,97.59
2013-11-06,17.81,18.31,2.81,97.19
2013-11-07,17.18,17.94,4.44,95.56
2013-11-08,17.52,18.0,2.76,97.24
2013-11-11,17.72,18.0,1.56,98.44
2013-11-12,17.48,18.0,2.99,97.01
2013-11-13,17.81,18.12,1.75,98.25
2013-11-14,18.37,17.85,2.82,97.18
2013-11-15,18.46,18.06,2.14,97.86
2013-11-18,18.31,17.85,2.49,97.51
2013-11-19,18.25,17.85,2.16,97.84
2013-11-20,18.13,17.71,2.33,97.67
2013-11-21,18.45,18.06,2.07,97.93
2013-11-22,18.62,18.18,2.34,97.66
2013-11-25,18.83,18.81,0.09,99.91
2013-11-26,19.07,18.92,0.78,99.22
2013-11-27,19.34,19.29,0.24,99.76
2013-11-29,19.68,19.29,1.99,98.01
2013-12-02,19.61,19.39,1.13,98.87
2013-12-03,19.23,19.28,0.26,99.74
2013-12-04,19.3,19.81,2.64,97.36
2013-12-05,19.22,19.57,1.81,98.19
2013-12-06,19.35,19.57,1.16,98.84
2013-12-09,19.24,19.58,1.74,98.26
2013-12-10,19.39,19.77,1.95,98.05
2013-12-11,19.11,19.58,2.46,97.54
2013-12-12,19.06,19.47,2.13,97.87
2013-12-13,19.21,19.47,1.33,98.67
2013-12-16,19.45,19.47,0.1,99.9
2013-12-17,19.38,19.47,0.43,99.57
2013-12-18,19.8,19.47,1.66,98.34
2013-12-19,19.76,19.26,2.54,97.46
2013-12-20,20.11,19.54,2.82,97.18
2013-12-23,20.15,19.85,1.48,98.52
2013-12-24,19.96,20.17,1.03,98.97
2013-12-26,20.22,20.31,0.42,99.58
2013-12-27,19.9,20.0,0.48,99.52
2013-12-30,19.67,19.98,1.59,98.41
2013-12-31,19.94,19.98,0.21,99.79
2014-01-02,19.9,20.17,1.35,98.65
2014-01-03,19.82,20.09,1.34,98.66
2014-01-06,19.68,19.98,1.52,98.48
2014-01-07,19.9,19.98,0.4,99.6
2014-01-08,20.1,20.01,0.43,99.57
2014-01-09,20.05,19.94,0.56,99.44
2014-01-10,19.88,19.77,0.57,99.43
2014-01-13,19.55,19.34,1.05,98.95
2014-01-14,19.88,19.6,1.41,98.59
2014-01-15,19.79,19.67,0.64,99.36
2014-01-16,19.79,19.46,1.67,98.33
2014-01-17,19.98,19.83,0.78,99.22
2014-01-21,20.35,20.26,0.46,99.54
2014-01-22,20.23,20.14,0.43,99.57
2014-01-23,19.99,19.94,0.26,99.74
2014-01-24,19.38,19.46,0.41,99.59
2014-01-27,19.31,19.48,0.87,99.13
2014-01-28,19.72,19.67,0.27,99.73
2014-01-29,19.21,19.18,0.16,99.84
2014-01-30,20.15,19.8,1.73,98.27
2014-01-31,17.93,19.11,6.54,93.46
2014-02-03,17.31,19.01,9.84,90.16
2014-02-04,17.4,17.83,2.48,97.52
2014-02-05,17.32,17.83,2.92,97.08
2014-02-06,17.73,17.89,0.89,99.11
2014-02-07,18.05,17.97,0.47,99.53
2014-02-10,18.04,17.15,4.96,95.04
2014-02-11,18.09,17.19,4.97,95.03
2014-02-12,17.46,17.15,1.8,98.2
2014-02-13,17.86,17.33,2.96,97.04
2014-02-14,17.87,17.33,3.0,97.0
2014-02-18,17.68,17.19,2.78,97.22
2014-02-19,17.37,17.27,0.55,99.45
2014-02-20,17.49,16.51,5.61,94.39
2014-02-21,17.34,17.05,1.65,98.35
2014-02-24,17.59,17.68,0.53,99.47
2014-02-25,17.92,17.73,1.04,98.96
2014-02-26,17.99,17.78,1.19,98.81
2014-02-27,18.01,17.68,1.8,98.2
2014-02-28,18.1,17.49,3.38,96.62
2014-03-03,17.99,17.38,3.37,96.63
2014-03-04,18.19,17.85,1.88,98.12
2014-03-05,18.62,18.42,1.08,98.92
2014-03-06,18.61,18.22,2.07,97.93
2014-03-07,18.6,18.22,2.04,97.96
2014-03-10,18.53,18.93,2.15,97.85
2014-03-11,18.44,19.22,4.23,95.77
2014-03-12,18.53,19.18,3.48,96.52
2014-03-13,18.58,19.29,3.84,96.16
2014-03-14,18.69,19.29,3.22,96.78
2014-03-17,18.75,19.29,2.86,97.14
2014-03-18,18.94,19.29,1.85,98.15
2014-03-19,18.66,18.93,1.42,98.58
2014-03-20,18.45,18.86,2.25,97.75
2014-03-21,18.03,18.63,3.31,96.69
2014-03-24,17.59,17.97,2.14,97.86
2014-03-25,17.74,17.72,0.06,99.94
2014-03-26,17.17,17.54,2.15,97.85
2014-03-27,16.92,17.54,3.64,96.36
2014-03-28,16.91,16.84,0.42,99.58
2014-03-31,16.82,16.84,0.15,99.85
2014-04-01,17.15,16.63,3.03,96.97
2014-04-02,17.1,16.51,3.45,96.55
2014-04-03,16.68,16.51,1.03,98.97
2014-04-04,16.15,16.11,0.27,99.73
2014-04-07,15.89,15.68,1.33,98.67
2014-04-08,16.35,16.05,1.84,98.16
2014-04-09,16.59,16.05,3.27,96.73
2014-04-10,15.86,16.05,1.24,98.76
2014-04-11,15.59,16.05,2.99,97.01
2014-04-14,15.8,15.67,0.82,99.18
2014-04-15,15.8,15.79,0.11,99.89
2014-04-16,16.18,15.97,1.32,98.68
2014-04-17,16.25,16.09,0.98,99.02
2014-04-21,16.54,16.29,1.51,98.49
2014-04-22,16.47,15.81,3.98,96.02
2014-04-23,16.23,15.69,3.29,96.71
2014-04-24,16.86,16.15,4.21,95.79
2014-04-25,15.19,15.74,3.62,96.38
2014-04-28,14.83,15.7,5.84,94.16
2014-04-29,15.02,15.64,4.11,95.89
2014-04-30,15.21,15.57,2.38,97.62
2014-05-01,15.39,15.76,2.4,97.6
2014-05-02,15.4,15.49,0.55,99.45
2014-05-05,15.5,15.43,0.44,99.56
2014-05-06,14.87,15.08,1.41,98.59
2014-05-07,14.64,15.02,2.63,97.37
2014-05-08,14.42,14.79,2.61,97.39
2014-05-09,14.61,14.74,0.87,99.13
2014-05-12,15.14,14.84,2.01,97.99
2014-05-13,15.23,14.9,2.2,97.8
2014-05-14,14.88,14.68,1.37,98.63
2014-05-15,14.76,14.97,1.44,98.56
2014-05-16,14.89,15.21,2.18,97.82
2014-05-19,14.84,15.04,1.37,98.63
2014-05-20,15.06,15.09,0.22,99.78
2014-05-21,15.25,15.09,1.04,98.96
2014-05-22,15.25,14.95,1.91,98.09
2014-05-23,15.61,15.13,3.06,96.94
2014-05-27,15.54,15.46,0.53,99.47
2014-05-28,15.51,15.58,0.49,99.51
2014-05-29,15.69,15.77,0.53,99.47
2014-05-30,15.63,15.81,1.2,98.8
2014-06-02,15.44,15.49,0.29,99.71
2014-06-03,15.36,15.19,1.1,98.9
2014-06-04,15.34,15.54,1.34,98.66
2014-06-05,16.18,16.36,1.12,98.88
2014-06-06,16.48,16.56,0.49,99.51
2014-06-09,16.38,16.56,1.16,98.84
2014-06-10,16.62,16.56,0.34,99.66
2014-06-11,16.76,16.52,1.44,98.56
2014-06-12,16.3,16.45,0.93,99.07
2014-06-13,16.31,16.32,0.05,99.95
2014-06-16,16.38,16.45,0.4,99.6
2014-06-17,16.28,16.32,0.27,99.73
2014-06-18,16.72,16.83,0.66,99.34
2014-06-19,16.35,16.7,2.12,97.88
2014-06-20,16.21,16.7,3.05,96.95
2014-06-23,16.36,16.81,2.73,97.27
2014-06-24,16.21,16.7,3.06,96.94
2014-06-25,16.37,16.41,0.25,99.75
2014-06-26,16.28,16.22,0.42,99.58
2014-06-27,16.23,16.22,0.08,99.92
2014-06-30,16.24,16.12,0.71,99.29
2014-07-01,16.62,16.39,1.38,98.62
2014-07-02,16.64,16.77,0.78,99.22
2014-07-03,16.87,16.83,0.28,99.72
2014-07-07,16.68,16.85,1.01,98.99
2014-07-08,16.19,16.39,1.23,98.77
2014-07-09,16.5,16.46,0.26,99.74
2014-07-10,16.4,16.63,1.42,98.58
2014-07-11,17.31,17.05,1.51,98.49
2014-07-14,17.77,17.14,3.52,96.48
2014-07-15,17.72,17.14,3.3,96.7
2014-07-16,17.8,17.41,2.14,97.86
2014-07-17,17.62,17.27,1.99,98.01
2014-07-18,17.93,17.93,0.01,99.99
2014-07-21,17.99,17.93,0.3,99.7
2014-07-22,18.04,17.88,0.9,99.1
2014-07-23,17.91,17.79,0.64,99.36
2014-07-24,17.93,17.79,0.8,99.2
2014-07-25,16.2,17.46,7.78,92.22
2014-07-28,16.02,17.25,7.66,92.34
2014-07-29,16.0,17.01,6.31,93.69
2014-07-30,16.13,17.2,6.64,93.36
2014-07-31,15.65,16.11,2.96,97.04
2014-08-01,15.35,15.99,4.15,95.85
2014-08-04,15.68,16.05,2.36,97.64
2014-08-05,15.62,15.67,0.35,99.65
2014-08-06,15.69,15.67,0.15,99.85
2014-08-07,15.57,15.61,0.23,99.77
2014-08-08,15.84,15.67,1.07,98.93
2014-08-11,15.92,15.67,1.54,98.46
2014-08-12,15.97,15.67,1.85,98.15
2014-08-13,16.31,15.73,3.58,96.42
2014-08-14,16.66,16.59,0.44,99.56
2014-08-15,16.68,16.64,0.24,99.76
2014-08-18,16.73,16.76,0.21,99.79
2014-08-19,16.76,16.76,0.01,99.99
2014-08-20,16.79,16.82,0.19,99.81
2014-08-21,16.65,17.21,3.4,96.6
2014-08-22,16.58,17.16,3.49,96.51
2014-08-25,16.7,17.21,3.06,96.94
2014-08-26,17.09,17.21,0.7,99.3
2014-08-27,17.16,17.2,0.21,99.79
2014-08-28,17.0,17.26,1.5,98.5
2014-08-29,16.95,17.16,1.22,98.78
2014-09-02,17.12,17.26,0.8,99.2
2014-09-03,16.95,17.0,0.27,99.73
2014-09-04,17.3,17.0,1.74,98.26
2014-09-05,17.32,17.62,1.74,98.26
2014-09-08,17.12,17.45,1.96,98.04
2014-09-09,16.49,16.97,2.95,97.05
2014-09-10,16.57,17.04,2.88,97.12
2014-09-11,16.53,16.57,0.29,99.71
2014-09-12,16.56,16.59,0.17,99.83
2014-09-15,16.19,16.2,0.04,99.96
2014-09-16,16.39,16.14,1.5,98.5
2014-09-17,16.2,16.02,1.13,98.87
2014-09-18,16.25,16.06,1.17,98.83
2014-09-19,16.57,16.32,1.51,98.49
2014-09-22,16.23,16.06,1.02,98.98
2014-09-23,16.18,15.76,2.61,97.39
2014-09-24,16.41,15.68,4.47,95.53
2014-09-25,16.1,15.51,3.61,96.39
2014-09-26,16.16,15.64,3.25,96.75
2014-09-29,16.09,15.87,1.4,98.6
2014-09-30,16.12,15.75,2.31,97.69
2014-10-01,15.87,15.57,1.92,98.08
2014-10-02,15.92,15.57,2.21,97.79
2014-10-03,16.14,16.01,0.8,99.2
2014-10-06,16.11,15.89,1.38,98.62
2014-10-07,15.85,15.87,0.1,99.9
2014-10-08,16.14,16.01,0.79,99.21
2014-10-09,15.77,15.69,0.49,99.51
2014-10-10,15.57,15.57,0.01,99.99
2014-10-13,15.32,15.53,1.33,98.67
2014-10-14,15.42,15.47,0.35,99.65
2014-10-15,15.3,15.53,1.49,98.51
2014-10-16,15.14,15.32,1.17,98.83
2014-10-17,15.18,15.32,0.91,99.09
2014-10-20,15.31,14.98,2.17,97.83
2014-10-21,15.77,15.34,2.73,97.27
2014-10-22,15.65,15.22,2.76,97.24
2014-10-23,15.66,15.08,3.7,96.3
2014-10-24,14.35,14.86,3.54,96.46
2014-10-27,14.5,14.61,0.77,99.23
2014-10-28,14.78,14.61,1.15,98.85
2014-10-29,14.71,14.78,0.48,99.52
2014-10-30,14.95,14.83,0.79,99.21
2014-10-31,15.27,15.14,0.88,99.12
2014-11-03,15.29,15.09,1.27,98.73
2014-11-04,15.14,15.09,0.32,99.68
2014-11-05,14.83,15.02,1.32,98.68
2014-11-06,14.83,14.97,0.94,99.06
2014-11-07,14.99,14.94,0.36,99.64
2014-11-10,15.26,14.87,2.54,97.46
2014-11-11,15.6,15.14,2.96,97.04
2014-11-12,15.58,15.13,2.89,97.11
2014-11-13,15.82,15.89,0.39,99.61
2014-11-14,16.39,15.96,2.62,97.38
2014-11-17,16.15,15.87,1.78,98.22
2014-11-18,16.25,16.11,0.83,99.17
2014-11-19,16.33,16.49,0.98,99.02
2014-11-20,16.53,16.45,0.49,99.51
2014-11-21,16.63,16.49,0.87,99.13
2014-11-24,16.78,16.71,0.41,99.59
2014-11-25,16.75,16.72,0.2,99.8
2014-11-26,16.68,17.1,2.54,97.46
2014-11-28,16.93,17.1,1.0,99.0
2014-12-01,16.3,16.83,3.25,96.75
2014-12-02,16.32,16.75,2.67,97.33
2014-12-03,15.82,16.41,3.72,96.28
2014-12-04,15.85,16.35,3.17,96.83
2014-12-05,15.63,15.95,2.04,97.96
2014-12-08,15.33,15.57,1.54,98.46
2014-12-09,15.62,15.63,0.01,99.99
2014-12-10,15.29,15.53,1.53,98.47
2014-12-11,15.37,15.32,0.31,99.69
2014-12-12,15.37,15.26,0.72,99.28
2014-12-15,15.3,15.26,0.28,99.72
2014-12-16,14.75,15.26,3.44,96.56
2014-12-17,14.94,14.86,0.55,99.45
2014-12-18,14.89,14.86,0.17,99.83
2014-12-19,14.99,14.68,2.1,97.9
2014-12-22,15.33,14.84,3.19,96.81
2014-12-23,15.31,14.9,2.72,97.28
2014-12-24,15.15,14.84,2.07,97.93
2014-12-26,15.45,15.1,2.27,97.73
2014-12-29,15.6,15.49,0.69,99.31
2014-12-30,15.52,15.15,2.32,97.68
2014-12-31,15.52,15.49,0.15,99.85
2015-01-02,15.43,15.19,1.5,98.5
2015-01-05,15.11,14.95,1.05,98.95
2015-01-06,14.76,14.75,0.08,99.92
2015-01-07,14.92,15.19,1.81,98.19
2015-01-08,15.02,15.13,0.75,99.25
2015-01-09,14.85,15.0,1.04,98.96
2015-01-12,14.57,14.87,2.04,97.96
2015-01-13,14.74,14.64,0.68,99.32
2015-01-14,14.66,14.64,0.18,99.82
2015-01-15,14.35,14.69,2.41,97.59
2015-01-16,14.54,14.59,0.39,99.61
2015-01-20,14.47,14.51,0.23,99.77
2015-01-21,14.86,14.62,1.61,98.39
2015-01-22,15.52,15.13,2.51,97.49
2015-01-23,15.62,15.19,2.75,97.25
2015-01-26,15.48,15.47,0.11,99.89
2015-01-27,15.34,15.49,0.97,99.03
2015-01-28,15.2,15.36,1.05,98.95
2015-01-29,15.59,15.4,1.19,98.81
2015-01-30,17.73,15.86,10.54,89.46
2015-02-02,18.22,16.17,11.29,88.71
2015-02-03,18.18,17.09,5.98,94.02
2015-02-04,18.24,17.09,6.29,93.71
2015-02-05,18.69,17.53,6.24,93.76
2015-02-06,18.71,17.53,6.33,93.67
2015-02-09,18.53,18.12,2.22,97.78
2015-02-10,18.65,18.12,2.86,97.14
2015-02-11,18.76,18.45,1.63,98.37
2015-02-12,18.86,19.15,1.53,98.47
2015-02-13,19.09,19.15,0.29,99.71
2015-02-17,18.77,19.25,2.56,97.44
2015-02-18,18.67,19.25,3.12,96.88
2015-02-19,18.95,19.25,1.59,98.41
2015-02-20,19.18,19.13,0.26,99.74
2015-02-23,19.01,18.92,0.45,99.55
2015-02-24,18.93,18.92,0.04,99.96
2015-02-25,19.27,19.03,1.24,98.76
2015-02-26,19.24,18.92,1.67,98.33
2015-02-27,19.01,19.37,1.91,98.09
2015-03-02,19.28,19.55,1.38,98.62
2015-03-03,19.23,19.49,1.33,98.67
2015-03-04,19.14,19.47,1.74,98.26
2015-03-05,19.39,19.47,0.4,99.6
2015-03-06,19.0,19.11,0.55,99.45
2015-03-09,18.93,19.26,1.74,98.26
2015-03-10,18.48,19.06,3.16,96.84
2015-03-11,18.32,18.74,2.28,97.72
2015-03-12,18.71,18.85,0.74,99.26
2015-03-13,18.53,18.3,1.22,98.78
2015-03-16,18.67,18.51,0.84,99.16
2015-03-17,18.6,18.14,2.44,97.56
2015-03-18,18.76,18.3,2.43,97.57
2015-03-19,18.66,18.32,1.81,98.19
2015-03-20,18.92,18.32,3.17,96.83
2015-03-23,18.76,18.2,2.97,97.03
2015-03-24,18.7,18.3,2.15,97.85
2015-03-25,18.55,18.05,2.71,97.29
2015-03-26,18.37,18.13,1.3,98.7
2015-03-27,18.53,18.14,2.08,97.92
2015-03-30,18.73,18.72,0.07,99.93
2015-03-31,18.6,18.8,1.06,98.94
2015-04-01,18.51,18.34,0.96,99.04
2015-04-02,18.61,18.6,0.05,99.95
2015-04-06,18.85,18.77,0.45,99.55
2015-04-07,18.72,18.6,0.62,99.38
2015-04-08,19.06,18.81,1.3,98.7
2015-04-09,19.18,18.94,1.25,98.75
2015-04-10,19.13,18.87,1.36,98.64
2015-04-13,19.12,18.92,1.04,98.96
2015-04-14,19.26,18.95,1.59,98.41
2015-04-15,19.17,19.1,0.35,99.65
2015-04-16,19.3,19.34,0.19,99.81
2015-04-17,18.78,19.43,3.45,96.55
2015-04-20,19.48,19.5,0.12,99.88
2015-04-21,19.56,19.66,0.52,99.48
2015-04-22,19.49,19.66,0.87,99.13
2015-04-23,19.5,19.65,0.79,99.21
2015-04-24,22.25,20.45,8.09,91.91
2015-04-27,21.93,20.45,6.72,93.28
2015-04-28,21.47,21.5,0.15,99.85
2015-04-29,21.47,21.5,0.14,99.86
2015-04-30,21.09,21.31,1.05,98.95
2015-05-01,21.14,21.31,0.79,99.21
2015-05-04,21.15,21.69,2.54,97.46
2015-05-05,21.06,21.69,2.99,97.01
2015-05-06,20.95,21.69,3.51,96.49
2015-05-07,21.34,21.88,2.53,97.47
2015-05-08,21.68,21.96,1.29,98.71
2015-05-11,21.64,21.91,1.23,98.77
2015-05-12,21.55,21.86,1.45,98.55
2015-05-13,21.34,21.78,2.03,97.97
2015-05-14,21.61,20.85,3.52,96.48
2015-05-15,21.3,20.95,1.65,98.35
2015-05-18,21.26,21.27,0.05,99.95
2015-05-19,21.09,21.06,0.1,99.9
2015-05-20,21.19,21.43,1.12,98.88
2015-05-21,21.58,21.37,0.97,99.03
2015-05-22,21.38,21.33,0.26,99.74
2015-05-26,21.27,21.16,0.53,99.47
2015-05-27,21.57,21.39,0.84,99.16
2015-05-28,21.33,21.07,1.23,98.77
2015-05-29,21.46,21.0,2.14,97.86
2015-06-01,21.55,21.05,2.28,97.72
2015-06-02,21.55,21.14,1.92,98.08
2015-06-03,21.83,21.82,0.02,99.98
2015-06-04,21.54,21.51,0.15,99.85
2015-06-05,21.35,21.88,2.47,97.53
2015-06-08,21.17,21.51,1.56,98.44
2015-06-09,21.27,21.16,0.53,99.47
2015-06-10,21.54,21.66,0.55,99.45
2015-06-11,21.65,21.88,1.05,98.95
2015-06-12,21.5,21.45,0.22,99.78
2015-06-15,21.18,21.34,0.74,99.26
2015-06-16,21.36,21.29,0.34,99.66
2015-06-17,21.39,21.88,2.27,97.73
2015-06-18,21.97,22.11,0.65,99.35
2015-06-19,21.75,21.9,0.71,99.29
2015-06-22,21.81,22.06,1.15,98.85
2015-06-23,22.3,22.11,0.84,99.16
2015-06-24,22.04,22.11,0.32,99.68
2015-06-25,22.0,22.13,0.57,99.43
2015-06-26,21.91,22.41,2.29,97.71
2015-06-29,21.49,22.17,3.15,96.85
2015-06-30,21.7,22.17,2.14,97.86
2015-07-01,21.87,22.17,1.37,98.63
2015-07-02,21.89,22.38,2.25,97.75
2015-07-06,21.8,22.4,2.74,97.26
2015-07-07,21.84,22.38,2.5,97.5
2015-07-08,21.49,22.14,3.07,96.93
2015-07-09,21.72,21.94,1.02,98.98
2015-07-10,22.18,22.38,0.93,99.07
2015-07-13,22.78,22.49,1.28,98.72
2015-07-14,23.28,22.49,3.4,96.6
2015-07-15,23.06,22.57,2.14,97.86
2015-07-16,23.77,22.76,4.27,95.73
2015-07-17,24.15,22.82,5.49,94.51
2015-07-20,24.41,22.94,6.02,93.98
2015-07-21,24.4,24.79,1.59,98.41
2015-07-22,24.41,26.43,8.26,91.74
2015-07-23,24.11,26.32,9.16,90.84
2015-07-24,26.47,26.44,0.13,99.87
2015-07-27,26.57,26.44,0.51,99.49
2015-07-28,26.3,26.44,0.51,99.49
2015-07-29,26.45,26.44,0.06,99.94
2015-07-30,26.84,26.44,1.5,98.5
2015-07-31,26.81,26.5,1.15,98.85
2015-08-03,26.75,26.76,0.04,99.96
2015-08-04,26.59,26.91,1.2,98.8
2015-08-05,26.85,26.91,0.24,99.76
2015-08-06,26.47,26.78,1.16,98.84
2015-08-07,26.13,26.4,1.03,98.97
2015-08-10,26.2,26.4,0.76,99.24
2015-08-11,26.37,26.4,0.1,99.9
2015-08-12,26.3,26.91,2.33,97.67
2015-08-13,26.48,26.29,0.74,99.26
2015-08-14,26.58,26.29,1.09,98.91
2015-08-17,26.76,26.53,0.86,99.14
2015-08-18,26.75,26.51,0.9,99.1
2015-08-19,26.65,25.98,2.52,97.48
2015-08-20,25.79,24.91,3.4,96.6
2015-08-21,24.72,24.61,0.47,99.53
2015-08-24,23.17,24.39,5.27,94.73
2015-08-25,23.32,24.1,3.34,96.66
2015-08-26,25.04,25.12,0.33,99.67
2015-08-27,25.92,25.51,1.59,98.41
2015-08-28,25.9,25.51,1.52,98.48
2015-08-31,25.64,25.44,0.81,99.19
2015-09-01,24.83,25.12,1.18,98.82
2015-09-02,25.53,25.44,0.35,99.65
2015-09-03,25.24,25.3,0.25,99.75
2015-09-04,24.95,25.12,0.68,99.32
2015-09-08,25.88,25.42,1.75,98.25
2015-09-09,25.84,25.44,1.55,98.45
2015-09-10,26.11,25.66,1.72,98.28
2015-09-11,26.47,25.89,2.19,97.81
2015-09-14,26.07,26.52,1.73,98.27
2015-09-15,26.12,26.48,1.37,98.63
2015-09-16,26.37,26.49,0.47,99.53
2015-09-17,26.94,26.47,1.77,98.23
2015-09-18,27.01,26.48,1.96,98.04
2015-09-21,27.42,26.72,2.57,97.43
2015-09-22,26.92,26.85,0.24,99.76
2015-09-23,26.8,26.57,0.86,99.14
2015-09-24,26.69,26.65,0.14,99.86
2015-09-25,26.21,26.57,1.37,98.63
2015-09-28,25.2,25.79,2.32,97.68
2015-09-29,24.8,25.6,3.23,96.77
2015-09-30,25.59,25.92,1.29,98.71
2015-10-01,26.04,25.98,0.23,99.77
2015-10-02,26.63,26.41,0.81,99.19
2015-10-05,27.18,26.47,2.64,97.36
2015-10-06,26.87,26.48,1.48,98.52
2015-10-07,27.1,26.29,2.99,97.01
2015-10-08,26.66,26.09,2.12,97.88
2015-10-09,26.99,26.09,3.33,96.67
2015-10-12,27.51,27.32,0.7,99.3
2015-10-13,27.44,27.32,0.45,99.55
2015-10-14,27.24,27.32,0.27,99.73
2015-10-15,28.12,27.63,1.75,98.25
2015-10-16,28.54,28.14,1.38,98.62
2015-10-19,28.66,28.21,1.56,98.44
2015-10-20,28.04,27.9,0.51,99.49
2015-10-21,27.79,27.71,0.29,99.71
2015-10-22,28.2,27.71,1.73,98.27
2015-10-23,29.95,27.9,6.84,93.16
2015-10-26,30.43,29.67,2.52,97.48
2015-10-27,30.55,29.67,2.9,97.1
2015-10-28,30.85,29.78,3.5,96.5
2015-10-29,31.33,29.78,4.95,95.05
2015-10-30,31.3,31.06,0.75,99.25
2015-11-02,31.42,31.06,1.14,98.86
2015-11-03,31.27,31.06,0.66,99.34
2015-11-04,32.05,31.06,3.08,96.92
2015-11-05,32.78,31.06,5.25,94.75
2015-11-06,32.97,32.85,0.35,99.65
2015-11-09,32.77,32.86,0.26,99.74
2015-11-10,32.98,33.23,0.73,99.27
2015-11-11,33.66,33.23,1.3,98.7
2015-11-12,33.28,33.47,0.56,99.44
2015-11-13,32.12,32.93,2.53,97.47
2015-11-16,32.39,32.93,1.67,98.33
2015-11-17,32.17,32.77,1.88,98.12
2015-11-18,33.18,32.93,0.74,99.26
2015-11-19,33.06,32.88,0.57,99.43
2015-11-20,33.42,32.93,1.47,98.53
2015-11-23,33.95,33.02,2.73,97.27
2015-11-24,33.56,33.5,0.18,99.82
2015-11-25,33.77,33.39,1.1,98.9
2015-11-27,33.66,33.34,0.95,99.05
2015-11-30,33.24,33.17,0.2,99.8
2015-12-01,33.95,33.39,1.65,98.35
2015-12-02,33.8,33.15,1.92,98.08
2015-12-03,33.31,33.15,0.49,99.51
2015-12-04,33.63,34.36,2.16,97.84
2015-12-07,33.49,34.24,2.25,97.75
2015-12-08,33.87,34.41,1.62,98.38
2015-12-09,33.24,33.3,0.18,99.82
2015-12-10,33.12,33.15,0.1,99.9
2015-12-11,32.01,31.92,0.28,99.72
2015-12-14,32.9,32.6,0.9,99.1
2015-12-15,32.93,33.0,0.21,99.79
2015-12-16,33.79,33.8,0.03,99.97
2015-12-17,33.53,33.62,0.25,99.75
2015-12-18,33.21,33.62,1.24,98.76
2015-12-21,33.23,33.39,0.48,99.52
2015-12-22,33.16,33.0,0.47,99.53
2015-12-23,33.19,33.1,0.24,99.76
2015-12-24,33.14,33.0,0.42,99.58
2015-12-28,33.76,33.32,1.29,98.71
2015-12-29,34.7,34.91,0.61,99.39
2015-12-30,34.45,34.86,1.18,98.82
2015-12-31,33.79,34.79,2.95,97.05
2016-01-04,31.85,34.59,8.59,91.41
2016-01-05,31.69,32.38,2.17,97.83
2016-01-06,31.63,32.38,2.35,97.65
2016-01-07,30.4,31.15,2.48,97.52
2016-01-08,30.35,30.42,0.23,99.77
2016-01-11,30.89,30.8,0.27,99.73
2016-01-12,30.89,30.8,0.29,99.71
2016-01-13,29.09,30.42,4.58,95.42
2016-01-14,29.65,30.61,3.23,96.77
2016-01-15,28.51,28.63,0.42,99.58
2016-01-19,28.72,28.63,0.33,99.67
2016-01-20,28.59,28.17,1.48,98.52
2016-01-21,28.75,28.17,2.04,97.96
2016-01-22,29.82,28.75,3.58,96.42
2016-01-25,29.83,28.18,5.51,94.49
2016-01-26,30.06,28.32,5.79,94.21
2016-01-27,29.17,28.77,1.37,98.63
2016-01-28,31.77,30.37,4.39,95.61
2016-01-29,29.35,29.88,1.81,98.19
2016-02-01,28.74,29.33,2.05,97.95
2016-02-02,27.6,28.85,4.51,95.49
2016-02-03,26.55,28.04,5.62,94.38
2016-02-04,26.81,27.75,3.5,96.5
2016-02-05,25.11,27.56,9.79,90.21
2016-02-08,24.41,25.79,5.67,94.33
2016-02-09,24.1,25.79,6.99,93.01
2016-02-10,24.52,25.92,5.69,94.31
2016-02-11,25.19,25.79,2.37,97.63
2016-02-12,25.35,25.52,0.65,99.35
2016-02-16,26.06,25.73,1.24,98.76
2016-02-17,26.7,26.21,1.85,98.15
2016-02-18,26.25,25.21,3.95,96.05
2016-02-19,26.75,25.73,3.79,96.21
2016-02-22,27.98,26.76,4.33,95.67
2016-02-23,27.65,27.28,1.33,98.67
2016-02-24,27.7,27.59,0.41,99.59
2016-02-25,27.76,27.47,1.03,98.97
2016-02-26,27.76,27.9,0.51,99.49
2016-02-29,27.63,28.17,1.95,98.05
2016-03-01,28.95,28.22,2.54,97.46
2016-03-02,29.01,28.22,2.73,97.27
2016-03-03,28.87,28.21,2.3,97.7
2016-03-04,28.76,28.21,1.9,98.1
2016-03-07,28.14,29.28,4.05,95.95
2016-03-08,28.01,29.11,3.93,96.07
2016-03-09,27.97,29.28,4.67,95.33
2016-03-10,27.95,29.19,4.47,95.53
2016-03-11,28.48,29.15,2.36,97.64
2016-03-14,28.67,29.27,2.11,97.89
2016-03-15,28.85,29.27,1.46,98.54
2016-03-16,28.71,29.12,1.4,98.6
2016-03-17,27.97,28.87,3.2,96.8
2016-03-18,27.6,28.66,3.83,96.17
2016-03-21,27.7,27.23,1.69,98.31
2016-03-22,28.02,27.56,1.64,98.36
2016-03-23,28.48,28.55,0.23,99.77
2016-03-24,29.15,29.03,0.39,99.61
2016-03-28,28.99,29.11,0.39,99.61
2016-03-29,29.69,29.28,1.39,98.61
2016-03-30,29.93,29.37,1.9,98.1
2016-03-31,29.68,29.27,1.38,98.62
2016-04-01,29.92,29.27,2.18,97.82
2016-04-04,29.66,29.17,1.63,98.37
2016-04-05,29.31,30.32,3.45,96.55
2016-04-06,30.1,30.4,0.98,99.02
2016-04-07,29.57,30.56,3.33,96.67
2016-04-08,29.73,30.65,3.1,96.9
2016-04-11,29.8,30.65,2.87,97.13
2016-04-12,30.16,30.65,1.63,98.37
2016-04-13,30.74,30.7,0.15,99.85
2016-04-14,31.04,30.56,1.53,98.47
2016-04-15,31.29,30.75,1.74,98.26
2016-04-18,31.77,30.75,3.2,96.8
2016-04-19,31.4,30.56,2.67,97.33
2016-04-20,31.65,30.65,3.16,96.84
2016-04-21,31.55,30.56,3.15,96.85
2016-04-22,31.02,32.19,3.77,96.23
2016-04-25,31.31,32.44,3.62,96.38
2016-04-26,30.84,32.16,4.28,95.72
2016-04-27,30.33,32.16,6.05,93.95
2016-04-28,30.1,31.94,6.13,93.87
2016-04-29,32.98,31.28,5.16,94.84
2016-05-02,34.19,33.11,3.16,96.84
2016-05-03,33.57,32.93,1.89,98.11
2016-05-04,33.54,32.93,1.83,98.17
2016-05-05,32.95,32.74,0.64,99.36
2016-05-06,33.7,32.76,2.78,97.22
2016-05-09,33.99,32.93,3.11,96.89
2016-05-10,35.15,32.94,6.3,93.7
2016-05-11,35.66,33.8,5.22,94.78
2016-05-12,35.9,34.06,5.12,94.88
2016-05-13,35.5,35.35,0.4,99.6
2016-05-16,35.53,35.45,0.23,99.77
2016-05-17,34.76,35.41,1.86,98.14
2016-05-18,34.87,36.17,3.73,96.27
2016-05-19,34.93,35.77,2.42,97.58
2016-05-20,35.14,35.58,1.26,98.74
2016-05-23,34.84,35.61,2.22,97.78
2016-05-24,35.21,35.72,1.44,98.56
2016-05-25,35.42,35.91,1.39,98.61
2016-05-26,35.75,36.0,0.72,99.28
2016-05-27,35.61,35.86,0.71,99.29
2016-05-31,36.14,35.7,1.21,98.79
2016-06-01,35.97,35.62,0.98,99.02
2016-06-02,36.41,35.72,1.9,98.1
2016-06-03,36.28,35.69,1.61,98.39
2016-06-06,36.34,35.69,1.77,98.23
2016-06-07,36.19,36.12,0.19,99.81
2016-06-08,36.33,36.12,0.59,99.41
2016-06-09,36.38,36.12,0.73,99.27
2016-06-10,35.9,35.81,0.24,99.76
2016-06-13,35.76,36.58,2.3,97.7
2016-06-14,35.97,36.48,1.42,98.58
2016-06-15,35.71,36.34,1.75,98.25
2016-06-16,35.88,36.38,1.41,98.59
2016-06-17,35.32,36.04,2.04,97.96
2016-06-20,35.7,36.03,0.92,99.08
2016-06-21,35.79,36.09,0.84,99.16
2016-06-22,35.53,35.22,0.87,99.13
2016-06-23,36.1,36.09,0.04,99.96
2016-06-24,34.95,35.14,0.55,99.45
2016-06-27,34.57,34.54,0.07,99.93
2016-06-28,35.4,35.14,0.73,99.27
2016-06-29,35.78,35.39,1.08,98.92
2016-06-30,35.78,35.24,1.52,98.48
2016-07-01,36.28,36.35,0.18,99.82
2016-07-05,36.4,36.27,0.38,99.62
2016-07-06,36.88,36.63,0.68,99.32
2016-07-07,36.83,36.56,0.74,99.26
2016-07-08,37.29,36.87,1.14,98.86
2016-07-11,37.69,36.87,2.18,97.82
2016-07-12,37.41,36.73,1.82,98.18
2016-07-13,37.13,36.73,1.09,98.91
2016-07-14,37.06,36.67,1.05,98.95
2016-07-15,36.77,36.95,0.49,99.51
2016-07-18,36.8,37.28,1.31,98.69
2016-07-19,37.0,37.0,0.01,99.99
2016-07-20,37.29,37.43,0.37,99.63
2016-07-21,37.22,37.43,0.55,99.45
2016-07-22,37.24,37.29,0.12,99.88
2016-07-25,36.98,37.1,0.32,99.68
2016-07-26,36.78,36.38,1.08,98.92
2016-07-27,36.83,36.47,0.99,99.01
2016-07-28,37.63,37.62,0.03,99.97
2016-07-29,37.94,37.61,0.86,99.14
2016-08-01,38.39,37.95,1.13,98.87
2016-08-02,38.03,37.82,0.55,99.45
2016-08-03,37.73,38.42,1.82,98.18
2016-08-04,38.04,38.61,1.51,98.49
2016-08-05,38.3,38.38,0.22,99.78
2016-08-08,38.33,38.38,0.15,99.85
2016-08-09,38.42,38.38,0.1,99.9
2016-08-10,38.43,38.38,0.11,99.89
2016-08-11,38.56,38.38,0.46,99.54
2016-08-12,38.63,38.79,0.41,99.59
2016-08-15,38.42,38.79,0.94,99.06
2016-08-16,38.2,38.61,1.08,98.92
2016-08-17,38.23,38.44,0.54,99.46
2016-08-18,38.22,38.27,0.13,99.87
2016-08-19,37.87,37.66,0.54,99.46
2016-08-22,37.97,38.07,0.26,99.74
2016-08-23,38.12,38.49,0.97,99.03
2016-08-24,37.86,38.13,0.7,99.3
2016-08-25,37.96,37.77,0.51,99.49
2016-08-26,38.45,38.4,0.14,99.86
2016-08-29,38.56,38.4,0.44,99.56
2016-08-30,38.38,38.26,0.3,99.7
2016-08-31,38.46,38.18,0.72,99.28
2016-09-01,38.53,38.18,0.91,99.09
2016-09-02,38.62,38.4,0.59,99.41
2016-09-06,39.44,39.29,0.39,99.61
2016-09-07,39.22,39.15,0.19,99.81
2016-09-08,39.2,39.15,0.13,99.87
2016-09-09,38.01,38.81,2.12,97.88
2016-09-12,38.57,39.03,1.18,98.82
2016-09-13,38.05,38.68,1.65,98.35
2016-09-14,38.05,38.81,1.99,98.01
2016-09-15,38.48,38.82,0.86,99.14
2016-09-16,38.93,38.81,0.29,99.71
2016-09-19,38.76,38.81,0.15,99.85
2016-09-20,39.01,38.95,0.15,99.85
2016-09-21,39.49,38.96,1.33,98.67
2016-09-22,40.24,39.1,2.83,97.17
2016-09-23,40.29,39.09,2.96,97.04
2016-09-26,39.96,40.39,1.08,98.92
2016-09-27,40.81,40.67,0.32,99.68
2016-09-28,41.44,40.77,1.6,98.4
2016-09-29,41.45,41.31,0.35,99.65
2016-09-30,41.87,41.31,1.34,98.66
2016-10-03,41.84,41.31,1.25,98.75
2016-10-04,41.7,41.31,0.93,99.07
2016-10-05,42.22,41.31,2.14,97.86
2016-10-06,42.08,41.98,0.25,99.75
2016-10-07,41.97,41.98,0.02,99.98
2016-10-10,42.09,41.98,0.26,99.74
2016-10-11,41.55,41.58,0.08,99.92
2016-10-12,41.7,41.45,0.61,99.39
2016-10-13,41.46,41.39,0.19,99.81
2016-10-14,41.15,41.39,0.58,99.42
2016-10-17,40.65,40.95,0.74,99.26
2016-10-18,40.88,40.88,0.02,99.98
2016-10-19,40.88,40.88,0.02,99.98
2016-10-20,40.52,39.52,2.47,97.53
2016-10-21,40.95,40.56,0.94,99.06
2016-10-24,41.9,41.17,1.76,98.24
2016-10-25,41.76,40.9,2.06,97.94
2016-10-26,41.13,40.56,1.39,98.61
2016-10-27,40.92,40.56,0.88,99.12
2016-10-28,38.82,39.33,1.33,98.67
2016-10-31,39.49,39.43,0.16,99.84
2016-11-01,39.27,39.04,0.58,99.42
2016-11-02,38.28,38.84,1.48,98.52
2016-11-03,38.35,38.72,0.95,99.05
2016-11-04,37.75,38.84,2.89,97.11
2016-11-07,39.25,39.89,1.63,98.37
2016-11-08,39.39,40.2,2.07,97.93
2016-11-09,38.59,39.89,3.35,96.65
2016-11-10,37.12,37.01,0.28,99.72
2016-11-11,36.95,36.96,0.02,99.98
2016-11-14,35.95,36.73,2.15,97.85
2016-11-15,37.16,37.11,0.14,99.86
2016-11-16,37.32,37.48,0.41,99.59
2016-11-17,37.82,38.26,1.16,98.84
2016-11-18,38.01,38.24,0.6,99.4
2016-11-21,39.0,38.37,1.63,98.37
2016-11-22,39.27,38.59,1.73,98.27
2016-11-23,39.01,38.58,1.09,98.91
2016-11-25,39.02,38.32,1.8,98.2
2016-11-28,38.34,37.9,1.15,98.85
2016-11-29,38.13,37.88,0.66,99.34
2016-11-30,37.53,37.77,0.64,99.36
2016-12-01,37.18,37.93,2.02,97.98
2016-12-02,37.02,37.93,2.47,97.53
2016-12-05,37.97,38.38,1.08,98.92
2016-12-06,38.24,38.19,0.12,99.88
2016-12-07,38.52,38.21,0.81,99.19
2016-12-08,38.37,38.04,0.84,99.16
2016-12-09,38.43,38.04,1.02,98.98
2016-12-12,38.01,37.66,0.91,99.09
2016-12-13,38.72,38.13,1.52,98.48
2016-12-14,38.44,38.13,0.82,99.18
2016-12-15,38.05,37.99,0.16,99.84
2016-12-16,37.89,38.13,0.63,99.37
2016-12-19,38.3,38.4,0.25,99.75
2016-12-20,38.56,38.56,0.01,99.99
2016-12-21,38.53,38.73,0.53,99.47
2016-12-22,38.32,38.68,0.95,99.05
2016-12-23,38.03,38.37,0.9,99.1
2016-12-27,38.57,38.4,0.45,99.55
2016-12-28,38.61,38.37,0.61,99.39
2016-12-29,38.26,38.18,0.2,99.8
2016-12-30,37.49,37.77,0.73,99.27
2017-01-03,37.68,38.13,1.18,98.82
2017-01-04,37.86,37.77,0.24,99.76
2017-01-05,39.02,38.4,1.59,98.41
2017-01-06,39.8,38.73,2.68,97.32
2017-01-09,39.85,39.16,1.73,98.27
2017-01-10,39.79,39.15,1.62,98.38
2017-01-11,39.95,39.15,2.0,98.0
2017-01-12,40.68,39.24,3.54,96.46
2017-01-13,40.86,40.81,0.13,99.87
2017-01-17,40.49,40.91,1.05,98.95
2017-01-18,40.37,40.78,1.0,99.0
2017-01-19,40.45,40.78,0.8,99.2
2017-01-20,40.42,40.91,1.22,98.78
2017-01-23,40.89,41.31,1.02,98.98
2017-01-24,41.12,41.31,0.46,99.54
2017-01-25,41.83,41.31,1.23,98.77
2017-01-26,41.96,41.31,1.54,98.46
2017-01-27,41.79,41.31,1.15,98.85
2017-01-30,41.52,41.58,0.15,99.85
2017-01-31,41.17,41.45,0.67,99.33
2017-02-01,41.62,41.45,0.4,99.6
2017-02-02,42.0,41.44,1.32,98.68
2017-02-03,40.51,40.95,1.08,98.92
2017-02-06,40.38,41.03,1.61,98.39
2017-02-07,40.62,41.17,1.33,98.67
2017-02-08,40.99,41.17,0.44,99.56
2017-02-09,41.07,40.5,1.39,98.61
2017-02-10,41.37,40.49,2.13,97.87
2017-02-13,41.83,41.3,1.25,98.75
2017-02-14,41.82,41.14,1.62,98.38
2017-02-15,42.13,41.17,2.3,97.7
2017-02-16,42.21,42.16,0.1,99.9
2017-02-17,42.25,42.31,0.14,99.86
2017-02-21,42.82,42.44,0.89,99.11
2017-02-22,42.78,42.34,1.02,98.98
2017-02-23,42.61,42.31,0.69,99.31
2017-02-24,42.26,42.82,1.33,98.67
2017-02-27,42.43,42.98,1.28,98.72
2017-02-28,42.25,42.87,1.45,98.55
2017-03-01,42.65,42.87,0.5,99.5
2017-03-02,42.45,42.58,0.32,99.68
2017-03-03,42.49,43.07,1.35,98.65
2017-03-06,42.33,42.31,0.04,99.96
2017-03-07,42.3,42.31,0.03,99.97
2017-03-08,42.53,42.31,0.49,99.51
2017-03-09,42.65,42.31,0.79,99.21
2017-03-10,42.62,42.38,0.57,99.43
2017-03-13,42.73,42.25,1.12,98.88
2017-03-14,42.63,42.25,0.88,99.12
2017-03-15,42.65,42.55,0.22,99.78
2017-03-16,42.67,42.72,0.12,99.88
2017-03-17,42.62,43.34,1.7,98.3
2017-03-20,42.85,42.92,0.17,99.83
2017-03-21,42.16,42.48,0.75,99.25
2017-03-22,42.4,42.45,0.1,99.9
2017-03-23,42.37,42.25,0.28,99.72
2017-03-24,42.28,42.25,0.07,99.93
2017-03-27,42.34,42.55,0.5,99.5
2017-03-28,42.8,42.56,0.57,99.43
2017-03-29,43.72,44.5,1.8,98.2
2017-03-30,43.82,45.12,2.98,97.02
2017-03-31,44.33,45.56,2.77,97.23
2017-04-03,44.58,45.84,2.84,97.16
2017-04-04,45.34,45.95,1.35,98.65
2017-04-05,45.46,45.95,1.07,98.93
2017-04-06,44.91,45.56,1.43,98.57
2017-04-07,44.74,45.42,1.52,98.48
2017-04-10,45.35,45.95,1.32,98.68
2017-04-11,45.12,45.8,1.51,98.49
2017-04-12,44.81,45.56,1.66,98.34
2017-04-13,44.23,45.42,2.69,97.31
2017-04-17,45.1,45.56,1.01,98.99
2017-04-18,45.19,45.51,0.71,99.29
2017-04-19,44.96,45.71,1.66,98.34
2017-04-20,45.1,45.71,1.34,98.66
2017-04-21,44.93,45.53,1.35,98.65
2017-04-24,45.37,45.68,0.68,99.32
2017-04-25,45.38,45.53,0.33,99.67
2017-04-26,45.46,45.53,0.14,99.86
2017-04-27,45.92,46.34,0.91,99.09
2017-04-28,46.25,46.54,0.62,99.38
2017-05-01,47.41,45.99,3.0,97.0
2017-05-02,47.35,46.04,2.77,97.23
2017-05-03,47.05,46.04,2.16,97.84
2017-05-04,46.88,46.43,0.94,99.06
2017-05-05,46.71,46.04,1.43,98.57
2017-05-08,47.45,46.32,2.39,97.61
2017-05-09,47.64,48.51,1.82,98.18
2017-05-10,47.45,48.4,2.0,98.0
2017-05-11,47.38,49.06,3.54,96.46
2017-05-12,48.07,49.06,2.06,97.94
2017-05-15,47.9,48.99,2.29,97.71
2017-05-16,48.3,48.95,1.34,98.66
2017-05-17,47.24,48.42,2.5,97.5
2017-05-18,47.92,48.54,1.28,98.72
2017-05-19,47.99,48.25,0.53,99.47
2017-05-22,48.53,48.41,0.26,99.74
2017-05-23,48.58,48.61,0.07,99.93
2017-05-24,49.02,48.66,0.73,99.27
2017-05-25,49.67,48.97,1.41,98.59
2017-05-26,49.79,49.24,1.09,98.91
2017-05-30,49.83,49.24,1.19,98.81
2017-05-31,49.73,49.53,0.4,99.6
2017-06-01,49.8,49.68,0.23,99.77
2017-06-02,50.34,49.9,0.86,99.14
2017-06-05,50.57,50.28,0.58,99.42
2017-06-06,50.15,49.81,0.67,99.33
2017-06-07,50.5,50.02,0.96,99.04
2017-06-08,50.51,50.02,0.98,99.02
2017-06-09,48.92,49.38,0.96,99.04
2017-06-12,48.25,48.59,0.71,99.29
2017-06-13,49.04,49.16,0.25,99.75
2017-06-14,48.82,48.59,0.48,99.52
2017-06-15,48.21,48.09,0.25,99.75
2017-06-16,49.39,48.66,1.47,98.53
2017-06-19,49.76,49.33,0.86,99.14
2017-06-20,49.63,49.18,0.9,99.1
2017-06-21,50.11,49.34,1.54,98.46
2017-06-22,50.06,49.07,1.99,98.01
2017-06-23,50.19,49.07,2.23,97.77
2017-06-26,49.7,49.0,1.41,98.59
2017-06-27,48.84,48.7,0.28,99.72
2017-06-28,49.52,48.95,1.15,98.85
2017-06-29,48.8,49.42,1.28,98.72
2017-06-30,48.4,49.27,1.8,98.2
2017-07-03,47.68,48.27,1.22,98.78
2017-07-05,48.57,48.66,0.18,99.82
2017-07-06,48.26,49.23,2.02,97.98
2017-07-07,48.94,48.51,0.88,99.12
2017-07-10,49.82,49.08,1.49,98.51
2017-07-11,49.71,49.08,1.26,98.74
2017-07-12,50.33,49.08,2.48,97.52
2017-07-13,50.03,49.53,1.0,99.0
2017-07-14,50.09,49.53,1.12,98.88
2017-07-17,50.5,49.84,1.32,98.68
2017-07-18,51.22,50.58,1.25,98.75
2017-07-19,51.34,50.43,1.77,98.23
2017-07-20,51.44,50.68,1.47,98.53
2017-07-21,51.28,50.68,1.18,98.82
2017-07-24,51.95,53.15,2.31,97.69
2017-07-25,51.99,53.14,2.21,97.79
2017-07-26,52.64,54.9,4.3,95.7
2017-07-27,52.3,54.96,5.09,94.91
2017-07-28,51.0,54.32,6.51,93.49
2017-07-31,49.39,53.17,7.66,92.34
2017-08-01,49.81,53.12,6.65,93.35
2017-08-02,49.79,51.35,3.13,96.87
2017-08-03,49.35,51.3,3.96,96.04
2017-08-04,49.38,51.06,3.4,96.6
2017-08-07,49.61,48.7,1.85,98.15
2017-08-08,49.49,48.81,1.37,98.63
2017-08-09,49.1,48.13,1.97,98.03
2017-08-10,47.85,49.49,3.44,96.56
2017-08-11,48.4,49.36,1.99,98.01
2017-08-14,49.17,50.02,1.74,98.26
2017-08-15,49.14,49.43,0.6,99.4
2017-08-16,48.91,47.85,2.16,97.84
2017-08-17,48.03,47.76,0.56,99.44
2017-08-18,47.92,48.61,1.44,98.56
2017-08-21,47.66,47.34,0.69,99.31
2017-08-22,48.35,48.12,0.47,99.53
2017-08-23,47.9,48.12,0.46,99.54
2017-08-24,47.62,47.93,0.65,99.35
2017-08-25,47.26,47.05,0.46,99.54
2017-08-28,47.3,46.84,0.98,99.02
2017-08-29,47.7,47.52,0.39,99.61
2017-08-30,48.38,48.24,0.29,99.71
2017-08-31,49.03,48.35,1.38,98.62
2017-09-01,48.91,47.9,2.06,97.94
2017-09-05,48.26,47.83,0.9,99.1
2017-09-06,48.39,47.85,1.11,98.89
2017-09-07,48.97,49.03,0.13,99.87
2017-09-08,48.29,48.88,1.22,98.78
2017-09-11,48.9,49.03,0.28,99.72
2017-09-12,49.13,49.1,0.06,99.94
2017-09-13,49.98,49.37,1.23,98.77
2017-09-14,49.61,49.37,0.49,99.51
2017-09-15,49.34,49.37,0.05,99.95
2017-09-18,48.71,49.46,1.55,98.45
2017-09-19,48.49,49.24,1.53,98.47
2017-09-20,48.66,49.23,1.18,98.82
2017-09-21,48.23,48.6,0.76,99.24
2017-09-22,47.76,48.27,1.07,98.93
2017-09-25,46.99,48.11,2.39,97.61
2017-09-26,46.93,48.06,2.41,97.59
2017-09-27,47.54,48.05,1.07,98.93
2017-09-28,47.82,47.86,0.08,99.92
2017-09-29,48.07,47.83,0.48,99.52
2017-10-02,47.96,47.52,0.92,99.08
2017-10-03,47.85,46.36,3.12,96.88
2017-10-04,48.27,47.1,2.43,97.57
2017-10-05,49.04,47.91,2.31,97.69
2017-10-06,49.48,48.59,1.8,98.2
2017-10-09,49.55,48.78,1.56,98.44
2017-10-10,49.36,49.3,0.13,99.87
2017-10-11,49.75,49.65,0.19,99.81
2017-10-12,50.05,49.88,0.34,99.66
2017-10-13,50.15,49.87,0.56,99.44
2017-10-16,50.32,50.06,0.52,99.48
2017-10-17,50.46,50.02,0.87,99.13
2017-10-18,49.85,50.75,1.8,98.2
2017-10-19,49.33,50.3,1.96,98.04
2017-10-20,49.15,50.24,2.23,97.77
2017-10-23,48.31,49.16,1.76,98.24
2017-10-24,48.79,49.24,0.91,99.09
2017-10-25,48.65,48.54,0.22,99.78
2017-10-26,48.62,48.2,0.87,99.13
2017-10-27,55.05,51.05,7.26,92.74
2017-10-30,55.54,52.94,4.69,95.31
2017-10-31,55.26,55.23,0.07,99.93
2017-11-01,55.18,54.98,0.36,99.64
2017-11-02,54.71,54.86,0.26,99.74
2017-11-03,55.58,54.86,1.3,98.7
2017-11-06,56.03,54.86,2.1,97.9
2017-11-07,56.16,55.18,1.73,98.27
2017-11-08,56.64,55.29,2.39,97.61
2017-11-09,56.46,55.29,2.06,97.94
2017-11-10,56.27,55.14,2.01,97.99
2017-11-13,56.46,56.43,0.04,99.96
2017-11-14,56.84,56.43,0.72,99.28
2017-11-15,56.33,56.43,0.18,99.82
2017-11-16,56.86,56.24,1.1,98.9
2017-11-17,56.49,55.92,1.02,98.98
2017-11-20,56.32,55.87,0.79,99.21
2017-11-21,56.97,56.23,1.31,98.69
2017-11-22,57.81,55.23,4.46,95.54
2017-11-24,59.3,56.26,5.13,94.87
2017-11-27,59.79,57.76,3.4,96.6
2017-11-28,59.68,56.73,4.94,95.06
2017-11-29,58.06,56.88,2.04,97.96
2017-11-30,58.84,58.81,0.04,99.96
2017-12-01,58.12,58.51,0.67,99.33
2017-12-04,56.7,56.49,0.36,99.64
2017-12-05,57.08,56.49,1.02,98.98
2017-12-06,57.62,56.78,1.45,98.55
2017-12-07,57.99,56.65,2.32,97.68
2017-12-08,58.1,58.55,0.78,99.22
2017-12-11,58.45,58.51,0.1,99.9
2017-12-12,58.25,58.53,0.48,99.52
2017-12-13,58.21,58.17,0.06,99.94
2017-12-14,58.71,57.54,1.99,98.01
2017-12-15,58.96,57.54,2.4,97.6
2017-12-18,59.53,58.02,2.54,97.46
2017-12-19,59.37,58.57,1.34,98.66
2017-12-20,58.88,58.17,1.21,98.79
2017-12-21,58.74,60.33,2.71,97.29
2017-12-22,58.42,60.94,4.32,95.68
2017-12-26,58.84,60.99,3.66,96.34
2017-12-27,59.11,60.94,3.1,96.9
2017-12-28,59.31,60.94,2.75,97.25
2017-12-29,58.47,60.37,3.24,96.76
2018-01-02,59.45,60.56,1.87,98.13
2018-01-03,60.21,60.94,1.21,98.79
2018-01-04,60.48,60.94,0.77,99.23
2018-01-05,61.46,61.04,0.69,99.31
2018-01-08,62.34,68.78,10.32,89.68
2018-01-09,62.63,68.78,9.81,90.19
2018-01-10,62.72,66.84,6.57,93.43
2018-01-11,63.83,66.82,4.67,95.33
2018-01-12,65.26,66.93,2.56,97.44
2018-01-16,65.24,66.86,2.48,97.52
2018-01-17,64.75,66.82,3.19,96.81
2018-01-18,64.67,66.82,3.33,96.67
2018-01-19,64.73,66.82,3.23,96.77
2018-01-22,66.37,66.97,0.91,99.09
2018-01-23,68.13,66.97,1.7,98.3
2018-01-24,67.88,66.97,1.34,98.66
2018-01-25,68.9,69.44,0.79,99.21
2018-01-26,70.1,69.44,0.95,99.05
2018-01-29,70.88,69.44,2.04,97.96
2018-01-30,71.89,69.44,3.41,96.59
2018-01-31,72.54,69.44,4.28,95.72
2018-02-01,69.5,68.9,0.87,99.13
2018-02-02,71.5,68.78,3.8,96.2
2018-02-05,69.5,68.72,1.12,98.88
2018-02-06,72.14,68.9,4.5,95.5
2018-02-07,70.84,68.8,2.88,97.12
2018-02-08,67.53,68.32,1.17,98.83
2018-02-09,66.98,68.04,1.58,98.42
2018-02-12,69.31,68.23,1.56,98.44
2018-02-13,70.73,68.32,3.41,96.59
2018-02-14,72.55,68.42,5.69,94.31
2018-02-15,73.09,71.78,1.8,98.2
2018-02-16,72.43,71.14,1.79,98.21
2018-02-20,73.42,74.59,1.59,98.41
2018-02-21,74.15,74.59,0.59,99.41
2018-02-22,74.27,75.0,0.99,99.01
2018-02-23,75.0,74.81,0.25,99.75
2018-02-26,76.1,75.36,0.96,99.04
2018-02-27,75.6,75.0,0.8,99.2
2018-02-28,75.62,75.36,0.35,99.65
2018-03-01,74.67,76.24,2.1,97.9
2018-03-02,75.01,76.19,1.57,98.43
2018-03-05,76.18,76.24,0.08,99.92
2018-03-06,76.88,76.24,0.83,99.17
2018-03-07,77.25,76.14,1.44,98.56
2018-03-08,77.59,78.52,1.19,98.81
2018-03-09,78.94,79.01,0.09,99.91
2018-03-12,79.92,79.14,0.97,99.03
2018-03-13,79.41,78.95,0.57,99.43
2018-03-14,79.55,78.95,0.75,99.25
2018-03-15,79.12,78.36,0.96,99.04
2018-03-16,78.58,78.4,0.23,99.77
2018-03-19,77.25,77.86,0.79,99.21
2018-03-20,79.33,78.28,1.32,98.68
2018-03-21,79.09,79.42,0.41,99.59
2018-03-22,77.25,78.81,2.02,97.98
2018-03-23,74.78,76.75,2.64,97.36
2018-03-26,77.79,78.51,0.92,99.08
2018-03-27,74.85,75.67,1.09,98.91
2018-03-28,71.57,71.39,0.25,99.75
2018-03-29,72.37,71.67,0.96,99.04
2018-04-02,68.6,70.43,2.67,97.33
2018-04-03,69.6,70.77,1.68,98.32
2018-04-04,70.53,70.39,0.19,99.81
2018-04-05,72.59,71.89,0.96,99.04
2018-04-06,70.26,71.12,1.22,98.78
2018-04-09,70.3,71.54,1.76,98.24
2018-04-10,71.81,71.12,0.96,99.04
2018-04-11,71.35,70.81,0.75,99.25
2018-04-12,72.43,72.27,0.21,99.79
2018-04-13,71.54,73.23,2.36,97.64
2018-04-16,72.07,71.19,1.23,98.77
2018-04-17,75.19,74.4,1.06,98.94
2018-04-18,76.39,75.21,1.55,98.45
2018-04-19,77.85,75.28,3.29,96.71
2018-04-20,76.37,75.45,1.2,98.8
2018-04-23,75.89,77.83,2.55,97.45
2018-04-24,73.0,75.02,2.76,97.24
2018-04-25,73.01,74.72,2.35,97.65
2018-04-26,75.9,75.78,0.15,99.85
2018-04-27,78.63,78.3,0.42,99.58
2018-04-30,78.31,78.25,0.07,99.93
2018-05-01,79.11,78.26,1.08,98.92
2018-05-02,78.48,78.4,0.1,99.9
2018-05-03,78.6,78.41,0.25,99.75
2018-05-04,79.05,78.41,0.81,99.19
2018-05-07,80.01,78.4,2.0,98.0
2018-05-08,79.62,79.11,0.63,99.37
2018-05-09,80.4,79.3,1.36,98.64
2018-05-10,80.45,79.83,0.78,99.22
2018-05-11,80.15,79.83,0.4,99.6
2018-05-14,80.08,80.17,0.11,99.89
2018-05-15,78.81,79.87,1.36,98.64
2018-05-16,79.36,79.57,0.26,99.74
2018-05-17,79.09,78.55,0.68,99.32
2018-05-18,78.72,78.55,0.21,99.79
2018-05-21,79.27,78.36,1.15,98.85
2018-05-22,79.07,79.97,1.14,98.86
2018-05-23,80.09,80.38,0.35,99.65
2018-05-24,80.15,79.92,0.29,99.71
2018-05-25,80.51,79.75,0.94,99.06
2018-05-29,80.64,80.05,0.74,99.26
2018-05-30,81.24,82.12,1.07,98.93
2018-05-31,81.48,82.33,1.04,98.96
2018-06-01,82.08,83.18,1.35,98.65
2018-06-04,83.26,83.4,0.16,99.84
2018-06-05,84.82,83.69,1.33,98.67
2018-06-06,84.79,83.69,1.3,98.7
2018-06-07,84.46,84.03,0.51,99.49
2018-06-08,84.2,84.03,0.2,99.8
2018-06-11,84.46,83.94,0.61,99.39
2018-06-12,84.94,86.15,1.43,98.57
2018-06-13,85.24,87.05,2.12,97.88
2018-06-14,86.19,87.15,1.11,98.89
2018-06-15,85.8,87.24,1.68,98.32
2018-06-18,86.19,87.41,1.41,98.59
2018-06-19,86.74,87.61,1.01,98.99
2018-06-20,87.5,88.33,0.94,99.06
2018-06-21,86.51,88.42,2.21,97.79
2018-06-22,85.78,87.91,2.48,97.52
2018-06-25,83.16,84.15,1.2,98.8
2018-06-26,84.55,85.15,0.71,99.29
2018-06-27,83.03,84.61,1.91,98.09
2018-06-28,85.07,86.38,1.53,98.47
2018-06-29,84.99,86.03,1.22,98.78
2018-07-02,85.69,86.17,0.56,99.44
2018-07-03,84.7,85.47,0.91,99.09
2018-07-05,84.99,85.46,0.55,99.45
2018-07-06,85.53,86.12,0.69,99.31
2018-07-09,86.95,86.17,0.9,99.1
2018-07-10,87.15,86.17,1.13,98.87
2018-07-11,87.75,86.52,1.4,98.6
2018-07-12,89.83,88.22,1.79,98.21
2018-07-13,90.65,88.73,2.12,97.88
2018-07-16,91.12,89.3,2.0,98.0
2018-07-17,92.2,91.15,1.14,98.86
2018-07-18,92.15,91.28,0.94,99.06
2018-07-19,90.65,91.56,1.01,98.99
2018-07-20,90.68,91.57,0.98,99.02
2018-07-23,90.1,91.4,1.44,98.56
2018-07-24,91.46,93.19,1.89,98.11
2018-07-25,93.18,93.13,0.06,99.94
2018-07-26,90.4,92.52,2.35,97.65
2018-07-27,90.86,92.47,1.77,98.23
2018-07-30,88.96,90.51,1.74,98.26
2018-07-31,88.87,90.69,2.04,97.96
2018-08-01,89.86,90.46,0.67,99.33
2018-08-02,91.72,90.82,0.97,99.03
2018-08-03,91.16,90.35,0.89,99.11
2018-08-06,92.39,90.95,1.56,98.44
2018-08-07,93.12,91.31,1.95,98.05
2018-08-08,94.33,92.2,2.26,97.74
2018-08-09,94.93,92.13,2.94,97.06
2018-08-10,94.32,94.37,0.05,99.95
2018-08-13,94.81,94.36,0.47,99.53
2018-08-14,95.98,94.24,1.81,98.19
2018-08-15,94.13,95.34,1.29,98.71
2018-08-16,94.33,95.29,1.02,98.98
2018-08-17,94.11,95.1,1.05,98.95
2018-08-20,93.84,95.1,1.35,98.65
2018-08-21,94.17,95.1,0.99,99.01
2018-08-22,95.25,95.04,0.22,99.78
2018-08-23,95.14,95.48,0.35,99.65
2018-08-24,95.27,95.95,0.72,99.28
2018-08-27,96.38,96.15,0.24,99.76
2018-08-28,96.64,97.02,0.39,99.61
2018-08-29,99.9,98.75,1.15,98.85
2018-08-30,100.12,99.79,0.33,99.67
2018-08-31,100.64,101.67,1.03,98.97
2018-09-04,101.98,101.52,0.45,99.55
2018-09-05,99.74,101.84,2.1,97.9
2018-09-06,97.92,99.15,1.26,98.74
2018-09-07,97.6,98.88,1.31,98.69
2018-09-10,96.95,98.45,1.54,98.46
2018-09-11,99.36,99.3,0.05,99.95
2018-09-12,99.5,99.3,0.2,99.8
2018-09-13,99.49,99.3,0.19,99.81
2018-09-14,98.51,98.44,0.07,99.93
2018-09-17,95.4,97.06,1.74,98.26
2018-09-18,97.05,97.6,0.56,99.44
2018-09-19,96.32,95.68,0.66,99.34
2018-09-20,97.21,96.35,0.89,99.11
2018-09-21,95.75,95.56,0.2,99.8
2018-09-24,96.72,94.69,2.1,97.9
2018-09-25,98.73,96.74,2.01,97.99
2018-09-26,98.74,97.51,1.25,98.75
2018-09-27,100.65,98.19,2.44,97.56
2018-09-28,100.15,98.19,1.96,98.04
2018-10-01,100.22,99.12,1.09,98.91
2018-10-02,98.57,98.35,0.22,99.78
2018-10-03,97.64,96.86,0.79,99.21
2018-10-04,95.47,96.17,0.73,99.27
2018-10-05,94.48,97.97,3.69,96.31
2018-10-08,93.22,94.76,1.65,98.35
2018-10-09,93.52,94.77,1.34,98.66
2018-10-10,87.76,90.37,2.97,97.03
2018-10-11,85.97,89.12,3.67,96.33
2018-10-12,89.43,92.2,3.1,96.9
2018-10-15,88.05,89.3,1.42,98.58
2018-10-16,91.0,90.5,0.55,99.45
2018-10-17,91.59,89.64,2.13,97.87
2018-10-18,88.54,88.83,0.33,99.67
2018-10-19,88.2,88.29,0.11,99.89
2018-10-22,89.46,88.72,0.83,99.17
2018-10-23,88.43,87.66,0.88,99.12
2018-10-24,83.21,84.51,1.56,98.44
2018-10-25,89.11,87.92,1.33,98.67
2018-10-26,82.14,84.3,2.63,97.37
2018-10-29,76.94,82.17,6.79,93.21
2018-10-30,76.52,81.13,6.02,93.98
2018-10-31,79.9,83.83,4.92,95.08
2018-11-01,83.28,81.93,1.61,98.39
2018-11-02,83.28,83.9,0.75,99.25
2018-11-05,81.39,80.92,0.58,99.42
2018-11-06,82.14,81.19,1.16,98.84
2018-11-07,87.77,85.51,2.58,97.42
2018-11-08,87.75,85.66,2.38,97.62
2018-11-09,85.62,83.48,2.5,97.5
2018-11-12,81.84,82.49,0.79,99.21
2018-11-13,81.56,84.62,3.75,96.25
2018-11-14,79.95,81.33,1.73,98.27
2018-11-15,80.97,81.49,0.64,99.36
2018-11-16,79.67,82.13,3.08,96.92
2018-11-19,75.61,80.41,6.34,93.66
2018-11-20,74.77,78.6,5.12,94.88
2018-11-21,75.84,75.13,0.93,99.07
2018-11-23,75.1,75.58,0.63,99.37
2018-11-26,79.07,80.0,1.18,98.82
2018-11-27,79.07,79.74,0.85,99.15
2018-11-28,83.89,79.77,4.91,95.09
2018-11-29,83.68,79.78,4.66,95.34
2018-11-30,84.51,80.12,5.19,94.81
2018-12-03,88.62,84.09,5.1,94.9
2018-12-04,83.42,82.26,1.4,98.6
2018-12-06,84.96,82.87,2.46,97.54
2018-12-07,81.46,82.26,0.98,99.02
2018-12-10,82.05,81.9,0.19,99.81
2018-12-11,82.16,83.03,1.05,98.95
2018-12-12,83.18,83.46,0.34,99.66
2018-12-13,82.92,83.2,0.34,99.66
2018-12-14,79.6,82.49,3.63,96.37
2018-12-17,76.05,79.1,4.02,95.98
2018-12-18,77.57,79.44,2.41,97.59
2018-12-19,74.75,75.02,0.36,99.64
2018-12-20,73.04,74.29,1.71,98.29
2018-12-21,68.87,71.87,4.36,95.64
2018-12-24,67.2,70.4,4.76,95.24
2018-12-26,73.54,73.73,0.25,99.75
2018-12-27,73.08,72.61,0.65,99.35
2018-12-28,73.9,73.44,0.62,99.38
2018-12-31,75.1,74.78,0.42,99.58
2019-01-02,76.96,76.5,0.6,99.4
2019-01-03,75.01,73.44,2.09,97.91
2019-01-04,78.77,76.57,2.79,97.21
2019-01-07,81.48,79.23,2.75,97.25
2019-01-08,82.83,80.45,2.87,97.13
2019-01-09,82.97,80.16,3.39,96.61
2019-01-10,82.81,80.53,2.75,97.25
2019-01-11,82.03,80.58,1.76,98.24
2019-01-14,80.86,82.93,2.56,97.44
2019-01-15,83.73,83.19,0.64,99.36
2019-01-16,84.19,83.13,1.25,98.75
2019-01-17,84.66,83.4,1.49,98.51
2019-01-18,84.81,83.74,1.26,98.74
2019-01-22,81.61,82.96,1.66,98.34
2019-01-23,82.0,82.41,0.5,99.5
2019-01-24,82.75,82.8,0.06,99.94
2019-01-25,83.53,82.61,1.09,98.91
2019-01-28,81.89,81.06,1.02,98.98
2019-01-29,79.69,79.56,0.17,99.83
2019-01-30,83.52,82.48,1.25,98.75
2019-01-31,85.94,83.07,3.34,96.66
2019-02-01,81.31,80.93,0.47,99.53
2019-02-04,81.67,82.23,0.69,99.31
2019-02-05,82.94,81.24,2.06,97.94
2019-02-06,82.01,81.22,0.97,99.03
2019-02-07,80.72,80.93,0.26,99.74
2019-02-08,79.41,80.1,0.87,99.13
2019-02-11,79.55,81.11,1.96,98.04
2019-02-12,81.9,82.46,0.68,99.32
2019-02-13,82.0,81.12,1.07,98.93
2019-02-14,81.13,81.11,0.03,99.97
2019-02-15,80.4,81.11,0.88,99.12
2019-02-19,81.38,82.46,1.33,98.67
2019-02-20,81.11,80.93,0.21,99.79
2019-02-21,80.97,77.58,4.19,95.81
2019-02-22,81.58,82.46,1.09,98.91
2019-02-25,81.65,82.03,0.46,99.54
2019-02-26,81.82,80.47,1.65,98.35
2019-02-27,82.05,82.03,0.03,99.97
2019-02-28,81.99,82.35,0.44,99.56
2019-03-01,83.59,83.84,0.3,99.7
2019-03-04,84.81,84.05,0.89,99.11
2019-03-05,84.62,84.24,0.45,99.55
2019-03-06,83.45,83.81,0.43,99.57
2019-03-07,81.3,83.11,2.23,97.77
2019-03-08,81.04,81.9,1.06,98.94
2019-03-11,83.53,84.21,0.82,99.18
2019-03-12,83.65,84.23,0.68,99.32
2019-03-13,84.54,84.45,0.11,99.89
2019-03-14,84.31,84.23,0.1,99.9
2019-03-15,85.62,84.54,1.26,98.74
2019-03-18,87.11,87.09,0.02,99.98
2019-03-19,88.09,87.09,1.14,98.86
2019-03-20,89.86,88.32,1.72,98.28
2019-03-21,90.96,88.66,2.53,97.47
2019-03-22,88.24,87.88,0.41,99.59
2019-03-25,88.71,87.81,1.01,98.99
2019-03-26,89.19,90.08,1.0,99.0
2019-03-27,88.29,89.88,1.8,98.2
2019-03-28,88.67,91.06,2.69,97.31
2019-03-29,89.04,91.15,2.37,97.63
2019-04-01,90.71,91.56,0.93,99.07
2019-04-02,90.7,91.15,0.5,99.5
2019-04-03,91.04,92.19,1.26,98.74
2019-04-04,90.94,91.11,0.19,99.81
2019-04-05,91.86,91.4,0.51,99.49
2019-04-08,92.49,92.02,0.52,99.48
2019-04-09,91.79,91.7,0.1,99.9
2019-04-10,92.37,91.58,0.85,99.15
2019-04-11,92.2,92.47,0.29,99.71
2019-04-12,92.15,92.28,0.14,99.86
2019-04-15,92.24,94.07,1.98,98.02
2019-04-16,93.15,94.08,0.99,99.01
2019-04-17,93.24,94.08,0.9,99.1
2019-04-18,93.08,94.1,1.09,98.91
2019-04-22,94.37,94.23,0.15,99.85
2019-04-23,96.19,94.71,1.53,98.47
2019-04-24,95.09,95.42,0.35,99.65
2019-04-25,95.11,95.81,0.73,99.27
2019-04-26,97.53,95.33,2.25,97.75
2019-04-29,96.92,96.23,0.72,99.28
2019-04-30,96.33,96.22,0.11,99.89
2019-05-01,95.58,96.36,0.82,99.18
2019-05-02,95.04,97.16,2.23,97.77
2019-05-03,98.12,98.51,0.39,99.61
2019-05-06,97.53,98.43,0.92,99.08
2019-05-07,96.05,97.51,1.52,98.48
2019-05-08,95.89,97.38,1.56,98.44
2019-05-09,94.99,96.47,1.55,98.45
2019-05-10,94.5,95.97,1.55,98.45
2019-05-13,91.13,92.1,1.06,98.94
2019-05-14,92.01,91.99,0.01,99.99
2019-05-15,93.56,93.45,0.11,99.89
2019-05-16,95.38,93.87,1.58,98.42
2019-05-17,93.45,92.17,1.37,98.63
2019-05-20,92.95,92.33,0.67,99.33
2019-05-21,92.88,93.0,0.13,99.87
2019-05-22,92.98,94.03,1.12,98.88
2019-05-23,90.77,91.35,0.64,99.36
2019-05-24,91.16,90.82,0.37,99.63
2019-05-28,91.82,91.14,0.74,99.26
2019-05-29,90.96,90.94,0.03,99.97
2019-05-30,90.82,90.58,0.26,99.74
2019-05-31,88.75,90.09,1.5,98.5
2019-06-03,84.63,87.43,3.3,96.7
2019-06-04,86.48,87.82,1.56,98.44
2019-06-05,86.93,86.51,0.48,99.52
2019-06-06,87.72,85.86,2.11,97.89
2019-06-07,90.2,88.76,1.59,98.41
2019-06-10,93.03,91.23,1.94,98.06
2019-06-11,93.18,91.35,1.97,98.03
2019-06-12,92.77,91.35,1.53,98.47
2019-06-13,93.51,91.63,2.02,97.98
2019-06-14,93.48,92.87,0.66,99.34
2019-06-17,94.3,92.81,1.58,98.42
2019-06-18,95.07,92.86,2.32,97.68
2019-06-19,95.44,94.78,0.69,99.31
2019-06-20,95.91,94.96,0.99,99.01
2019-06-21,95.57,95.76,0.2,99.8
2019-06-24,95.69,95.93,0.25,99.75
2019-06-25,93.91,96.07,2.29,97.71
2019-06-26,94.89,96.07,1.24,98.76
2019-06-27,95.21,96.16,0.99,99.01
2019-06-28,94.68,95.54,0.91,99.09
2019-07-01,96.11,96.62,0.53,99.47
2019-07-02,96.72,97.05,0.34,99.66
2019-07-03,96.95,97.85,0.93,99.07
2019-07-05,97.15,98.1,0.98,99.02
2019-07-08,97.62,98.15,0.55,99.45
2019-07-09,99.42,99.65,0.23,99.77
2019-07-10,100.87,100.69,0.18,99.82
2019-07-11,100.05,99.17,0.88,99.12
2019-07-12,100.55,100.87,0.32,99.68
2019-07-15,101.05,100.91,0.14,99.86
2019-07-16,100.5,102.57,2.06,97.94
2019-07-17,99.6,100.91,1.31,98.69
2019-07-18,98.89,99.31,0.42,99.58
2019-07-19,98.23,99.3,1.09,98.91
2019-07-22,99.28,99.3,0.02,99.98
2019-07-23,99.72,99.68,0.04,99.96
2019-07-24,100.04,100.1,0.06,99.94
2019-07-25,98.69,99.86,1.18,98.82
2019-07-26,97.15,98.56,1.45,98.55
2019-07-29,95.62,95.73,0.11,99.89
2019-07-30,94.93,93.6,1.4,98.6
2019-07-31,93.34,93.21,0.14,99.86
2019-08-01,92.77,90.57,2.37,97.63
2019-08-02,91.16,88.93,2.45,97.55
2019-08-05,88.26,88.01,0.28,99.72
2019-08-06,89.39,88.6,0.89,99.11
2019-08-07,89.67,89.15,0.58,99.42
2019-08-08,91.64,90.88,0.84,99.16
2019-08-09,90.38,88.13,2.48,97.52
2019-08-12,89.25,87.09,2.41,97.59
2019-08-13,91.22,89.48,1.9,98.1
2019-08-14,88.15,87.82,0.37,99.63
2019-08-15,88.81,88.38,0.48,99.52
2019-08-16,89.63,88.16,1.64,98.36
2019-08-19,90.81,88.12,2.96,97.04
2019-08-20,90.07,88.79,1.42,98.58
2019-08-21,91.18,90.1,1.18,98.82
2019-08-22,90.23,90.77,0.6,99.4
2019-08-23,87.48,89.76,2.61,97.39
2019-08-26,88.44,89.59,1.3,98.7
2019-08-27,88.09,89.38,1.46,98.54
2019-08-28,88.21,88.01,0.23,99.77
2019-08-29,89.32,88.68,0.72,99.28
2019-08-30,88.81,89.12,0.34,99.66
2019-09-03,89.49,88.68,0.91,99.09
2019-09-04,90.03,90.59,0.62,99.38
2019-09-05,92.04,91.33,0.77,99.23
2019-09-06,91.68,91.22,0.5,99.5
2019-09-09,91.57,90.27,1.42,98.58
2019-09-10,91.03,91.0,0.03,99.97
2019-09-11,91.15,90.64,0.56,99.44
2019-09-12,92.18,91.83,0.38,99.62
2019-09-13,91.97,92.54,0.62,99.38
2019-09-16,90.39,91.93,1.71,98.29
2019-09-17,91.13,92.27,1.25,98.75
2019-09-18,90.87,92.2,1.46,98.54
2019-09-19,91.07,92.1,1.13,98.87
2019-09-20,89.71,91.0,1.44,98.56
2019-09-23,89.26,90.3,1.16,98.84
2019-09-24,87.08,88.5,1.63,98.37
2019-09-25,88.42,88.0,0.47,99.53
2019-09-26,86.99,87.18,0.21,99.79
2019-09-27,86.27,86.51,0.28,99.72
2019-09-30,86.8,86.89,0.11,99.89
2019-10-01,86.78,87.02,0.27,99.73
2019-10-02,85.66,85.62,0.05,99.95
2019-10-03,86.22,85.83,0.46,99.54
2019-10-04,86.98,86.74,0.28,99.72
2019-10-07,86.63,84.69,2.24,97.76
2019-10-08,85.28,84.47,0.95,99.05
2019-10-09,86.1,84.69,1.64,98.36
2019-10-10,86.01,85.15,1.01,98.99
2019-10-11,86.6,85.81,0.91,99.09
2019-10-14,86.82,86.87,0.06,99.94
2019-10-15,88.37,87.29,1.22,98.78
2019-10-16,88.87,88.43,0.49,99.51
2019-10-17,89.37,88.78,0.66,99.34
2019-10-18,87.88,87.2,0.76,99.24
2019-10-21,89.28,89.91,0.71,99.29
2019-10-22,88.29,89.92,1.85,98.15
2019-10-23,88.11,89.62,1.71,98.29
2019-10-24,89.04,90.01,1.1,98.9
2019-10-25,88.07,88.74,0.77,99.23
2019-10-28,88.85,90.59,1.96,98.04
2019-10-29,88.14,89.86,1.95,98.05
2019-10-30,89.0,90.19,1.34,98.66
2019-10-31,88.83,90.37,1.73,98.27
2019-11-01,89.57,90.34,0.85,99.15
2019-11-04,90.23,90.06,0.19,99.81
2019-11-05,90.09,89.03,1.17,98.83
2019-11-06,89.79,89.08,0.79,99.21
2019-11-07,89.41,90.0,0.66,99.34
2019-11-08,89.29,89.08,0.24,99.76
2019-11-11,88.58,89.08,0.57,99.43
2019-11-12,88.9,89.09,0.22,99.78
2019-11-13,87.66,87.79,0.15,99.85
2019-11-14,87.73,88.26,0.6,99.4
2019-11-15,86.97,86.66,0.37,99.63
2019-11-18,87.63,88.26,0.72,99.28
2019-11-19,87.64,87.25,0.44,99.56
2019-11-20,87.28,86.93,0.39,99.61
2019-11-21,86.74,85.03,1.97,98.03
2019-11-22,87.29,84.73,2.93,97.07
2019-11-25,88.69,86.84,2.08,97.92
2019-11-26,89.85,88.96,0.99,99.01
2019-11-27,90.93,89.9,1.13,98.87
2019-11-29,90.04,88.96,1.2,98.8
2019-12-02,89.08,89.02,0.07,99.93
2019-12-03,88.5,88.32,0.2,99.8
2019-12-04,88.03,89.02,1.11,98.89
2019-12-05,87.02,88.17,1.32,98.68
2019-12-06,87.58,89.02,1.64,98.36
2019-12-09,87.48,88.97,1.7,98.3
2019-12-10,86.96,88.02,1.22,98.78
2019-12-11,87.44,88.73,1.48,98.52
2019-12-12,88.02,88.59,0.65,99.35
2019-12-13,88.05,88.68,0.72,99.28
2019-12-16,88.46,88.25,0.23,99.77
2019-12-17,89.53,87.98,1.73,98.27
2019-12-18,89.2,87.11,2.34,97.66
2019-12-19,89.61,88.25,1.52,98.48
2019-12-20,89.32,89.08,0.27,99.73
2019-12-23,89.65,90.13,0.53,99.47
2019-12-24,89.46,90.4,1.05,98.95
2019-12-26,93.44,91.36,2.22,97.78
2019-12-27,93.49,91.73,1.89,98.11
2019-12-30,92.34,91.9,0.48,99.52
2019-12-31,92.39,92.93,0.58,99.42
2020-01-02,94.9,93.61,1.36,98.64
2020-01-03,93.75,93.6,0.16,99.84
2020-01-06,95.14,95.1,0.04,99.96
2020-01-07,95.34,95.49,0.15,99.85
2020-01-08,94.6,94.96,0.38,99.62
2020-01-09,95.05,95.63,0.61,99.39
2020-01-10,94.16,95.2,1.11,98.89
2020-01-13,94.57,95.1,0.57,99.43
2020-01-14,93.47,94.87,1.5,98.5
2020-01-15,93.1,94.79,1.82,98.18
2020-01-16,93.9,93.9,0.0,100.0
2020-01-17,93.24,93.36,0.13,99.87
2020-01-21,94.6,95.41,0.85,99.15
2020-01-22,94.37,95.83,1.54,98.46
2020-01-23,94.23,93.31,0.98,99.02
2020-01-24,93.08,93.44,0.39,99.61
2020-01-27,91.42,91.05,0.4,99.6
2020-01-28,92.66,91.71,1.03,98.97
2020-01-29,92.9,92.82,0.08,99.92
2020-01-30,93.53,93.11,0.46,99.54
2020-01-31,100.44,98.23,2.2,97.8
2020-02-03,100.21,97.94,2.26,97.74
2020-02-04,102.48,99.13,3.27,96.73
2020-02-05,101.99,100.15,1.81,98.19
2020-02-06,102.51,100.97,1.51,98.49
2020-02-07,103.96,103.99,0.02,99.98
2020-02-10,106.7,105.05,1.54,98.46
2020-02-11,107.54,109.4,1.73,98.27
2020-02-12,108.0,110.71,2.51,97.49
2020-02-13,107.49,109.22,1.61,98.39
2020-02-14,106.74,109.02,2.14,97.86
2020-02-18,107.78,109.99,2.05,97.95
2020-02-19,108.51,109.99,1.37,98.63
2020-02-20,107.65,110.07,2.24,97.76
2020-02-21,104.8,105.96,1.11,98.89
2020-02-24,100.46,102.53,2.06,97.94
2020-02-25,98.64,99.79,1.17,98.83
2020-02-26,98.98,99.94,0.97,99.03
2020-02-27,94.21,97.32,3.3,96.7
2020-02-28,94.19,97.26,3.26,96.74
2020-03-02,97.7,96.49,1.24,98.76
2020-03-03,95.45,94.16,1.35,98.65
2020-03-04,98.79,96.67,2.15,97.85
2020-03-05,96.2,95.13,1.11,98.89
2020-03-06,95.05,94.06,1.04,98.96
2020-03-09,90.03,91.89,2.06,97.94
2020-03-10,94.59,92.23,2.49,97.51
2020-03-11,91.04,91.77,0.8,99.2
2020-03-12,83.83,88.94,6.09,93.91
2020-03-13,89.25,91.12,2.1,97.9
2020-03-16,84.46,89.61,6.1,93.9
2020-03-17,90.39,90.51,0.13,99.87
2020-03-18,91.5,92.47,1.06,98.94
2020-03-19,94.05,93.35,0.74,99.26
2020-03-20,92.3,92.17,0.15,99.85
2020-03-23,95.14,93.47,1.75,98.25
2020-03-24,97.0,93.43,3.69,96.31
2020-03-25,94.29,92.48,1.92,98.08
2020-03-26,97.77,94.01,3.85,96.15
2020-03-27,95.0,95.67,0.7,99.3
2020-03-30,98.2,96.42,1.81,98.19
2020-03-31,97.49,96.75,0.75,99.25
2020-04-01,95.39,96.04,0.69,99.31
2020-04-02,95.94,96.08,0.15,99.85
2020-04-03,95.33,96.46,1.19,98.81
2020-04-06,99.88,98.02,1.86,98.14
2020-04-07,100.58,100.12,0.46,99.54
2020-04-08,102.15,100.79,1.33,98.67
2020-04-09,102.14,102.37,0.23,99.77
2020-04-13,108.44,106.89,1.44,98.56
2020-04-14,114.17,108.66,4.83,95.17
2020-04-15,115.38,112.99,2.07,97.93
2020-04-16,120.41,114.45,4.95,95.05
2020-04-17,118.75,115.36,2.85,97.15
2020-04-20,119.68,119.53,0.12,99.88
2020-04-21,116.41,118.87,2.12,97.88
2020-04-22,118.17,119.13,0.81,99.19
2020-04-23,119.97,119.64,0.28,99.72
2020-04-24,120.51,118.06,2.03,97.97
2020-04-27,118.8,119.42,0.52,99.48
2020-04-28,115.7,116.94,1.06,98.94
2020-04-29,118.64,118.97,0.28,99.72
2020-04-30,123.7,122.93,0.63,99.37
2020-05-01,114.3,114.17,0.12,99.88
2020-05-04,115.8,113.06,2.36,97.64
2020-05-05,115.89,112.55,2.88,97.12
2020-05-06,117.56,115.03,2.16,97.84
2020-05-07,118.38,117.77,0.51,99.49
2020-05-08,118.98,117.82,0.98,99.02
2020-05-11,120.45,121.83,1.14,98.86
2020-05-12,117.85,117.83,0.01,99.99
2020-05-13,118.4,116.33,1.75,98.25
2020-05-14,119.44,117.28,1.81,98.19
2020-05-15,120.49,120.62,0.11,99.89
2020-05-18,121.31,122.33,0.83,99.17
2020-05-19,122.47,122.34,0.1,99.9
2020-05-20,124.9,120.34,3.65,96.35
2020-05-21,122.34,124.25,1.56,98.44
2020-05-22,121.84,123.6,1.44,98.56
2020-05-26,121.09,123.3,1.82,98.18
2020-05-27,120.52,121.76,1.03,98.97
2020-05-28,120.06,121.39,1.11,98.89
2020-05-29,122.12,121.85,0.22,99.78
2020-06-01,123.55,121.85,1.38,98.62
2020-06-02,123.62,123.98,0.29,99.71
2020-06-03,123.92,123.98,0.05,99.95
2020-06-04,123.03,123.67,0.52,99.48
2020-06-05,124.15,123.62,0.43,99.57
2020-06-08,126.2,124.21,1.58,98.42
2020-06-09,130.04,127.51,1.95,98.05
2020-06-10,132.37,128.6,2.85,97.15
2020-06-11,127.9,127.49,0.32,99.68
2020-06-12,127.25,127.33,0.06,99.94
2020-06-15,128.63,128.24,0.31,99.69
2020-06-16,130.76,132.23,1.12,98.88
2020-06-17,132.05,133.56,1.15,98.85
2020-06-18,132.7,132.74,0.03,99.97
2020-06-19,133.75,132.61,0.85,99.15
2020-06-22,135.69,135.82,0.1,99.9
2020-06-23,138.22,139.93,1.23,98.77
2020-06-24,136.72,139.11,1.75,98.25
2020-06-25,137.73,139.11,1.0,99.0
2020-06-26,134.64,137.12,1.84,98.16
2020-06-29,134.02,137.43,2.54,97.46
2020-06-30,137.94,138.13,0.14,99.86
2020-07-01,143.93,145.46,1.06,98.94
2020-07-02,144.51,145.88,0.94,99.06
2020-07-06,152.85,146.39,4.23,95.77
2020-07-07,150.01,146.15,2.57,97.43
2020-07-08,154.06,150.32,2.42,97.58
2020-07-09,159.13,153.3,3.66,96.34
2020-07-10,160.0,157.56,1.52,98.48
2020-07-13,155.2,154.0,0.77,99.23
2020-07-14,154.2,155.52,0.85,99.15
2020-07-15,150.44,151.89,0.96,99.04
2020-07-16,149.99,151.99,1.33,98.67
2020-07-17,148.1,149.14,0.7,99.3
2020-07-20,159.84,156.85,1.87,98.13
2020-07-21,156.91,156.39,0.33,99.67
2020-07-22,155.0,151.34,2.36,97.64
2020-07-23,149.33,150.92,1.06,98.94
2020-07-24,150.45,148.89,1.03,98.97
2020-07-27,152.76,152.69,0.05,99.95
2020-07-28,150.02,150.24,0.15,99.85
2020-07-29,151.68,150.64,0.68,99.32
2020-07-30,152.59,150.64,1.28,98.72
2020-07-31,158.23,156.45,1.13,98.87
2020-08-03,155.59,155.3,0.19,99.81
2020-08-04,156.94,157.15,0.13,99.87
2020-08-05,160.25,157.4,1.78,98.22
2020-08-06,161.25,158.29,1.84,98.16
2020-08-07,158.37,154.98,2.14,97.86
2020-08-10,157.41,155.82,1.01,98.99
2020-08-11,154.03,155.69,1.08,98.92
2020-08-12,158.11,159.44,0.84,99.16
2020-08-13,158.05,158.86,0.51,99.49
2020-08-14,157.4,158.11,0.45,99.55
2020-08-17,159.12,161.39,1.43,98.57
2020-08-18,165.62,163.58,1.24,98.76
2020-08-19,163.02,162.02,0.61,99.39
2020-08-20,164.87,162.93,1.18,98.82
2020-08-21,164.24,163.9,0.21,99.79
2020-08-24,165.37,166.46,0.66,99.34
2020-08-25,167.32,165.77,0.93,99.07
2020-08-26,172.09,168.79,1.92,98.08
2020-08-27,170.0,167.81,1.29,98.71
2020-08-28,170.09,169.5,0.35,99.65
2020-08-31,172.55,173.06,0.3,99.7
2020-09-01,174.96,172.92,1.17,98.83
2020-09-02,176.57,174.0,1.46,98.54
2020-09-03,168.4,169.23,0.49,99.51
2020-09-04,164.73,167.28,1.55,98.45
2020-09-08,157.49,160.65,2.0,98.0
2020-09-09,163.43,163.37,0.03,99.97
2020-09-10,158.76,160.15,0.88,99.12
2020-09-11,155.81,158.07,1.45,98.55
2020-09-14,155.15,157.6,1.58,98.42
2020-09-15,157.81,158.05,0.15,99.85
2020-09-16,153.9,153.63,0.18,99.82
2020-09-17,150.44,151.71,0.85,99.15
2020-09-18,147.75,150.61,1.94,98.06
2020-09-21,148.02,147.76,0.18,99.82
2020-09-22,156.45,154.29,1.38,98.62
2020-09-23,149.99,148.03,1.31,98.69
2020-09-24,150.99,152.89,1.26,98.74
2020-09-25,154.76,154.09,0.43,99.57
2020-09-28,158.7,158.79,0.06,99.94
2020-09-29,157.24,155.53,1.09,98.91
2020-09-30,157.44,157.82,0.24,99.76
2020-10-01,161.06,159.1,1.22,98.78
2020-10-02,156.25,156.89,0.41,99.59
2020-10-05,159.96,157.69,1.42,98.58
2020-10-06,155.0,156.89,1.22,98.78
2020-10-07,159.78,160.02,0.15,99.85
2020-10-08,159.53,161.87,1.47,98.53
2020-10-09,164.33,163.23,0.67,99.33
2020-10-12,172.15,168.53,2.1,97.9
2020-10-13,172.18,170.87,0.76,99.24
2020-10-14,168.19,169.27,0.64,99.36
2020-10-15,166.93,166.07,0.52,99.48
2020-10-16,163.64,162.23,0.86,99.14
2020-10-19,160.36,160.57,0.13,99.87
2020-10-20,160.85,160.57,0.18,99.82
2020-10-21,159.25,157.64,1.01,98.99
2020-10-22,158.82,159.59,0.48,99.52
2020-10-23,160.22,159.25,0.6,99.4
2020-10-26,160.35,161.96,1.0,99.0
2020-10-27,164.32,162.51,1.1,98.9
2020-10-28,158.14,159.03,0.56,99.44
2020-10-29,160.55,158.97,0.99,99.01
2020-10-30,151.81,149.82,1.31,98.69
2020-11-02,150.22,148.14,1.39,98.61
2020-11-03,152.42,149.5,1.92,98.08
2020-11-04,162.06,157.75,2.66,97.34
2020-11-05,166.1,161.62,2.7,97.3
2020-11-06,165.57,163.67,1.15,98.85
2020-11-09,157.19,158.58,0.89,99.11
2020-11-10,151.75,156.66,3.24,96.76
2020-11-11,156.87,158.04,0.74,99.26
2020-11-12,155.51,156.59,0.69,99.31
2020-11-13,156.44,156.59,0.1,99.9
2020-11-16,156.55,156.05,0.32,99.68
2020-11-17,156.78,157.83,0.67,99.33
2020-11-18,155.27,156.26,0.64,99.36
2020-11-19,155.85,159.35,2.24,97.76
2020-11-20,154.97,159.44,2.89,97.11
2020-11-23,154.92,158.29,2.18,97.82
2020-11-24,155.9,155.46,0.28,99.72
2020-11-25,159.25,155.54,2.33,97.67
2020-11-27,159.77,155.46,2.69,97.31
2020-11-30,158.4,158.23,0.11,99.89
2020-12-01,161.0,164.51,2.18,97.82
2020-12-02,160.18,160.78,0.38,99.62
2020-12-03,159.34,161.35,1.26,98.74
2020-12-04,158.13,158.58,0.29,99.71
2020-12-07,157.9,158.57,0.42,99.58
2020-12-08,158.86,158.76,0.06,99.94
2020-12-09,155.21,157.58,1.53,98.47
2020-12-10,155.07,157.11,1.31,98.69
2020-12-11,155.82,158.56,1.76,98.24
2020-12-14,157.85,158.78,0.59,99.41
2020-12-15,158.26,158.84,0.37,99.63
2020-12-16,162.05,158.78,2.02,97.98
2020-12-17,161.8,159.01,1.73,98.27
2020-12-18,160.08,158.68,0.87,99.13
2020-12-21,160.31,158.5,1.13,98.87
2020-12-22,160.33,159.84,0.3,99.7
2020-12-23,159.26,159.59,0.21,99.79
2020-12-24,158.63,160.64,1.27,98.73
2020-12-28,164.2,164.25,0.03,99.97
2020-12-29,166.1,165.57,0.32,99.68
2020-12-30,164.29,166.31,1.23,98.77
2020-12-31,162.85,165.57,1.68,98.32
2021-01-04,159.33,160.62,0.81,99.19
2021-01-05,160.93,160.6,0.2,99.8
2021-01-06,156.92,158.08,0.74,99.26
2021-01-07,158.11,157.5,0.38,99.62
2021-01-08,159.13,157.6,0.97,99.03
2021-01-11,155.71,157.32,1.04,98.96
2021-01-12,156.04,157.32,0.82,99.18
2021-01-13,158.29,159.52,0.77,99.23
2021-01-14,156.37,157.42,0.67,99.33
2021-01-15,155.21,156.08,0.56,99.44
2021-01-19,156.04,155.33,0.45,99.55
2021-01-20,163.17,159.12,2.48,97.52
2021-01-21,165.35,161.15,2.54,97.46
2021-01-22,164.61,161.0,2.2,97.8
2021-01-25,164.7,164.93,0.14,99.86
2021-01-26,166.31,164.93,0.83,99.17
2021-01-27,161.63,163.01,0.85,99.15
2021-01-28,161.88,162.09,0.13,99.87
2021-01-29,160.31,160.38,0.05,99.95
2021-02-01,167.14,167.98,0.5,99.5
2021-02-02,169.0,168.23,0.45,99.55
2021-02-03,165.63,165.76,0.08,99.92
2021-02-04,166.55,168.02,0.88,99.12
2021-02-05,167.61,168.8,0.71,99.29
2021-02-08,166.15,168.08,1.16,98.84
2021-02-09,165.25,163.8,0.88,99.12
2021-02-10,164.33,163.31,0.62,99.38
2021-02-11,163.11,163.15,0.03,99.97
2021-02-12,163.89,163.42,0.28,99.72
2021-02-16,163.45,162.95,0.31,99.69
2021-02-17,165.43,165.5,0.04,99.96
2021-02-18,166.41,166.67,0.15,99.85
2021-02-19,162.49,164.07,0.97,99.03
2021-02-22,159.04,158.7,0.21,99.79
2021-02-23,159.73,157.27,1.54,98.46
2021-02-24,157.98,158.76,0.5,99.5
2021-02-25,152.86,152.06,0.52,99.48
2021-02-26,154.65,152.26,1.54,98.46
2021-03-01,157.31,157.27,0.02,99.98
2021-03-02,154.73,155.61,0.57,99.43
2021-03-03,150.25,151.13,0.59,99.41
2021-03-04,148.88,149.64,0.51,99.49
2021-03-05,150.02,148.01,1.34,98.66
2021-03-08,147.6,145.51,1.42,98.58
2021-03-09,153.14,153.24,0.07,99.93
2021-03-10,152.88,150.67,1.45,98.55
2021-03-11,155.68,154.35,0.85,99.15
2021-03-12,154.47,154.92,0.29,99.71
2021-03-15,154.08,154.66,0.37,99.63
2021-03-16,154.59,154.92,0.21,99.79
2021-03-17,156.79,159.28,1.59,98.41
2021-03-18,151.4,154.37,1.96,98.04
2021-03-19,153.75,152.91,0.54,99.46
2021-03-22,155.54,156.09,0.35,99.65
2021-03-23,156.88,157.91,0.66,99.34
2021-03-24,154.35,156.39,1.32,98.68
2021-03-25,152.31,154.97,1.74,98.26
2021-03-26,152.6,154.73,1.39,98.61
2021-03-29,153.79,153.46,0.21,99.79
2021-03-30,152.76,153.72,0.63,99.37
2021-03-31,154.7,153.69,0.66,99.34
2021-04-01,158.05,155.43,1.66,98.34
2021-04-05,161.34,158.92,1.5,98.5
2021-04-06,161.19,158.47,1.69,98.31
2021-04-07,163.97,159.2,2.91,97.09
2021-04-08,164.96,164.66,0.18,99.82
2021-04-09,168.61,167.97,0.38,99.62
2021-04-12,168.97,169.84,0.52,99.48
2021-04-13,170.0,169.89,0.07,99.93
2021-04-14,166.65,168.65,1.2,98.8
2021-04-15,168.95,170.47,0.9,99.1
2021-04-16,169.97,171.24,0.75,99.25
2021-04-19,168.6,169.92,0.78,99.22
2021-04-20,166.73,169.85,1.87,98.13
2021-04-21,168.1,170.56,1.46,98.54
2021-04-22,165.45,167.61,1.31,98.69
2021-04-23,167.04,167.09,0.03,99.97
2021-04-26,170.45,170.05,0.24,99.76
2021-04-27,170.87,170.5,0.22,99.78
2021-04-28,172.93,171.21,0.99,99.01
2021-04-29,173.57,170.83,1.58,98.42
2021-04-30,173.37,171.26,1.22,98.78
2021-05-03,169.32,168.04,0.76,99.24
2021-05-04,165.59,166.63,0.63,99.37
2021-05-05,163.53,163.97,0.27,99.73
2021-05-06,165.32,164.53,0.47,99.53
2021-05-07,164.58,164.9,0.19,99.81
2021-05-10,159.52,162.78,2.04,97.96
2021-05-11,161.2,162.61,0.88,99.12
2021-05-12,157.6,161.76,2.64,97.36
2021-05-13,158.07,160.85,1.76,98.24
2021-05-14,161.15,161.32,0.11,99.89
2021-05-17,163.52,162.33,0.73,99.27
2021-05-18,161.61,162.25,0.39,99.61
2021-05-19,161.59,159.08,1.56,98.44
2021-05-20,162.38,160.17,1.36,98.64
2021-05-21,160.15,159.04,0.7,99.3
2021-05-24,162.25,161.11,0.7,99.3
2021-05-25,162.95,162.7,0.15,99.85
2021-05-26,163.26,162.99,0.16,99.84
2021-05-27,161.51,162.01,0.32,99.68
2021-05-28,161.15,162.52,0.85,99.15
2021-06-01,160.93,161.67,0.46,99.54
2021-06-02,161.7,164.9,1.98,98.02
2021-06-03,159.35,160.39,0.65,99.35
2021-06-04,160.31,160.08,0.14,99.86
2021-06-07,159.9,158.89,0.63,99.37
2021-06-08,163.21,161.15,1.26,98.74
2021-06-09,164.06,161.68,1.45,98.55
2021-06-10,167.48,165.17,1.38,98.62
2021-06-11,167.34,168.34,0.6,99.4
2021-06-14,169.19,170.19,0.59,99.41
2021-06-15,169.16,169.68,0.31,99.69
2021-06-16,170.76,170.34,0.25,99.75
2021-06-17,174.46,173.64,0.47,99.53
2021-06-18,174.35,173.42,0.53,99.47
2021-06-21,172.7,172.18,0.3,99.7
2021-06-22,175.27,175.19,0.05,99.95
2021-06-23,175.19,174.45,0.42,99.58
2021-06-24,172.45,172.73,0.16,99.84
2021-06-25,170.07,172.32,1.32,98.68
2021-06-28,172.19,172.41,0.12,99.88
2021-06-29,172.41,171.85,0.32,99.68
2021-06-30,172.01,172.48,0.27,99.73
2021-07-01,171.65,173.33,0.98,99.02
2021-07-02,175.55,174.22,0.76,99.24
2021-07-06,183.79,182.04,0.95,99.05
2021-07-07,184.83,182.12,1.46,98.54
2021-07-08,186.57,183.7,1.54,98.46
2021-07-09,185.97,184.24,0.93,99.07
2021-07-12,185.93,185.78,0.08,99.92
2021-07-13,183.87,182.85,0.55,99.45
2021-07-14,184.08,182.9,0.64,99.36
2021-07-15,181.56,180.98,0.32,99.68
2021-07-16,178.68,181.46,1.56,98.44
2021-07-19,177.48,180.62,1.77,98.23
2021-07-20,178.66,180.48,1.02,98.98
2021-07-21,179.26,180.54,0.72,99.28
2021-07-22,181.9,183.12,0.67,99.33
2021-07-23,182.83,181.97,0.47,99.53
2021-07-26,184.99,185.22,0.13,99.87
2021-07-27,181.32,181.0,0.18,99.82
2021-07-28,181.52,178.8,1.49,98.51
2021-07-29,180.0,176.6,1.89,98.11
2021-07-30,166.38,169.11,1.64,98.36
2021-08-02,166.57,168.02,0.87,99.13
2021-08-03,168.31,169.24,0.55,99.45
2021-08-04,167.74,168.14,0.24,99.76
2021-08-05,168.8,169.46,0.39,99.61
2021-08-06,167.25,169.23,1.18,98.82
2021-08-09,167.09,166.8,0.17,99.83
2021-08-10,166.03,166.23,0.12,99.88
2021-08-11,164.61,163.92,0.42,99.58
2021-08-12,165.18,163.72,0.88,99.12
2021-08-13,164.7,162.43,1.38,98.62
2021-08-16,164.95,162.5,1.48,98.52
2021-08-17,162.1,161.13,0.6,99.4
2021-08-18,160.06,160.35,0.18,99.82
2021-08-19,159.39,160.16,0.49,99.51
2021-08-20,160.0,160.94,0.59,99.41
2021-08-23,163.29,162.02,0.78,99.22
2021-08-24,165.29,164.42,0.53,99.47
2021-08-25,164.96,163.55,0.86,99.14
2021-08-26,165.8,165.52,0.17,99.83
2021-08-27,167.48,166.77,0.43,99.57
2021-08-30,171.08,170.68,0.23,99.77
2021-08-31,173.54,172.29,0.72,99.28
2021-09-01,173.95,172.6,0.78,99.22
2021-09-02,173.16,172.85,0.18,99.82
2021-09-03,173.9,173.08,0.47,99.53
2021-09-07,175.46,174.93,0.31,99.69
2021-09-08,176.27,173.64,1.49,98.51
2021-09-09,174.21,174.34,0.07,99.93
2021-09-10,173.46,174.88,0.82,99.18
2021-09-13,172.86,173.56,0.41,99.59
2021-09-14,172.5,172.83,0.19,99.81
2021-09-15,173.79,173.9,0.06,99.94
2021-09-16,174.41,174.53,0.07,99.93
2021-09-17,173.13,174.74,0.93,99.07
2021-09-20,167.79,170.0,1.32,98.68
2021-09-21,167.18,167.47,0.17,99.83
2021-09-22,169.0,168.81,0.11,99.89
2021-09-23,170.8,171.67,0.51,99.49
2021-09-24,171.28,169.77,0.88,99.12
2021-09-27,170.29,168.08,1.3,98.7
2021-09-28,165.8,165.22,0.35,99.65
2021-09-29,165.06,165.25,0.12,99.88
2021-09-30,164.25,163.99,0.16,99.84
2021-10-01,164.16,163.47,0.42,99.58
2021-10-04,159.49,161.67,1.37,98.63
2021-10-05,161.05,160.41,0.4,99.6
2021-10-06,163.1,161.38,1.05,98.95
2021-10-07,165.12,164.13,0.6,99.4
2021-10-08,164.43,164.02,0.25,99.75
2021-10-11,162.32,163.2,0.55,99.45
2021-10-12,162.37,163.38,0.62,99.38
2021-10-13,164.21,163.34,0.53,99.47
2021-10-14,164.99,163.24,1.06,98.94
2021-10-15,170.45,166.63,2.24,97.76
2021-10-18,172.34,170.83,0.87,99.13
2021-10-19,172.21,171.45,0.44,99.56
2021-10-20,170.75,170.87,0.07,99.93
2021-10-21,171.75,171.56,0.11,99.89
2021-10-22,166.78,170.58,2.28,97.72
2021-10-25,166.02,169.63,2.18,97.82
2021-10-26,168.8,170.37,0.93,99.07
2021-10-27,169.62,170.54,0.54,99.46
2021-10-28,172.33,172.59,0.15,99.85
2021-10-29,168.62,171.42,1.66,98.34
2021-11-01,165.91,170.96,3.05,96.95
2021-11-02,165.64,167.17,0.93,99.07
2021-11-03,169.2,171.38,1.29,98.71
2021-11-04,173.85,172.45,0.81,99.19
2021-11-05,175.95,172.99,1.68,98.32
2021-11-08,174.45,171.67,1.59,98.41
2021-11-09,178.81,175.6,1.8,98.2
2021-11-10,174.1,172.25,1.06,98.94
2021-11-11,173.62,175.07,0.83,99.17
2021-11-12,176.26,177.41,0.65,99.35
2021-11-15,177.28,176.88,0.23,99.77
2021-11-16,177.04,176.52,0.29,99.71
2021-11-17,177.45,176.07,0.78,99.22
2021-11-18,184.8,182.86,1.05,98.95
2021-11-19,183.83,184.36,0.29,99.71
2021-11-22,178.63,180.78,1.21,98.79
2021-11-23,179.0,179.41,0.23,99.77
2021-11-24,179.02,177.95,0.6,99.4
2021-11-26,175.23,175.8,0.33,99.67
2021-11-29,178.08,177.9,0.1,99.9
2021-11-30,175.35,174.74,0.35,99.65
2021-12-01,172.19,174.53,1.36,98.64
2021-12-02,171.87,174.53,1.55,98.45
2021-12-03,169.49,170.78,0.76,99.24
2021-12-06,171.37,172.49,0.66,99.34
2021-12-07,176.16,176.75,0.33,99.67
2021-12-08,176.16,175.93,0.13,99.87
2021-12-09,174.17,170.55,2.08,97.92
2021-12-10,172.21,170.54,0.97,99.03
2021-12-13,169.57,170.33,0.45,99.55
2021-12-14,169.09,170.6,0.89,99.11
2021-12-15,173.32,173.32,0.0,100.0
2021-12-16,168.87,170.59,1.02,98.98
2021-12-17,170.02,170.18,0.09,99.91
2021-12-20,167.08,168.45,0.82,99.18
2021-12-21,170.42,171.16,0.44,99.56
2021-12-22,171.04,172.46,0.83,99.17
2021-12-23,171.07,172.96,1.11,98.89
2021-12-27,169.67,170.78,0.65,99.35
2021-12-28,170.66,167.97,1.58,98.42
2021-12-29,169.2,167.55,0.97,99.03
2021-12-30,168.64,166.87,1.05,98.95
2021-12-31,166.72,166.67,0.03,99.97
2022-01-03,170.4,171.6,0.7,99.3
2022-01-04,167.52,169.48,1.17,98.83
2022-01-05,164.36,165.65,0.79,99.21
2022-01-06,163.25,165.24,1.22,98.78
2022-01-07,162.55,164.14,0.97,99.03
2022-01-10,161.49,163.46,1.22,98.78
2022-01-11,165.36,163.53,1.11,98.89
2022-01-12,165.21,162.77,1.48,98.52
2022-01-13,161.21,161.14,0.05,99.95
2022-01-14,162.14,162.23,0.05,99.95
2022-01-18,158.92,160.79,1.18,98.82
2022-01-19,156.3,158.42,1.36,98.64
2022-01-20,151.67,153.28,1.07,98.93
2022-01-21,142.64,147.07,3.1,96.9
2022-01-24,144.54,144.81,0.18,99.82
2022-01-25,139.99,141.03,0.75,99.25
2022-01-26,138.87,140.33,1.05,98.95
2022-01-27,139.64,138.55,0.78,99.22
2022-01-28,143.98,141.79,1.52,98.48
2022-01-31,149.57,150.63,0.71,99.29
2022-02-01,151.19,147.92,2.17,97.83
2022-02-02,150.61,146.81,2.53,97.47
2022-02-03,138.85,140.44,1.15,98.85
2022-02-04,157.64,152.72,3.12,96.88
2022-02-07,157.94,155.86,1.31,98.69
2022-02-08,161.41,158.83,1.6,98.4
2022-02-09,161.19,159.54,1.02,98.98
2022-02-10,159.0,161.18,1.37,98.63
2022-02-11,153.29,156.41,2.03,97.97
2022-02-14,155.17,156.92,1.13,98.87
2022-02-15,156.51,157.51,0.64,99.36
2022-02-16,158.1,157.86,0.15,99.85
2022-02-17,154.65,155.39,0.48,99.52
2022-02-18,152.6,154.78,1.43,98.57
2022-02-22,150.2,153.74,2.36,97.64
2022-02-23,144.83,151.07,4.31,95.69
2022-02-24,151.36,155.64,2.83,97.17
2022-02-25,153.79,152.17,1.05,98.95
2022-02-28,153.56,153.54,0.01,99.99
2022-03-01,151.14,150.91,0.16,99.84
2022-03-02,152.05,151.02,0.68,99.32
2022-03-03,147.9,150.38,1.68,98.32
2022-03-04,145.64,150.94,3.64,96.36
2022-03-07,137.45,137.95,0.36,99.64
2022-03-08,136.01,136.74,0.53,99.47
2022-03-09,139.28,136.33,2.11,97.89
2022-03-10,146.82,147.95,0.77,99.23
2022-03-11,145.52,145.37,0.11,99.89
2022-03-14,141.85,145.37,2.48,97.52
2022-03-15,147.37,151.06,2.5,97.5
2022-03-16,153.1,151.06,1.34,98.66
2022-03-17,157.24,151.06,3.93,96.07
2022-03-18,161.25,156.65,2.85,97.15
2022-03-21,161.49,157.58,2.42,97.58
2022-03-22,164.89,160.5,2.66,97.34
2022-03-23,163.41,160.76,1.62,98.38
2022-03-24,163.65,159.85,2.32,97.68
2022-03-25,164.77,167.76,1.81,98.19
2022-03-28,168.99,167.34,0.98,99.02
2022-03-29,169.32,167.81,0.89,99.11
2022-03-30,166.3,167.51,0.73,99.27
2022-03-31,163.0,166.38,2.08,97.92
2022-04-01,163.56,167.06,2.14,97.86
2022-04-04,168.35,167.24,0.66,99.34
2022-04-05,164.05,165.37,0.8,99.2
2022-04-06,158.76,159.59,0.53,99.47
2022-04-07,157.78,156.99,0.5,99.5
2022-04-08,154.46,155.67,0.78,99.22
2022-04-11,151.12,152.75,1.08,98.92
2022-04-12,150.79,154.29,2.32,97.68
2022-04-13,155.54,155.67,0.08,99.92
2022-04-14,151.71,154.53,1.86,98.14
2022-04-18,152.79,150.93,1.22,98.78
2022-04-19,158.12,155.75,1.5,98.5
2022-04-20,154.0,154.33,0.22,99.78
2022-04-21,148.3,153.14,3.26,96.74
2022-04-22,144.35,145.78,0.99,99.01
2022-04-25,146.07,143.2,1.97,98.03
2022-04-26,139.39,141.41,1.45,98.55
2022-04-27,138.17,136.64,1.1,98.9
2022-04-28,144.6,144.31,0.2,99.8
2022-04-29,124.28,132.34,6.48,93.52
2022-05-02,124.5,130.44,4.77,95.23
2022-05-03,124.25,125.36,0.89,99.11
2022-05-04,125.93,124.52,1.12,98.88
2022-05-05,116.41,117.8,1.2,98.8
2022-05-06,114.77,115.1,0.29,99.71
2022-05-09,108.79,112.16,3.1,96.9
2022-05-10,108.86,110.13,1.17,98.83
2022-05-11,105.37,106.8,1.35,98.65
2022-05-12,106.93,106.34,0.55,99.45
2022-05-13,113.06,110.26,2.47,97.53
2022-05-16,110.81,108.77,1.84,98.16
2022-05-17,115.37,111.65,3.22,96.78
2022-05-18,107.11,107.13,0.02,99.98
2022-05-19,107.32,109.12,1.68,98.32
2022-05-20,107.59,109.12,1.42,98.58
2022-05-23,107.56,106.84,0.67,99.33
2022-05-24,104.1,106.52,2.32,97.68
2022-05-25,106.78,109.35,2.41,97.59
2022-05-26,111.08,111.56,0.44,99.56
2022-05-27,115.15,116.74,1.39,98.61
2022-05-31,120.21,118.93,1.06,98.94
2022-06-01,121.68,121.68,0.0,100.0
2022-06-02,125.51,122.36,2.51,97.49
2022-06-03,122.35,119.0,2.73,97.27
2022-06-06,124.79,120.59,3.37,96.63
2022-06-07,123.0,119.47,2.87,97.13
2022-06-08,121.18,123.35,1.79,98.21
2022-06-09,116.15,120.22,3.5,96.5
2022-06-10,109.65,116.38,6.14,93.86
2022-06-13,103.67,110.94,7.02,92.98
2022-06-14,102.31,109.28,6.81,93.19
2022-06-15,107.67,109.1,1.33,98.67
2022-06-16,103.66,106.04,2.29,97.71
2022-06-17,106.22,106.98,0.72,99.28
2022-06-21,108.68,107.29,1.28,98.72
2022-06-22,108.95,106.56,2.19,97.81
2022-06-23,112.44,105.89,5.82,94.18
2022-06-24,116.46,112.95,3.02,96.98
2022-06-27,113.22,111.43,1.58,98.42
2022-06-28,107.4,106.01,1.3,98.7
2022-06-29,108.92,105.02,3.58,96.42
2022-06-30,106.21,102.56,3.43,96.57
2022-07-01,109.56,108.95,0.56,99.44
2022-07-05,113.5,115.32,1.61,98.39
2022-07-06,114.33,113.58,0.65,99.35
2022-07-07,116.33,115.94,0.33,99.67
2022-07-08,115.54,116.88,1.16,98.84
2022-07-11,111.75,114.2,2.2,97.8
2022-07-12,109.22,110.06,0.77,99.23
2022-07-13,110.4,109.26,1.04,98.96
2022-07-14,110.63,108.52,1.91,98.09
2022-07-15,113.55,110.93,2.31,97.69
2022-07-18,113.76,112.23,1.34,98.66
2022-07-19,118.21,119.64,1.21,98.79
2022-07-20,122.77,120.82,1.58,98.42
2022-07-21,124.63,123.86,0.62,99.38
2022-07-22,122.42,122.38,0.03,99.97
2022-07-25,121.14,120.44,0.57,99.43
2022-07-26,114.81,113.65,1.01,98.99
2022-07-27,120.97,119.16,1.5,98.5
2022-07-28,122.28,121.89,0.32,99.68
2022-07-29,134.95,129.13,4.31,95.69
2022-08-01,135.39,131.68,2.74,97.26
2022-08-02,134.16,134.13,0.02,99.98
2022-08-03,139.52,138.66,0.62,99.38
2022-08-04,142.57,141.27,0.91,99.09
2022-08-05,140.8,139.28,1.08,98.92
2022-08-08,139.41,138.66,0.54,99.46
2022-08-09,137.83,139.09,0.92,99.08
2022-08-10,142.69,141.7,0.69,99.31
2022-08-11,140.64,142.25,1.15,98.85
2022-08-12,143.55,141.28,1.58,98.42
2022-08-15,143.18,145.72,1.77,98.23
2022-08-16,144.78,147.53,1.9,98.1
2022-08-17,142.1,144.45,1.65,98.35
2022-08-18,142.3,140.97,0.94,99.06
2022-08-19,138.23,139.77,1.11,98.89
2022-08-22,133.22,138.61,4.04,95.96
2022-08-23,133.62,132.41,0.91,99.09
2022-08-24,133.8,129.22,3.42,96.58
2022-08-25,137.28,135.86,1.03,98.97
2022-08-26,130.75,130.01,0.57,99.43
2022-08-29,129.79,130.01,0.17,99.83
2022-08-30,128.73,128.72,0.01,99.99
2022-08-31,126.77,127.94,0.93,99.07
2022-09-01,127.82,126.64,0.92,99.08
2022-09-02,127.51,126.64,0.68,99.32
2022-09-06,126.11,126.0,0.09,99.91
2022-09-07,129.48,128.5,0.76,99.24
2022-09-08,129.82,128.31,1.16,98.84
2022-09-09,133.27,129.67,2.7,97.3
2022-09-12,136.45,135.91,0.4,99.6
2022-09-13,126.82,128.46,1.3,98.7
2022-09-14,128.55,130.56,1.56,98.44
2022-09-15,126.28,126.96,0.54,99.46
2022-09-16,123.53,124.71,0.95,99.05
2022-09-19,124.66,125.16,0.4,99.6
2022-09-20,122.19,124.51,1.9,98.1
2022-09-21,118.54,121.75,2.71,97.29
2022-09-22,117.31,121.46,3.54,96.46
2022-09-23,113.78,117.35,3.14,96.86
2022-09-26,115.15,117.18,1.76,98.24
2022-09-27,114.41,114.3,0.1,99.9
2022-09-28,118.01,114.91,2.63,97.37
2022-09-29,114.8,114.27,0.46,99.54
2022-09-30,113.0,111.19,1.6,98.4
2022-10-03,115.88,114.36,1.31,98.69
2022-10-04,121.09,117.17,3.24,96.76
2022-10-05,120.95,118.48,2.05,97.95
2022-10-06,120.3,118.5,1.49,98.51
2022-10-07,114.56,114.36,0.17,99.83
2022-10-10,113.67,112.42,1.1,98.9
2022-10-11,112.21,113.39,1.05,98.95
2022-10-12,112.9,114.18,1.13,98.87
2022-10-13,112.53,116.97,3.94,96.06
2022-10-14,106.9,111.46,4.26,95.74
2022-10-17,113.79,114.39,0.53,99.47
2022-10-18,116.36,113.04,2.85,97.15
2022-10-19,115.07,113.94,0.98,99.02
2022-10-20,115.25,117.18,1.67,98.33
2022-10-21,119.32,118.85,0.39,99.61
2022-10-24,119.82,114.2,4.69,95.31
2022-10-25,120.6,118.13,2.05,97.95
2022-10-26,115.66,115.7,0.03,99.97
2022-10-27,110.96,112.54,1.43,98.57
2022-10-28,103.41,109.16,5.56,94.44
2022-10-31,102.44,108.1,5.52,94.48
2022-11-01,96.79,104.14,7.59,92.41
2022-11-02,92.12,97.68,6.03,93.97
2022-11-03,89.3,97.81,9.53,90.47
2022-11-04,90.98,94.7,4.09,95.91
2022-11-07,90.53,91.37,0.92,99.08
2022-11-08,89.98,90.93,1.05,98.95
2022-11-09,86.14,88.83,3.13,96.87
2022-11-10,96.63,93.66,3.07,96.93
2022-11-11,100.79,95.43,5.32,94.68
2022-11-14,98.49,94.57,3.98,96.02
2022-11-15,98.94,96.18,2.79,97.21
2022-11-16,97.12,95.42,1.75,98.25
2022-11-17,94.85,95.65,0.85,99.15
2022-11-18,94.14,95.34,1.27,98.73
2022-11-21,92.46,94.43,2.13,97.87
2022-11-22,93.2,95.98,2.98,97.02
2022-11-23,94.13,97.41,3.48,96.52
2022-11-25,93.41,96.7,3.52,96.48
2022-11-28,93.95,96.0,2.18,97.82
2022-11-29,92.42,95.43,3.26,96.74
2022-11-30,96.54,97.07,0.54,99.46
2022-12-01,95.5,95.15,0.37,99.63
2022-12-02,94.13,91.89,2.38,97.62
2022-12-05,91.01,91.02,0.01,99.99
2022-12-06,88.25,90.32,2.35,97.65
2022-12-07,88.46,91.26,3.17,96.83
2022-12-08,90.35,91.36,1.11,98.89
2022-12-09,89.09,90.98,2.12,97.88
2022-12-12,90.55,91.31,0.84,99.16
2022-12-13,92.49,91.89,0.65,99.35
2022-12-14,91.58,90.72,0.93,99.07
2022-12-15,88.45,88.87,0.47,99.53
2022-12-16,87.86,88.29,0.49,99.51
2022-12-19,84.92,87.81,3.41,96.59
2022-12-20,85.19,85.49,0.35,99.65
2022-12-21,86.77,86.16,0.7,99.3
2022-12-22,83.79,85.95,2.57,97.43
2022-12-23,85.25,84.84,0.48,99.52
2022-12-27,83.04,84.09,1.27,98.73
2022-12-28,81.82,81.65,0.2,99.8
2022-12-29,84.18,84.16,0.03,99.97
2022-12-30,84.0,84.95,1.14,98.86
2023-01-03,85.82,84.95,1.01,98.99
2023-01-04,85.14,82.78,2.77,97.23
2023-01-05,83.12,82.25,1.05,98.95
2023-01-06,86.08,86.02,0.07,99.93
2023-01-09,87.36,86.29,1.22,98.78
2023-01-10,89.87,88.51,1.52,98.48
2023-01-11,95.09,89.75,5.62,94.38
2023-01-12,95.27,90.92,4.56,95.44
2023-01-13,98.12,93.81,4.39,95.61
2023-01-17,96.05,93.6,2.56,97.44
2023-01-18,95.46,94.06,1.47,98.53
2023-01-19,93.68,95.07,1.48,98.52
2023-01-20,97.25,96.25,1.03,98.97
2023-01-23,97.52,96.64,0.9,99.1
2023-01-24,96.32,96.39,0.07,99.93
2023-01-25,97.18,97.45,0.28,99.72
2023-01-26,99.22,98.66,0.56,99.44
2023-01-27,102.24,101.49,0.74,99.26
2023-01-30,100.55,101.36,0.81,99.19
2023-01-31,103.13,104.97,1.79,98.21
2023-02-01,105.15,104.44,0.67,99.33
2023-02-02,112.91,109.45,3.06,96.94
2023-02-03,103.39,101.69,1.64,98.36
2023-02-06,102.18,100.93,1.22,98.78
2023-02-07,102.11,101.52,0.57,99.43
2023-02-08,100.05,101.98,1.93,98.07
2023-02-09,98.24,99.36,1.14,98.86
2023-02-10,97.61,98.84,1.26,98.74
2023-02-13,99.54,100.04,0.5,99.5
2023-02-14,99.7,100.04,0.34,99.66
2023-02-15,101.16,101.06,0.09,99.91
2023-02-16,98.15,97.68,0.48,99.52
2023-02-17,97.2,97.57,0.38,99.62
2023-02-21,94.58,95.91,1.4,98.6
2023-02-22,95.79,95.91,0.12,99.88
2023-02-23,95.82,91.97,4.02,95.98
2023-02-24,93.5,93.34,0.17,99.83
2023-02-27,93.76,92.86,0.96,99.04
2023-02-28,94.23,93.12,1.18,98.82
2023-03-01,92.17,91.61,0.61,99.39
2023-03-02,92.13,91.1,1.11,98.89
2023-03-03,94.9,93.01,1.99,98.01
2023-03-06,93.75,92.51,1.33,98.67
2023-03-07,93.55,92.75,0.85,99.15
2023-03-08,93.92,91.85,2.2,97.8
2023-03-09,92.25,91.55,0.76,99.24
2023-03-10,90.73,91.37,0.71,99.29
2023-03-13,92.43,93.06,0.68,99.32
2023-03-14,94.88,94.29,0.62,99.38
2023-03-15,96.2,94.73,1.53,98.47
2023-03-16,100.04,97.88,2.16,97.84
2023-03-17,98.95,97.46,1.51,98.49
2023-03-20,97.71,96.23,1.51,98.49
2023-03-21,100.61,98.11,2.49,97.51
2023-03-22,98.7,97.6,1.11,98.89
2023-03-23,98.71,97.38,1.34,98.66
2023-03-24,98.13,98.68,0.56,99.44
2023-03-27,98.04,98.68,0.65,99.35
2023-03-28,97.24,98.64,1.44,98.56
2023-03-29,100.25,99.59,0.66,99.34
2023-03-30,102.0,102.08,0.08,99.92
2023-03-31,103.29,104.54,1.21,98.79
2023-04-03,102.41,101.73,0.67,99.33
2023-04-04,103.95,103.52,0.41,99.59
2023-04-05,101.1,99.83,1.26,98.74
2023-04-06,102.06,101.85,0.21,99.79
2023-04-10,102.17,102.58,0.4,99.6
2023-04-11,99.92,100.61,0.69,99.31
2023-04-12,97.83,100.44,2.66,97.34
2023-04-13,102.4,102.74,0.33,99.67
2023-04-14,102.51,103.77,1.23,98.77
2023-04-17,102.74,103.55,0.79,99.21
2023-04-18,102.3,103.55,1.22,98.78
2023-04-19,104.3,103.77,0.51,99.49
2023-04-20,103.81,102.04,1.71,98.29
2023-04-21,106.96,103.31,3.41,96.59
2023-04-24,106.21,103.78,2.28,97.72
2023-04-25,102.57,102.05,0.51,99.49
2023-04-26,104.98,106.56,1.51,98.49
2023-04-27,109.82,105.79,3.67,96.33
2023-04-28,105.45,103.46,1.89,98.11
2023-05-01,102.05,103.48,1.4,98.6
2023-05-02,103.63,104.8,1.13,98.87
2023-05-03,103.65,103.48,0.17,99.83
2023-05-04,104.0,106.16,2.07,97.93
2023-05-05,105.66,106.13,0.45,99.55
2023-05-08,105.83,106.18,0.33,99.67
2023-05-09,106.62,106.16,0.44,99.56
2023-05-10,110.19,109.28,0.82,99.18
2023-05-11,112.18,110.89,1.15,98.85
2023-05-12,110.26,109.85,0.38,99.62
2023-05-15,111.2,114.41,2.89,97.11
2023-05-16,113.4,114.41,0.89,99.11
2023-05-17,115.5,112.94,2.22,97.78
2023-05-18,118.15,115.93,1.88,98.12
2023-05-19,116.25,116.07,0.15,99.85
2023-05-22,115.01,116.6,1.38,98.62
2023-05-23,114.99,116.6,1.4,98.6
2023-05-24,116.75,117.49,0.63,99.37
2023-05-25,115.0,116.67,1.45,98.55
2023-05-26,120.11,121.05,0.79,99.21
2023-05-30,121.66,121.46,0.17,99.83
2023-05-31,120.58,120.57,0.01,99.99
2023-06-01,122.77,123.0,0.19,99.81
2023-06-02,124.25,124.75,0.4,99.6
2023-06-05,125.3,125.93,0.51,99.49
2023-06-06,126.61,126.92,0.25,99.75
2023-06-07,121.23,122.29,0.87,99.13
2023-06-08,124.25,121.93,1.87,98.13
2023-06-09,123.43,125.42,1.61,98.39
2023-06-12,126.57,127.27,0.56,99.44
2023-06-13,126.66,128.6,1.53,98.47
2023-06-14,126.42,127.89,1.16,98.84
2023-06-15,127.11,128.6,1.17,98.83
2023-06-16,125.49,125.99,0.4,99.6
2023-06-20,125.78,125.69,0.07,99.93
2023-06-21,124.83,125.69,0.69,99.31
2023-06-22,130.15,127.72,1.86,98.14
2023-06-23,129.33,127.58,1.35,98.65
2023-06-26,127.33,127.47,0.11,99.89
2023-06-27,129.18,128.7,0.38,99.62
2023-06-28,129.04,131.61,1.99,98.01
2023-06-29,127.9,130.52,2.05,97.95
2023-06-30,130.36,131.09,0.56,99.44
2023-07-03,130.22,131.16,0.72,99.28
2023-07-05,130.38,131.16,0.6,99.4
2023-07-06,128.36,129.06,0.54,99.46
2023-07-07,129.78,131.02,0.96,99.04
2023-07-10,127.13,129.06,1.52,98.48
2023-07-11,128.78,130.75,1.53,98.47
2023-07-12,130.8,131.4,0.46,99.54
2023-07-13,134.3,131.07,2.41,97.59
2023-07-14,134.68,131.78,2.15,97.85
2023-07-17,133.56,132.25,0.98,99.02
2023-07-18,132.83,132.2,0.47,99.53
2023-07-19,135.36,135.55,0.14,99.86
2023-07-20,129.96,132.49,1.95,98.05
2023-07-21,130.0,130.16,0.12,99.88
2023-07-24,128.8,129.3,0.39,99.61
2023-07-25,129.13,129.3,0.13,99.87
2023-07-26,128.15,130.4,1.75,98.25
2023-07-27,128.25,129.24,0.77,99.23
2023-07-28,132.21,134.84,1.99,98.01
2023-07-31,133.68,133.71,0.02,99.98
2023-08-01,131.69,131.14,0.42,99.58
2023-08-02,128.21,125.73,1.94,98.06
2023-08-03,128.91,126.01,2.25,97.75
2023-08-04,139.57,136.06,2.51,97.49
2023-08-07,142.22,138.28,2.77,97.23
2023-08-08,139.94,137.29,1.89,98.11
2023-08-09,137.85,137.28,0.41,99.59
2023-08-10,138.56,138.72,0.11,99.89
2023-08-11,138.41,139.06,0.47,99.53
2023-08-14,140.57,140.62,0.03,99.97
2023-08-15,137.67,139.05,1.0,99.0
2023-08-16,135.07,137.35,1.69,98.31
2023-08-17,133.98,135.06,0.81,99.19
2023-08-18,133.22,134.77,1.16,98.84
2023-08-21,134.68,135.75,0.8,99.2
2023-08-22,134.25,137.23,2.22,97.78
2023-08-23,135.52,137.68,1.59,98.41
2023-08-24,131.84,130.34,1.14,98.86
2023-08-25,133.26,129.76,2.63,97.37
2023-08-28,133.14,130.34,2.1,97.9
2023-08-29,134.91,135.1,0.14,99.86
2023-08-30,135.07,133.98,0.81,99.19
2023-08-31,138.01,133.4,3.34,96.66
2023-09-01,138.12,135.32,2.03,97.97
2023-09-05,137.27,135.51,1.28,98.72
2023-09-06,135.36,135.08,0.21,99.79
2023-09-07,137.85,138.35,0.36,99.64
2023-09-08,138.23,139.37,0.83,99.17
2023-09-11,143.1,143.15,0.04,99.96
2023-09-12,141.23,140.91,0.22,99.78
2023-09-13,144.85,143.79,0.73,99.27
2023-09-14,144.72,147.22,1.73,98.27
2023-09-15,140.39,141.14,0.53,99.47
2023-09-18,139.98,141.14,0.83,99.17
2023-09-19,137.63,141.38,2.73,97.27
2023-09-20,135.29,135.92,0.47,99.53
2023-09-21,129.33,129.9,0.44,99.56
2023-09-22,129.12,129.9,0.6,99.4
2023-09-25,131.27,131.25,0.01,99.99
2023-09-26,125.98,128.74,2.19,97.81
2023-09-27,125.98,128.62,2.1,97.9
2023-09-28,125.98,127.33,1.08,98.92
2023-09-29,127.12,128.34,0.96,99.04
2023-10-02,129.46,128.59,0.67,99.33
2023-10-03,124.72,124.45,0.22,99.78
2023-10-04,127.0,126.15,0.67,99.33
2023-10-05,125.96,126.24,0.22,99.78
2023-10-06,127.96,126.71,0.98,99.02
2023-10-09,128.26,125.75,1.96,98.04
2023-10-10,129.48,126.06,2.64,97.36
2023-10-11,131.83,132.75,0.7,99.3
2023-10-12,132.33,134.86,1.91,98.09
2023-10-13,129.79,128.25,1.18,98.82
2023-10-16,132.55,134.06,1.14,98.86
2023-10-17,131.47,131.03,0.33,99.67
2023-10-18,128.13,129.06,0.72,99.28
2023-10-19,128.4,128.45,0.04,99.96
2023-10-20,125.17,124.71,0.37,99.63
2023-10-23,126.56,129.06,1.97,98.03
2023-10-24,128.56,128.42,0.11,99.89
2023-10-25,121.39,124.37,2.45,97.55
2023-10-26,119.57,122.41,2.38,97.62
2023-10-27,127.74,127.33,0.32,99.68
2023-10-30,132.71,127.64,3.82,96.18
2023-10-31,133.09,128.62,3.36,96.64
2023-11-01,137.0,133.13,2.83,97.17
2023-11-02,138.07,135.25,2.04,97.96
2023-11-03,138.6,135.25,2.42,97.58
2023-11-06,139.74,136.76,2.13,97.87
2023-11-07,142.71,139.34,2.36,97.64
2023-11-08,142.08,140.11,1.39,98.61
2023-11-09,140.6,141.02,0.3,99.7
2023-11-10,143.56,141.68,1.31,98.69
2023-11-13,142.59,142.35,0.17,99.83
2023-11-14,145.8,145.84,0.03,99.97
2023-11-15,143.2,147.71,3.15,96.85
2023-11-16,142.83,146.41,2.51,97.49
2023-11-17,145.18,146.86,1.16,98.84
2023-11-20,146.13,147.37,0.85,99.15
2023-11-21,143.9,144.18,0.2,99.8
2023-11-22,146.71,146.03,0.47,99.53
2023-11-24,146.74,147.34,0.41,99.59
2023-11-27,147.73,147.82,0.06,99.94
2023-11-28,147.03,144.47,1.74,98.26
2023-11-29,146.32,146.48,0.11,99.89
2023-11-30,146.09,148.37,1.56,98.44
2023-12-01,147.03,146.48,0.37,99.63
2023-12-04,144.84,146.51,1.15,98.85
2023-12-05,146.88,145.85,0.7,99.3
2023-12-06,144.52,145.85,0.92,99.08
2023-12-07,146.88,146.87,0.01,99.99
2023-12-08,147.42,147.23,0.13,99.87
2023-12-11,145.89,147.72,1.26,98.74
2023-12-12,147.48,148.98,1.02,98.98
2023-12-13,148.84,149.01,0.11,99.89
2023-12-14,147.42,148.34,0.62,99.38
2023-12-15,149.97,149.01,0.64,99.36
2023-12-18,154.07,151.99,1.35,98.65
2023-12-19,153.79,152.3,0.97,99.03
2023-12-20,152.12,151.2,0.6,99.4
2023-12-21,153.84,152.27,1.02,98.98
2023-12-22,153.42,153.15,0.18,99.82
2023-12-26,153.41,153.92,0.33,99.67
2023-12-27,153.34,155.23,1.23,98.77
2023-12-28,153.38,153.8,0.27,99.73
2023-12-29,151.94,153.45,0.99,99.01
2024-01-02,149.93,153.01,2.06,97.94
2024-01-03,148.47,150.64,1.46,98.54
2024-01-04,144.57,144.65,0.05,99.95
2024-01-05,145.24,149.61,3.01,96.99
2024-01-08,149.1,150.32,0.82,99.18
2024-01-09,151.37,149.61,1.16,98.84
2024-01-10,153.73,152.15,1.03,98.97
2024-01-11,155.18,153.65,0.99,99.01
2024-01-12,154.62,152.69,1.25,98.75
2024-01-16,153.16,151.69,0.96,99.04
2024-01-17,151.71,150.74,0.64,99.36
2024-01-18,153.5,152.31,0.77,99.23
2024-01-19,155.34,154.81,0.34,99.66
2024-01-22,154.78,155.19,0.26,99.74
2024-01-23,156.02,156.17,0.1,99.9
2024-01-24,156.87,157.36,0.31,99.69
2024-01-25,157.75,160.92,2.01,97.99
2024-01-26,159.12,161.25,1.34,98.66
2024-01-29,161.26,161.52,0.16,99.84
2024-01-30,159.0,161.32,1.46,98.54
2024-01-31,155.2,157.11,1.23,98.77
2024-02-01,159.28,158.43,0.53,99.47
2024-02-02,171.81,167.45,2.54,97.46
2024-02-05,170.31,168.42,1.11,98.89
2024-02-06,169.15,170.18,0.61,99.39
2024-02-07,170.53,169.9,0.37,99.63
2024-02-08,169.84,168.36,0.87,99.13
2024-02-09,174.45,170.25,2.41,97.59
2024-02-12,172.34,169.27,1.78,98.22
2024-02-13,168.64,167.28,0.8,99.2
2024-02-14,170.98,168.23,1.61,98.39
2024-02-15,169.8,168.86,0.56,99.44
2024-02-16,169.51,168.82,0.41,99.59
2024-02-20,167.08,168.46,0.83,99.17
2024-02-21,168.59,170.03,0.86,99.14
2024-02-22,174.58,171.15,1.97,98.03
2024-02-23,174.99,169.84,2.94,97.06
2024-02-26,174.73,173.16,0.9,99.1
2024-02-27,173.54,172.85,0.4,99.6
2024-02-28,173.16,173.44,0.16,99.84
2024-02-29,176.76,177.1,0.19,99.81
2024-03-01,178.22,175.31,1.64,98.36
2024-03-04,177.58,176.67,0.51,99.49
2024-03-05,174.12,175.93,1.04,98.96
2024-03-06,173.51,174.74,0.71,99.29
2024-03-07,176.82,176.53,0.17,99.83
2024-03-08,175.35,176.41,0.61,99.39
2024-03-11,171.96,175.01,1.78,98.22
2024-03-12,175.39,176.57,0.67,99.33
2024-03-13,176.56,175.94,0.35,99.65
2024-03-14,178.75,177.27,0.83,99.17
2024-03-15,174.42,175.93,0.87,99.13
2024-03-18,174.48,176.04,0.9,99.1
2024-03-19,175.9,177.01,0.63,99.37
2024-03-20,178.15,177.53,0.35,99.65
2024-03-21,178.15,176.97,0.66,99.34
2024-03-22,178.87,177.62,0.7,99.3
2024-03-25,179.71,179.5,0.12,99.88
2024-03-26,178.3,178.61,0.17,99.83
2024-03-27,179.83,179.02,0.45,99.55
2024-03-28,180.38,181.2,0.45,99.55
2024-04-01,180.97,183.66,1.49,98.51
2024-04-02,180.69,181.7,0.56,99.44
2024-04-03,182.41,181.7,0.39,99.61
2024-04-04,180.0,180.51,0.28,99.72
2024-04-05,185.07,184.12,0.51,99.49
2024-04-08,185.19,187.86,1.44,98.56
2024-04-09,185.67,186.7,0.56,99.44
2024-04-10,185.95,186.7,0.4,99.6
2024-04-11,189.05,187.26,0.95,99.05
2024-04-12,186.13,185.12,0.54,99.46
2024-04-15,183.62,184.94,0.72,99.28
2024-04-16,183.32,184.41,0.59,99.41
2024-04-17,181.28,184.06,1.53,98.47
2024-04-18,179.22,181.5,1.27,98.73
2024-04-19,174.63,177.4,1.58,98.42
2024-04-22,177.23,178.23,0.57,99.43
2024-04-23,179.54,178.63,0.51,99.49
2024-04-24,176.59,178.23,0.93,99.07
2024-04-25,173.67,176.71,1.75,98.25
2024-04-26,179.62,180.08,0.26,99.74
2024-04-29,180.96,179.85,0.61,99.39
2024-04-30,175.0,178.1,1.77,98.23
2024-05-01,179.0,175.99,1.68,98.32
2024-05-02,184.72,184.52,0.11,99.89
2024-05-03,186.21,185.54,0.36,99.64
2024-05-06,188.7,186.19,1.33,98.67
2024-05-07,188.76,188.16,0.32,99.68
2024-05-08,188.0,186.49,0.8,99.2
2024-05-09,189.5,188.28,0.64,99.36
2024-05-10,187.48,186.28,0.64,99.36
2024-05-13,186.57,185.5,0.57,99.43
2024-05-14,187.07,186.61,0.24,99.76
2024-05-15,185.99,186.93,0.5,99.5
2024-05-16,183.63,185.23,0.87,99.13
2024-05-17,184.7,185.51,0.44,99.56
2024-05-20,183.54,187.21,2.0,98.0
2024-05-21,183.15,185.66,1.37,98.63
2024-05-22,183.13,182.29,0.46,99.54
2024-05-23,181.05,180.16,0.49,99.51
2024-05-24,180.75,178.91,1.02,98.98
2024-05-28,182.15,180.45,0.93,99.07
2024-05-29,182.02,179.51,1.38,98.62
2024-05-30,179.32,177.17,1.2,98.8
2024-05-31,176.44,177.05,0.34,99.66
2024-06-03,178.34,177.9,0.24,99.76
2024-06-04,179.34,178.66,0.38,99.62
2024-06-05,181.28,180.5,0.43,99.57
2024-06-06,185.0,186.27,0.69,99.31
2024-06-07,184.3,184.74,0.24,99.76
2024-06-10,187.06,186.44,0.33,99.67
2024-06-11,187.23,186.16,0.57,99.43
2024-06-12,186.89,185.36,0.82,99.18
2024-06-13,183.83,184.79,0.52,99.48
2024-06-14,183.66,184.49,0.45,99.55
2024-06-17,184.06,184.26,0.11,99.89
2024-06-18,182.81,183.21,0.22,99.78
2024-06-20,186.1,185.45,0.35,99.65
2024-06-21,189.08,189.45,0.2,99.8
2024-06-24,185.57,185.71,0.08,99.92
2024-06-25,186.34,185.49,0.46,99.54
2024-06-26,193.61,193.14,0.24,99.76
2024-06-27,197.85,192.91,2.5,97.5
2024-06-28,193.25,192.97,0.15,99.85
2024-07-01,197.2,193.76,1.75,98.25
2024-07-02,200.0,198.9,0.55,99.45
2024-07-03,197.59,196.61,0.5,99.5
2024-07-05,200.0,201.32,0.66,99.34
2024-07-08,199.29,203.15,1.94,98.06
2024-07-09,199.34,202.41,1.54,98.46
2024-07-10,199.79,203.99,2.1,97.9
2024-07-11,195.05,195.82,0.39,99.61
2024-07-12,194.49,194.9,0.21,99.79
2024-07-15,192.72,194.78,1.07,98.93
2024-07-16,193.02,194.78,0.91,99.09
2024-07-17,187.93,188.67,0.39,99.61
2024-07-18,183.75,182.8,0.52,99.48
2024-07-19,183.13,182.75,0.21,99.79
2024-07-22,182.55,181.67,0.48,99.52
2024-07-23,186.41,181.77,2.49,97.51
2024-07-24,180.83,181.77,0.52,99.48
2024-07-25,179.85,179.41,0.24,99.76
2024-07-26,182.5,181.15,0.74,99.26
2024-07-29,183.2,181.54,0.91,99.09
2024-07-30,181.71,179.59,1.17,98.83
2024-07-31,186.98,184.0,1.59,98.41
2024-08-01,184.07,180.09,2.16,97.84
2024-08-02,167.9,168.81,0.54,99.46
2024-08-05,161.02,167.74,4.17,95.83
2024-08-06,161.93,166.8,3.01,96.99
2024-08-07,162.77,164.89,1.3,98.7
2024-08-08,165.8,167.87,1.25,98.75
2024-08-09,166.94,168.11,0.7,99.3
2024-08-12,166.8,165.87,0.56,99.44
2024-08-13,170.23,170.96,0.43,99.57
2024-08-14,170.1,170.96,0.5,99.5
2024-08-15,177.59,176.19,0.79,99.21
2024-08-16,177.06,176.55,0.29,99.71
2024-08-19,178.22,177.65,0.32,99.68
2024-08-20,178.88,175.32,1.99,98.01
2024-08-21,180.11,176.89,1.79,98.21
2024-08-22,176.13,176.35,0.13,99.87
2024-08-23,177.04,180.0,1.67,98.33
2024-08-26,175.5,176.14,0.36,99.64
2024-08-27,173.12,175.23,1.22,98.78
2024-08-28,170.8,174.48,2.15,97.85
2024-08-29,172.12,173.08,0.56,99.44
2024-08-30,178.5,176.9,0.9,99.1
2024-09-03,176.25,174.96,0.73,99.27
2024-09-04,173.33,177.05,2.15,97.85
2024-09-05,177.89,176.47,0.8,99.2
2024-09-06,171.39,173.15,1.03,98.97
2024-09-09,175.4,175.3,0.06,99.94
2024-09-10,179.55,178.25,0.73,99.27
2024-09-11,184.52,181.28,1.76,98.24
2024-09-12,187.0,182.73,2.28,97.72
2024-09-13,186.49,182.44,2.17,97.83
2024-09-16,184.89,182.44,1.32,98.68
2024-09-17,186.88,186.08,0.43,99.57
2024-09-18,186.43,185.94,0.26,99.74
2024-09-19,189.87,189.92,0.03,99.97
2024-09-20,191.6,189.13,1.29,98.71
2024-09-23,193.88,192.96,0.47,99.53
2024-09-24,193.96,192.87,0.56,99.44
2024-09-25,192.53,192.23,0.16,99.84
2024-09-26,191.16,194.39,1.69,98.31
2024-09-27,187.97,192.96,2.65,97.35
2024-09-30,186.33,186.93,0.32,99.68
2024-10-01,185.13,185.53,0.22,99.78
2024-10-02,184.76,183.53,0.67,99.33
2024-10-03,181.96,182.36,0.22,99.78
2024-10-04,186.51,186.53,0.01,99.99
2024-10-07,180.8,182.2,0.78,99.22
2024-10-08,182.72,183.5,0.43,99.57
2024-10-09,185.17,184.44,0.4,99.6
2024-10-10,186.65,185.68,0.52,99.48
2024-10-11,188.82,186.78,1.08,98.92
2024-10-14,187.54,187.84,0.16,99.84
2024-10-15,187.69,188.61,0.49,99.51
2024-10-16,186.89,187.76,0.46,99.54
2024-10-17,187.53,187.4,0.07,99.93
2024-10-18,188.99,187.1,1.0,99.0
2024-10-21,189.07,187.49,0.84,99.16
2024-10-22,189.7,186.89,1.48,98.52
2024-10-23,184.71,186.78,1.12,98.88
2024-10-24,186.38,187.22,0.45,99.55
2024-10-25,187.83,188.7,0.47,99.53
2024-10-28,188.39,192.4,2.13,97.87
2024-10-29,190.83,193.03,1.15,98.85
2024-10-30,192.73,194.06,0.69,99.31
2024-10-31,186.4,187.0,0.32,99.68
2024-11-01,197.93,196.96,0.49,99.51
2024-11-04,195.78,196.28,0.25,99.75
2024-11-05,199.5,198.51,0.5,99.5
2024-11-06,207.09,203.87,1.56,98.44
2024-11-07,210.05,205.94,1.96,98.04
2024-11-08,208.18,204.35,1.84,98.16
2024-11-11,206.84,201.63,2.52,97.48
2024-11-12,208.91,210.65,0.83,99.17
2024-11-13,214.1,210.03,1.9,98.1
2024-11-14,211.48,211.12,0.17,99.83
2024-11-15,202.61,202.9,0.14,99.86
2024-11-18,201.7,202.83,0.56,99.44
2024-11-19,204.61,203.11,0.73,99.27
2024-11-20,202.88,203.76,0.44,99.56
2024-11-21,198.38,202.69,2.17,97.83
2024-11-22,197.12,202.42,2.69,97.31
2024-11-25,201.45,204.73,1.63,98.37
2024-11-26,207.86,204.82,1.46,98.54
2024-11-27,205.74,204.07,0.81,99.19
2024-11-29,207.89,208.69,0.38,99.62
2024-12-02,210.71,210.3,0.19,99.81
2024-12-03,213.44,213.83,0.18,99.82
2024-12-04,218.16,213.52,2.13,97.87
2024-12-05,220.55,213.67,3.12,96.88
2024-12-06,227.03,223.14,1.71,98.29
2024-12-09,226.09,225.39,0.31,99.69
2024-12-10,225.04,228.86,1.7,98.3
2024-12-11,230.26,231.37,0.48,99.52
2024-12-12,228.97,232.37,1.48,98.52
2024-12-13,227.46,232.99,2.43,97.57
2024-12-16,232.93,234.63,0.73,99.27
2024-12-17,231.15,235.42,1.85,98.15
2024-12-18,220.52,223.9,1.53,98.47
2024-12-19,223.29,223.9,0.27,99.73
2024-12-20,224.92,224.05,0.39,99.61
2024-12-23,225.06,225.49,0.19,99.81
2024-12-24,229.05,225.62,1.5,98.5
2024-12-26,227.05,225.6,0.64,99.36
2024-12-27,223.75,219.61,1.85,98.15
2024-12-30,221.3,220.57,0.33,99.67
2024-12-31,219.39,219.14,0.11,99.89
2025-01-02,220.22,218.17,0.93,99.07
2025-01-03,224.19,221.99,0.98,99.02
2025-01-06,227.61,227.51,0.04,99.96
2025-01-07,222.11,221.57,0.24,99.76
2025-01-08,222.13,221.5,0.28,99.72
2025-01-10,218.94,222.38,1.57,98.43
2025-01-13,218.46,219.31,0.39,99.61
2025-01-14,217.76,218.39,0.29,99.71
2025-01-15,223.35,220.25,1.39,98.61
2025-01-16,220.66,218.44,1.01,98.99
2025-01-17,225.94,223.4,1.12,98.88
2025-01-21,230.71,227.97,1.19,98.81
2025-01-22,235.01,233.67,0.57,99.43
2025-01-23,235.42,235.4,0.01,99.99
2025-01-24,234.85,234.86,0.0,100.0
2025-01-27,235.42,232.19,1.37,98.63
2025-01-28,238.15,232.31,2.45,97.55
2025-01-29,237.07,234.36,1.14,98.86
2025-01-30,234.64,234.14,0.21,99.79
2025-01-31,237.68,241.02,1.4,98.6
2025-02-03,237.42,241.78,1.84,98.16
2025-02-04,242.06,242.2,0.06,99.94
2025-02-05,236.17,236.22,0.02,99.98
2025-02-06,238.83,241.68,1.19,98.81
2025-02-07,229.15,231.22,0.9,99.1
2025-02-10,233.14,231.35,0.77,99.23
2025-02-11,232.76,230.88,0.81,99.19
2025-02-12,228.93,229.29,0.16,99.84
2025-02-13,230.37,228.59,0.77,99.23
2025-02-14,228.68,228.32,0.16,99.84
2025-02-18,226.65,226.25,0.18,99.82
2025-02-19,226.63,226.08,0.24,99.76
2025-02-20,222.88,224.85,0.88,99.12
2025-02-21,216.58,215.14,0.66,99.34
2025-02-24,212.71,214.62,0.9,99.1
2025-02-25,212.8,213.94,0.54,99.46
2025-02-26,214.35,213.74,0.28,99.72
2025-02-27,208.74,207.55,0.57,99.43
2025-02-28,212.28,210.2,0.98,99.02
2025-03-03,205.02,202.97,1.0,99.0
2025-03-04,203.8,202.85,0.47,99.53
2025-03-05,208.36,206.01,1.13,98.87
2025-03-06,200.7,203.04,1.16,98.84
2025-03-07,199.25,200.89,0.82,99.18
2025-03-10,194.54,198.03,1.79,98.21
2025-03-11,196.59,197.41,0.42,99.58
2025-03-12,198.89,199.04,0.08,99.92
2025-03-13,193.89,197.06,1.64,98.36
2025-03-14,197.95,198.53,0.3,99.7
2025-03-17,195.74,198.55,1.43,98.57
2025-03-18,192.82,190.58,1.16,98.84
2025-03-19,195.54,194.06,0.76,99.24
2025-03-20,194.95,189.72,2.68,97.32
2025-03-21,196.21,194.8,0.72,99.28
2025-03-24,203.26,201.45,0.89,99.11
2025-03-25,205.71,198.34,3.58,96.42
2025-03-26,201.13,199.99,0.57,99.43
2025-03-27,201.36,199.51,0.92,99.08
2025-03-28,192.72,198.34,2.92,97.08
2025-03-31,190.26,199.88,5.06,94.94
2025-04-01,192.17,192.19,0.01,99.99
2025-04-02,196.01,196.33,0.16,99.84
2025-04-03,178.41,181.84,1.92,98.08
2025-04-04,171.0,179.77,5.13,94.87
2025-04-07,175.26,179.87,2.63,97.37
2025-04-08,170.66,174.06,1.99,98.01
2025-04-09,191.1,191.99,0.46,99.54
2025-04-10,181.22,184.72,1.93,98.07
2025-04-11,184.87,182.6,1.23,98.77
2025-04-14,182.12,177.46,2.56,97.44
2025-04-15,179.59,180.44,0.48,99.52
2025-04-16,174.33,174.98,0.37,99.63
2025-04-17,172.61,174.14,0.89,99.11
2025-04-21,167.32,169.64,1.39,98.61
2025-04-22,173.18,173.68,0.29,99.71
2025-04-23,180.6,179.57,0.57,99.43
2025-04-24,186.54,185.31,0.66,99.34
2025-04-25,188.99,188.25,0.39,99.61
2025-04-28,187.7,187.42,0.15,99.85
2025-04-29,187.39,188.21,0.44,99.56
2025-04-30,184.42,181.78,1.43,98.57
2025-05-01,190.2,187.95,1.18,98.82
2025-05-02,189.98,186.64,1.76,98.24
2025-05-05,186.35,186.17,0.1,99.9
2025-05-06,185.01,185.72,0.38,99.62
2025-05-07,188.71,187.2,0.8,99.2
2025-05-08,192.08,191.99,0.05,99.95
2025-05-09,193.06,193.85,0.41,99.59
2025-05-12,208.64,204.9,1.79,98.21
2025-05-13,211.37,207.3,1.93,98.07
2025-05-14,210.25,210.33,0.04,99.96
2025-05-15,205.17,204.08,0.53,99.47
2025-05-16,205.59,206.38,0.39,99.61
2025-05-19,206.16,206.09,0.03,99.97
2025-05-20,204.07,206.05,0.97,99.03
2025-05-21,201.12,200.3,0.41,99.59
2025-05-22,203.1,202.17,0.46,99.54
2025-05-23,200.99,202.5,0.75,99.25
2025-05-27,206.02,208.68,1.29,98.71
2025-05-28,204.72,204.43,0.14,99.86
2025-05-29,205.7,204.49,0.59,99.41
2025-05-30,205.01,204.14,0.43,99.57
2025-06-02,206.65,203.44,1.55,98.45
2025-06-03,205.71,201.83,1.89,98.11
2025-06-04,207.23,206.11,0.54,99.46
2025-06-05,207.91,209.16,0.6,99.4
2025-06-06,213.57,210.64,1.37,98.63
2025-06-09,216.98,213.86,1.44,98.56
2025-06-10,217.61,217.14,0.22,99.78
2025-06-11,213.2,215.75,1.2,98.8
2025-06-12,213.24,214.12,0.41,99.59
2025-06-13,212.1,214.98,1.36,98.64
2025-06-16,216.1,216.6,0.23,99.77
2025-06-17,214.82,218.29,1.61,98.39
2025-06-18,212.52,214.78,1.06,98.94
2025-06-20,209.69,214.0,2.06,97.94
2025-06-23,208.47,213.39,2.36,97.64
2025-06-24,212.77,215.37,1.22,98.78
2025-06-25,211.99,214.22,1.05,98.95
2025-06-26,217.12,220.38,1.5,98.5
2025-06-27,223.3,220.41,1.29,98.71
2025-06-30,219.39,216.22,1.45,98.55
2025-07-01,220.46,218.63,0.83,99.17
2025-07-02,219.92,219.61,0.14,99.86
2025-07-03,223.41,222.08,0.59,99.41
2025-07-07,223.47,222.01,0.65,99.35
2025-07-08,219.36,221.51,0.98,99.02
2025-07-09,222.54,220.99,0.7,99.3
2025-07-10,222.26,222.22,0.02,99.98
2025-07-11,225.02,224.18,0.37,99.63
2025-07-14,225.69,229.69,1.77,98.23
2025-07-15,226.35,226.51,0.07,99.93
2025-07-16,223.19,223.54,0.16,99.84
2025-07-17,223.88,225.47,0.71,99.29
2025-07-18,226.13,225.49,0.28,99.72
2025-07-21,229.3,228.7,0.26,99.74
2025-07-22,227.47,227.67,0.09,99.91
2025-07-23,228.29,227.54,0.33,99.67
2025-07-24,232.23,231.07,0.5,99.5
2025-07-25,231.44,231.09,0.15,99.85
2025-07-28,232.79,237.76,2.14,97.86
2025-07-29,231.01,231.04,0.01,99.99
2025-07-30,230.19,232.21,0.88,99.12
2025-07-31,234.11,232.23,0.8,99.2
2025-08-01,214.75,218.05,1.54,98.46
2025-08-04,211.65,215.02,1.59,98.41
2025-08-05,213.75,218.55,2.25,97.75
2025-08-06,222.31,223.08,0.35,99.65
2025-08-07,223.13,223.49,0.16,99.84
2025-08-08,222.69,222.22,0.21,99.79
2025-08-11,221.3,222.64,0.6,99.4
2025-08-12,221.47,220.56,0.41,99.59
2025-08-13,224.56,221.17,1.51,98.49
2025-08-14,230.98,230.3,0.29,99.71
2025-08-15,231.03,230.07,0.41,99.59
2025-08-18,231.49,231.52,0.01,99.99
2025-08-19,228.01,225.96,0.9,99.1
2025-08-20,223.81,223.9,0.04,99.96
2025-08-21,221.95,227.17,2.35,97.65
2025-08-22,228.84,233.23,1.92,98.08
2025-08-25,227.94,232.29,1.91,98.09
2025-08-26,228.71,230.22,0.66,99.34
2025-08-27,229.12,229.28,0.07,99.93
2025-08-28,231.6,232.5,0.39,99.61
2025-08-29,229.0,230.56,0.68,99.32
2025-09-02,225.34,229.11,1.67,98.33
2025-09-03,225.99,229.14,1.4,98.6
2025-09-04,235.68,231.4,1.82,98.18
2025-09-05,232.33,231.25,0.47,99.53
2025-09-08,235.84,233.0,1.2,98.8
2025-09-09,238.24,233.3,2.07,97.93
2025-09-10,230.33,231.92,0.69,99.31
2025-09-11,229.95,230.96,0.44,99.56
2025-09-12,228.15,228.86,0.31,99.69
2025-09-15,231.43,232.3,0.37,99.63
2025-09-16,234.05,232.24,0.78,99.22
2025-09-17,231.62,231.51,0.05,99.95
2025-09-18,231.23,231.49,0.11,99.89
2025-09-19,231.48,231.26,0.09,99.91
2025-09-22,227.63,229.89,0.99,99.01
2025-09-23,220.71,224.54,1.74,98.26
2025-09-24,220.21,217.57,1.2,98.8
2025-09-25,218.15,217.99,0.07,99.93
2025-09-26,219.78,218.08,0.77,99.23
2025-09-29,222.17,218.55,1.63,98.37
2025-09-30,219.57,218.95,0.28,99.72
2025-10-01,220.63,222.66,0.92,99.08
2025-10-02,222.41,225.68,1.47,98.53
2025-10-03,219.51,218.28,0.56,99.44
2025-10-06,220.9,216.46,2.01,97.99
2025-10-07,221.78,220.06,0.78,99.22
2025-10-08,225.22,225.56,0.15,99.85
2025-10-09,227.74,224.25,1.53,98.47
2025-10-10,216.37,219.74,1.56,98.44
2025-10-13,220.07,223.31,1.47,98.53
2025-10-14,216.39,219.92,1.63,98.37
2025-10-15,215.57,220.1,2.1,97.9
2025-10-16,214.47,216.85,1.11,98.89
2025-10-17,213.04,214.81,0.83,99.17
2025-10-20,216.48,218.1,0.75,99.25
2025-10-21,222.03,221.8,0.1,99.9
2025-10-22,217.95,216.69,0.58,99.42
2025-10-23,221.09,221.8,0.32,99.68
2025-10-24,224.21,223.46,0.34,99.66
2025-10-27,226.97,224.17,1.23,98.77
2025-10-28,229.25,226.53,1.19,98.81
2025-10-29,230.3,224.87,2.36,97.64
2025-10-30,222.86,226.86,1.79,98.21
2025-10-31,244.22,236.35,3.22,96.78
2025-11-03,254.0,248.6,2.13,97.87
2025-11-04,249.32,247.48,0.74,99.26
2025-11-05,250.2,247.35,1.14,98.86
2025-11-06,243.04,244.25,0.5,99.5
2025-11-07,244.41,242.26,0.88,99.12
2025-11-10,248.4,241.46,2.79,97.21
2025-11-11,249.1,249.83,0.29,99.71
2025-11-12,244.2,253.3,3.73,96.27
2025-11-13,237.58,243.7,2.58,97.42
2025-11-14,234.69,231.95,1.17,98.83
2025-11-17,232.87,231.62,0.54,99.46
2025-11-18,222.55,224.34,0.8,99.2
2025-11-19,222.69,227.98,2.37,97.63
2025-11-20,217.14,215.57,0.72,99.28
2025-11-21,220.69,215.89,2.18,97.82
2025-11-24,226.28,218.68,3.36,96.64
2025-11-25,229.67,225.58,1.78,98.22
2025-11-26,229.16,230.39,0.54,99.46
2025-11-28,233.22,232.28,0.4,99.6
2025-12-01,233.88,230.77,1.33,98.67
2025-12-02,234.42,230.52,1.66,98.34
2025-12-03,232.38,230.3,0.89,99.11
2025-12-04,229.11,227.93,0.51,99.49
2025-12-05,229.53,227.96,0.68,99.32
2025-12-08,226.89,227.66,0.34,99.66
2025-12-09,227.92,230.61,1.18,98.82
2025-12-10,231.78,234.22,1.05,98.95
2025-12-11,230.28,233.74,1.5,98.5
2025-12-12,226.19,229.2,1.33,98.67
2025-12-15,222.54,223.75,0.54,99.46
2025-12-16,222.56,221.48,0.49,99.51
2025-12-17,221.27,223.09,0.82,99.18
2025-12-18,226.76,225.4,0.6,99.4
2025-12-19,227.35,227.09,0.11,99.89
2025-12-22,228.43,227.29,0.5,99.5
2025-12-23,232.14,231.79,0.15,99.85
2025-12-24,232.38,233.3,0.39,99.61
2025-12-26,232.52,233.21,0.3,99.7
2025-12-29,232.07,231.86,0.09,99.91
2025-12-30,232.53,231.8,0.31,99.69
2025-12-31,230.82,229.73,0.47,99.53
2026-01-02,226.5,225.88,0.27,99.73
2026-01-05,233.06,233.61,0.23,99.77
2026-01-06,240.93,240.2,0.3,99.7
2026-01-07,241.56,240.0,0.65,99.35
2026-01-08,246.29,244.3,0.81,99.19
2026-01-09,247.38,245.85,0.62,99.38
2026-01-12,246.47,246.9,0.17,99.83
2026-01-13,242.6,243.69,0.45,99.55
2026-01-14,236.65,234.18,1.04,98.96
2026-01-15,238.18,235.81,1.0,99.0
2026-01-16,239.12,239.77,0.27,99.73
2026-01-20,231.0,231.43,0.19,99.81
2026-01-21,231.31,231.43,0.05,99.95
2026-01-22,234.34,234.2,0.06,99.94
2026-01-23,239.16,241.76,1.09,98.91
2026-01-26,238.42,238.1,0.13,99.87
2026-01-27,244.68,242.33,0.96,99.04
2026-01-28,243.01,241.56,0.6,99.4
2026-01-29,241.73,239.82,0.79,99.21
2026-01-30,239.3,237.2,0.88,99.12
2026-02-02,242.96,238.55,1.82,98.18
2026-02-03,238.62,238.55,0.03,99.97
2026-02-04,232.99,238.55,2.38,97.62
2026-02-05,222.69,223.61,0.41,99.59
2026-02-06,210.32,217.91,3.61,96.39
2026-02-09,208.72,217.92,4.41,95.59
2026-02-10,206.96,213.83,3.32,96.68
2026-02-11,204.08,210.44,3.12,96.88
2026-02-12,199.6,205.72,3.07,96.93
2026-02-13,198.79,200.88,1.05,98.95
2026-02-17,201.15,202.81,0.82,99.18
2026-02-18,204.79,202.36,1.19,98.81
2026-02-19,204.86,204.42,0.21,99.79
2026-02-20,210.11,206.5,1.72,98.28
2026-02-23,205.27,204.84,0.21,99.79
2026-02-24,208.56,206.37,1.05,98.95
2026-02-25,210.64,209.13,0.72,99.28
2026-02-26,207.92,207.82,0.05,99.95
2026-02-27,210.0,211.19,0.57,99.43
2026-03-02,208.39,208.63,0.12,99.88
2026-03-03,208.73,210.62,0.9,99.1
2026-03-04,216.82,216.38,0.21,99.79
2026-03-05,218.94,224.02,2.32,97.68
2026-03-06,213.21,214.85,0.77,99.23
2026-03-09,213.49,215.63,1.0,99.0
2026-03-10,214.33,215.39,0.49,99.51
2026-03-11,212.65,214.79,1.01,98.99
2026-03-12,209.53,210.24,0.34,99.66
2026-03-13,207.67,210.41,1.32,98.68
2026-03-16,211.74,213.67,0.91,99.09
2026-03-17,215.2,214.48,0.33,99.67
2026-03-18,209.87,210.77,0.43,99.57
2026-03-19,208.76,210.57,0.87,99.13
2026-03-20,205.37,209.7,2.11,97.89
2026-03-23,210.14,210.29,0.07,99.93
2026-03-24,207.24,206.42,0.4,99.6
2026-03-25,211.71,207.54,1.97,98.03
2026-03-26,207.54,207.5,0.02,99.98
2026-03-27,199.34,200.2,0.43,99.57
2026-03-30,200.95,200.2,0.37,99.63
2026-03-31,208.27,209.33,0.51,99.49
2026-04-01,210.57,210.47,0.05,99.95
2026-04-02,209.77,209.93,0.08,99.92
2026-04-06,212.79,210.33,1.16,98.84
2026-04-07,213.77,209.73,1.89,98.11
2026-04-08,221.25,215.8,2.46,97.54
2026-04-09,233.65,223.7,4.26,95.74
2026-04-10,238.38,232.37,2.52,97.48
2026-04-13,239.89,232.38,3.13,96.87
2026-04-14,249.02,242.05,2.8,97.2
2026-04-15,248.5,248.11,0.16,99.84
2026-04-16,249.7,249.3,0.16,99.84
2026-04-17,250.56,247.61,1.18,98.82
2026-04-20,248.28,254.16,2.37,97.63
2026-04-21,249.91,253.44,1.41,98.59
2026-04-22,255.36,253.93,0.56,99.44
2026-04-23,255.08,254.11,0.38,99.62
2026-04-24,263.99,260.18,1.44,98.56
2026-04-27,261.12,260.07,0.4,99.6
2026-04-28,259.7,261.07,0.53,99.47
2026-04-29,263.04,263.62,0.22,99.78
2026-04-30,265.06,268.65,1.36,98.64
2026-05-01,268.26,268.34,0.03,99.97
2026-05-04,272.05,272.98,0.34,99.66
2026-05-05,273.55,271.77,0.65,99.35
2026-05-06,274.99,270.99,1.46,98.54
2026-05-07,271.17,270.8,0.14,99.86
2026-05-08,272.68,272.0,0.25,99.75
2026-05-11,268.99,270.43,0.54,99.46
2026-05-12,265.82,270.14,1.63,98.37
2026-05-13,270.13,270.05,0.03,99.97
2026-05-14,267.22,268.22,0.38,99.62
2026-05-15,264.14,268.12,1.51,98.49
2026-05-18,264.86,267.79,1.11,98.89
2026-05-19,259.34,265.99,2.56,97.44
2026-05-20,265.01,268.32,1.25,98.75
2026-05-21,268.46,268.32,0.05,99.95
2026-05-22,266.32,266.37,0.02,99.98
2026-05-26,265.29,256.96,3.14,96.86
2026-05-27,271.85,268.92,1.08,98.92
2026-05-28,274.0,268.21,2.11,97.89
2026-05-29,270.64,269.37,0.47,99.53
2026-06-01,261.26,259.59,0.64,99.36
2026-06-02,256.52,256.96,0.17,99.83
2026-06-03,250.02,248.66,0.54,99.46
2026-06-04,253.79,251.9,0.75,99.25
2026-06-05,246.03,248.6,1.04,98.96
2026-06-08,245.22,248.53,1.35,98.65
2026-06-09,244.19,248.6,1.81,98.19
2026-06-10,238.0,240.33,0.98,99.02
2026-06-11,241.51,240.33,0.49,99.51
2026-06-12,238.55,238.91,0.15,99.85
2026-06-15,246.02,240.48,2.25,97.75
2026-06-16,246.0,239.08,2.81,97.19
2026-06-17,237.5,237.8,0.13,99.87
2026-06-18,244.39,239.98,1.8,98.2
2026-06-22,232.79,232.64,0.06,99.94
2026-06-23,234.11,234.78,0.29,99.71
2026-06-24,234.27,234.96,0.3,99.7
2026-06-25,227.01,232.87,2.58,97.42
2026-06-26,232.69,238.32,2.42,97.58
2026-06-29,240.14,238.95,0.5,99.5
2026-06-30,238.34,237.38,0.4,99.6
2026-07-01,241.7,243.34,0.68,99.32
2026-07-02,242.67,243.44,0.32,99.68
2026-07-06,244.16,243.24,0.38,99.62
2026-07-07,245.98,243.44,1.03,98.97
2026-07-08,243.62,242.0,0.66,99.34
2026-07-09,247.04,245.0,0.83,99.17
2026-07-10,245.34,244.75,0.24,99.76
2026-07-13,247.31,251.05,1.51,98.49
2026-07-14,247.49,250.81,1.34,98.66
2026-07-15,254.96,251.58,1.33,98.67
2026-07-16,249.89,249.15,0.3,99.7
2026-07-17,247.23,247.8,0.23,99.77
2026-07-20,249.99,252.0,0.8,99.2
2026-07-21,247.55,252.04,1.81,98.19
2026-07-22,244.85,245.18,0.13,99.87
2026-07-23,233.66,239.89,2.67,97.33
2026-07-24,232.11,233.84,0.75,99.25
2026-07-27,231.39,230.92,0.2,99.8
2026-07-28,230.86,232.14,0.55,99.45
2026-07-29,226.65,227.68,0.46,99.54
2026-07-30,235.5,236.2,0.3,99.7
2026-07-31,271.58,268.92,0.98,99.02
2026-08-03,284.02,274.35,3.4,96.6
2026-08-04,277.42,272.5,1.77,98.23
2026-08-05,272.65,267.62,1.85,98.15
2026-08-06,272.26,268.01,1.56,98.44
