timestamp,Latest Actual Close,Predicted Close,Error (%),Accuracy (%)
2004-12-10,4.26,4.72,10.7,89.3
2004-12-13,4.23,4.73,11.67,88.33
2004-12-14,4.44,4.74,6.72,93.28
2004-12-15,4.47,4.73,5.88,94.12
2004-12-16,4.38,4.69,6.91,93.09
2004-12-17,4.47,4.7,4.98,95.02
2004-12-20,4.6,4.72,2.7,97.3
2004-12-21,4.56,4.73,3.59,96.41
2004-12-22,4.63,4.73,2.17,97.83
2004-12-23,4.67,4.73,1.3,98.7
2004-12-27,4.77,4.8,0.69,99.31
2004-12-28,4.79,4.97,3.8,96.2
2004-12-29,4.79,4.97,3.73,96.27
2004-12-30,4.91,4.97,1.26,98.74
2004-12-31,4.79,4.97,3.79,96.21
2005-01-03,5.03,4.99,0.83,99.17
2005-01-04,4.83,4.82,0.27,99.73
2005-01-05,4.81,4.81,0.01,99.99
2005-01-06,4.68,4.8,2.44,97.56
2005-01-07,4.81,4.81,0.17,99.83
2005-01-10,4.84,4.8,0.97,99.03
2005-01-11,4.81,4.8,0.2,99.8
2005-01-12,4.85,4.8,1.14,98.86
2005-01-13,4.85,4.8,1.11,98.89
2005-01-14,4.97,4.86,2.14,97.86
2005-01-18,5.06,4.86,4.02,95.98
2005-01-19,4.9,4.85,0.98,99.02
2005-01-20,4.82,4.83,0.24,99.76
2005-01-21,4.68,4.82,3.05,96.95
2005-01-24,4.49,4.7,4.65,95.35
2005-01-25,4.4,4.65,5.59,94.41
2005-01-26,4.7,4.77,1.38,98.62
2005-01-27,4.67,4.77,2.01,97.99
2005-01-28,4.73,4.77,0.8,99.2
2005-01-31,4.86,4.81,1.09,98.91
2005-02-01,4.77,4.77,0.02,99.98
2005-02-02,5.12,4.86,4.98,95.02
2005-02-03,5.24,4.86,7.19,92.81
2005-02-04,5.08,5.23,2.99,97.01
2005-02-07,4.87,5.19,6.68,93.32
2005-02-08,4.93,5.31,7.69,92.31
2005-02-09,4.76,5.29,11.15,88.85
2005-02-10,4.67,4.95,5.93,94.07
2005-02-11,4.65,4.96,6.56,93.44
2005-02-14,4.79,4.86,1.4,98.6
2005-02-15,4.85,4.87,0.52,99.48
2005-02-16,4.93,4.86,1.37,98.63
2005-02-17,4.92,4.86,1.11,98.89
2005-02-18,4.92,4.85,1.31,98.69
2005-02-22,4.75,4.83,1.58,98.42
2005-02-23,4.82,4.78,0.81,99.19
2005-02-24,4.69,4.69,0.03,99.97
2005-02-25,4.62,4.71,1.99,98.01
2005-02-28,4.67,4.8,2.8,97.2
2005-03-01,4.62,4.76,3.09,96.91
2005-03-02,4.6,4.75,3.18,96.82
2005-03-03,4.64,4.77,2.59,97.41
2005-03-04,4.62,4.77,3.2,96.8
2005-03-07,4.69,4.76,1.41,98.59
2005-03-08,4.6,4.68,1.7,98.3
2005-03-09,4.5,4.61,2.36,97.64
2005-03-10,4.47,4.61,3.13,96.87
2005-03-11,4.42,4.56,3.34,96.66
2005-03-14,4.35,4.58,5.46,94.54
2005-03-15,4.44,4.58,3.25,96.75
2005-03-16,4.36,4.56,4.65,95.35
2005-03-17,4.45,4.67,4.81,95.19
2005-03-18,4.47,4.65,3.88,96.12
2005-03-21,4.49,4.68,4.08,95.92
2005-03-22,4.44,4.65,4.71,95.29
2005-03-23,4.45,4.65,4.49,95.51
2005-03-24,4.45,4.65,4.33,95.67
2005-03-28,4.51,4.65,3.09,96.91
2005-03-29,4.46,4.65,4.15,95.85
2005-03-30,4.48,4.7,4.76,95.24
2005-03-31,4.48,4.72,5.26,94.74
2005-04-01,4.47,4.73,5.72,94.28
2005-04-04,4.6,4.8,4.29,95.71
2005-04-05,4.68,4.8,2.47,97.53
2005-04-06,4.7,4.97,5.74,94.26
2005-04-07,4.81,4.97,3.27,96.73
2005-04-08,4.77,4.86,1.97,98.03
2005-04-11,4.8,4.91,2.36,97.64
2005-04-12,4.82,4.97,3.16,96.84
2005-04-13,4.79,4.97,3.71,96.29
2005-04-14,4.76,4.86,2.29,97.71
2005-04-15,4.59,4.73,2.89,97.11
2005-04-18,4.64,4.74,2.0,98.0
2005-04-19,4.75,4.8,0.96,99.04
2005-04-20,4.92,4.9,0.31,99.69
2005-04-21,5.07,5.04,0.62,99.38
2005-04-22,5.36,5.13,4.32,95.68
2005-04-25,5.55,5.59,0.68,99.32
2005-04-26,5.43,5.48,0.93,99.07
2005-04-27,5.46,5.47,0.27,99.73
2005-04-28,5.45,5.53,1.5,98.5
2005-04-29,5.46,5.48,0.36,99.64
2005-05-02,5.52,5.59,1.24,98.76
2005-05-03,5.62,5.59,0.51,99.49
2005-05-04,5.68,5.59,1.51,98.49
2005-05-05,5.64,5.69,0.99,99.01
2005-05-06,5.66,5.69,0.53,99.47
2005-05-09,5.61,5.59,0.4,99.6
2005-05-10,5.66,5.59,1.21,98.79
2005-05-11,5.74,6.07,5.74,94.26
2005-05-12,5.68,5.88,3.47,96.53
2005-05-13,5.69,5.32,6.54,93.46
2005-05-16,5.74,5.48,4.44,95.56
2005-05-17,5.79,5.59,3.47,96.53
2005-05-18,5.94,5.93,0.18,99.82
2005-05-19,5.94,6.46,8.69,91.31
2005-05-20,6.0,6.46,7.6,92.4
2005-05-23,6.34,6.94,9.43,90.57
2005-05-24,6.36,6.94,9.2,90.8
2005-05-25,6.48,6.65,2.69,97.31
2005-05-26,6.44,6.6,2.57,97.43
2005-05-27,6.61,6.82,3.16,96.84
2005-05-31,6.89,7.04,2.28,97.72
2005-06-01,7.15,7.04,1.53,98.47
2005-06-02,7.15,7.04,1.5,98.5
2005-06-03,6.96,6.99,0.43,99.57
2005-06-06,7.23,7.05,2.5,97.5
2005-06-07,7.28,7.15,1.84,98.16
2005-06-08,6.94,7.15,2.96,97.04
2005-06-09,7.11,7.23,1.62,98.38
2005-06-10,7.02,7.14,1.78,98.22
2005-06-13,7.02,7.01,0.12,99.88
2005-06-14,6.91,6.95,0.55,99.45
2005-06-15,6.83,6.94,1.72,98.28
2005-06-16,6.89,6.76,1.92,98.08
2005-06-17,6.96,7.12,2.34,97.66
2005-06-20,7.12,7.12,0.06,99.94
2005-06-21,7.15,7.17,0.26,99.74
2005-06-22,7.19,7.19,0.13,99.87
2005-06-23,7.2,7.1,1.29,98.71
2005-06-24,7.38,7.1,3.79,96.21
2005-06-27,7.55,7.2,4.63,95.37
2005-06-28,7.5,7.27,3.03,96.97
2005-06-29,7.27,7.2,0.92,99.08
2005-06-30,7.31,7.2,1.4,98.6
2005-07-01,7.23,7.22,0.24,99.76
2005-07-05,7.34,7.29,0.77,99.23
2005-07-06,7.24,7.28,0.59,99.41
2005-07-07,7.34,7.47,1.8,98.2
2005-07-08,7.36,7.47,1.5,98.5
2005-07-11,7.29,7.4,1.57,98.43
2005-07-12,7.25,7.39,2.0,98.0
2005-07-13,7.42,7.4,0.3,99.7
2005-07-14,7.47,7.41,0.84,99.16
2005-07-15,7.48,7.4,1.05,98.95
2005-07-18,7.44,7.27,2.29,97.71
2005-07-19,7.7,7.41,3.72,96.28
2005-07-20,7.75,7.6,1.88,98.12
2005-07-21,7.8,7.61,2.41,97.59
2005-07-22,7.51,7.41,1.33,98.67
2005-07-25,7.35,7.42,0.97,99.03
2005-07-26,7.35,7.42,0.96,99.04
2005-07-27,7.37,7.4,0.37,99.63
2005-07-28,7.29,7.32,0.4,99.6
2005-07-29,7.15,7.27,1.71,98.29
2005-08-01,7.24,7.41,2.32,97.68
2005-08-02,7.43,7.42,0.16,99.84
2005-08-03,7.38,7.28,1.43,98.57
2005-08-04,7.39,7.28,1.57,98.43
2005-08-05,7.26,7.27,0.11,99.89
2005-08-08,7.23,7.08,2.06,97.94
2005-08-09,7.24,7.07,2.42,97.58
2005-08-10,7.1,7.05,0.68,99.32
2005-08-11,7.06,7.07,0.16,99.84
2005-08-12,7.2,7.26,0.88,99.12
2005-08-15,7.05,7.22,2.33,97.67
2005-08-16,7.09,7.22,1.74,98.26
2005-08-17,7.08,7.25,2.37,97.63
2005-08-18,6.95,7.12,2.44,97.56
2005-08-19,6.95,7.03,1.03,98.97
2005-08-22,6.81,6.8,0.01,99.99
2005-08-23,6.94,6.94,0.07,99.93
2005-08-24,7.02,6.95,0.98,99.02
2005-08-25,7.02,7.09,1.06,98.94
2005-08-26,7.04,7.12,1.02,98.98
2005-08-29,7.16,7.14,0.29,99.71
2005-08-30,7.14,7.11,0.38,99.62
2005-08-31,7.1,7.11,0.06,99.94
2005-09-01,7.11,7.03,1.07,98.93
2005-09-02,7.16,7.34,2.51,97.49
2005-09-06,7.13,7.34,2.88,97.12
2005-09-07,7.32,7.35,0.4,99.6
2005-09-08,7.34,7.54,2.81,97.19
2005-09-09,7.43,7.64,2.82,97.18
2005-09-12,7.69,7.97,3.55,96.45
2005-09-13,7.74,8.15,5.29,94.71
2005-09-14,7.53,7.82,3.93,96.07
2005-09-15,7.52,7.81,3.96,96.04
2005-09-16,7.46,7.74,3.82,96.18
2005-09-19,7.55,7.69,1.88,98.12
2005-09-20,7.65,7.83,2.35,97.65
2005-09-21,7.75,7.94,2.51,97.49
2005-09-22,7.73,7.87,1.82,98.18
2005-09-23,7.83,7.99,1.95,98.05
2005-09-26,7.81,8.0,2.43,97.57
2005-09-27,7.8,7.92,1.6,98.4
2005-09-28,7.6,7.73,1.7,98.3
2005-09-29,7.69,7.73,0.51,99.49
2005-09-30,7.86,7.73,1.66,98.34
2005-10-03,7.92,7.73,2.35,97.65
2005-10-04,7.72,7.73,0.07,99.93
2005-10-05,7.72,7.78,0.76,99.24
2005-10-06,7.77,7.83,0.78,99.22
2005-10-07,7.77,7.8,0.39,99.61
2005-10-10,7.72,7.75,0.44,99.56
2005-10-11,7.6,7.57,0.39,99.61
2005-10-12,7.48,7.53,0.76,99.24
2005-10-13,7.39,7.3,1.16,98.84
2005-10-14,7.36,7.3,0.72,99.28
2005-10-17,7.58,7.49,1.16,98.84
2005-10-18,7.53,7.55,0.2,99.8
2005-10-19,7.67,7.55,1.56,98.44
2005-10-20,7.53,7.39,1.88,98.12
2005-10-21,8.44,7.81,7.45,92.55
2005-10-24,8.66,7.84,9.5,90.5
2005-10-25,8.62,8.41,2.39,97.61
2005-10-26,8.83,8.42,4.58,95.42
2005-10-27,8.77,8.4,4.21,95.79
2005-10-28,8.9,8.45,4.98,95.02
2005-10-31,9.24,8.93,3.4,96.6
2005-11-01,9.42,8.93,5.23,94.77
2005-11-02,9.43,9.05,4.05,95.95
2005-11-03,9.59,9.5,0.91,99.09
2005-11-04,9.7,9.5,2.05,97.95
2005-11-07,9.81,9.93,1.2,98.8
2005-11-08,9.68,9.82,1.36,98.64
2005-11-09,9.42,9.74,3.39,96.61
2005-11-10,9.71,9.75,0.34,99.66
2005-11-11,9.7,9.75,0.52,99.48
2005-11-14,9.86,9.75,1.15,98.85
2005-11-15,9.76,9.87,1.13,98.87
2005-11-16,9.89,10.13,2.46,97.54
2005-11-17,10.02,10.13,1.12,98.88
2005-11-18,9.94,9.92,0.19,99.81
2005-11-21,10.17,9.95,2.14,97.86
2005-11-22,10.34,10.01,3.25,96.75
2005-11-23,10.5,10.01,4.71,95.29
2005-11-25,10.65,10.01,5.99,94.01
2005-11-28,10.52,9.88,6.05,93.95
2005-11-29,10.02,10.1,0.77,99.23
2005-11-30,10.06,10.21,1.53,98.47
2005-12-01,10.28,10.11,1.71,98.29
2005-12-02,10.37,10.21,1.58,98.42
2005-12-05,10.08,10.06,0.21,99.79
2005-12-06,10.05,10.06,0.11,99.89
2005-12-07,10.04,10.02,0.21,99.79
2005-12-08,10.2,10.02,1.77,98.23
2005-12-09,10.16,10.06,1.03,98.97
2005-12-12,10.25,10.02,2.24,97.76
2005-12-13,10.37,10.05,3.11,96.89
2005-12-14,10.41,9.92,4.68,95.32
2005-12-15,10.5,10.09,3.82,96.18
2005-12-16,10.68,10.4,2.66,97.34
2005-12-19,10.55,10.6,0.53,99.47
2005-12-20,10.67,10.67,0.04,99.96
2005-12-21,10.59,10.5,0.82,99.18
2005-12-22,10.73,10.5,2.13,97.87
2005-12-23,10.7,10.79,0.83,99.17
2005-12-27,10.55,10.65,1.02,98.98
2005-12-28,10.6,10.78,1.71,98.29
2005-12-29,10.44,10.61,1.69,98.31
2005-12-30,10.3,10.54,2.31,97.69
2006-01-03,10.81,10.92,1.06,98.94
2006-01-04,11.06,10.95,1.0,99.0
2006-01-05,11.21,11.0,1.84,98.16
2006-01-06,11.57,11.05,4.48,95.52
2006-01-09,11.6,11.17,3.65,96.35
2006-01-10,11.67,11.36,2.59,97.41
2006-01-11,11.71,11.3,3.57,96.43
2006-01-12,11.52,11.51,0.07,99.93
2006-01-13,11.58,11.48,0.85,99.15
2006-01-17,11.6,11.51,0.81,99.19
2006-01-18,11.05,11.27,2.0,98.0
2006-01-19,10.84,11.11,2.5,97.5
2006-01-20,9.92,10.92,10.03,89.97
2006-01-23,10.62,10.79,1.66,98.34
2006-01-24,11.0,11.1,0.91,99.09
2006-01-25,10.75,10.62,1.28,98.72
2006-01-26,10.79,10.62,1.57,98.43
2006-01-27,10.77,10.52,2.28,97.72
2006-01-30,10.6,10.45,1.39,98.61
2006-01-31,10.75,10.52,2.09,97.91
2006-02-01,9.98,10.34,3.6,96.4
2006-02-02,9.84,10.22,3.9,96.1
2006-02-03,9.48,10.06,6.11,93.89
2006-02-06,9.56,10.02,4.8,95.2
2006-02-07,9.14,9.58,4.87,95.13
2006-02-08,9.17,9.08,1.0,99.0
2006-02-09,8.91,9.19,3.15,96.85
2006-02-10,9.01,8.8,2.25,97.75
2006-02-13,8.59,8.63,0.49,99.51
2006-02-14,8.53,8.63,1.19,98.81
2006-02-15,8.5,8.63,1.47,98.53
2006-02-16,9.1,8.75,3.87,96.13
2006-02-17,9.16,8.75,4.5,95.5
2006-02-21,9.11,8.73,4.15,95.85
2006-02-22,9.08,8.78,3.23,96.77
2006-02-23,9.39,8.99,4.29,95.71
2006-02-24,9.37,9.05,3.48,96.52
2006-02-27,9.7,9.25,4.58,95.42
2006-02-28,9.01,9.09,0.93,99.07
2006-03-01,9.06,9.09,0.32,99.68
2006-03-02,9.35,9.33,0.24,99.76
2006-03-03,9.39,9.08,3.36,96.64
2006-03-06,9.14,8.97,1.89,98.11
2006-03-07,9.05,8.97,0.9,99.1
2006-03-08,8.79,8.97,2.06,97.94
2006-03-09,8.52,8.7,2.09,97.91
2006-03-10,8.38,8.63,2.95,97.05
2006-03-13,8.37,8.74,4.36,95.64
2006-03-14,8.72,8.74,0.19,99.81
2006-03-15,8.56,8.54,0.19,99.81
2006-03-16,8.41,8.55,1.67,98.33
2006-03-17,8.44,8.54,1.2,98.8
2006-03-20,8.65,8.65,0.04,99.96
2006-03-21,8.44,8.55,1.31,98.69
2006-03-22,8.45,8.43,0.23,99.77
2006-03-23,8.49,8.43,0.72,99.28
2006-03-24,9.09,8.71,4.11,95.89
2006-03-27,9.18,8.84,3.74,96.26
2006-03-28,9.37,8.9,4.97,95.03
2006-03-29,9.81,9.35,4.69,95.31
2006-03-30,9.65,9.45,2.01,97.99
2006-03-31,9.69,9.53,1.65,98.35
2006-04-03,9.68,9.58,1.0,99.0
2006-04-04,10.04,9.73,3.15,96.85
2006-04-05,10.13,9.73,4.0,96.0
2006-04-06,10.21,9.76,4.41,95.59
2006-04-07,10.09,9.76,3.25,96.75
2006-04-10,10.34,9.86,4.69,95.31
2006-04-11,10.17,9.76,4.07,95.93
2006-04-12,10.16,10.15,0.11,99.89
2006-04-13,9.99,10.0,0.14,99.86
2006-04-17,10.1,10.0,1.01,98.99
2006-04-18,10.04,9.87,1.68,98.32
2006-04-19,10.2,9.75,4.4,95.6
2006-04-20,10.31,9.95,3.47,96.53
2006-04-21,10.86,10.3,5.17,94.83
2006-04-24,10.94,10.5,4.04,95.96
2006-04-25,10.61,10.33,2.6,97.4
2006-04-26,10.58,10.35,2.14,97.86
2006-04-27,10.43,10.28,1.42,98.58
2006-04-28,10.38,10.28,0.93,99.07
2006-05-01,9.91,10.06,1.5,98.5
2006-05-02,9.81,10.06,2.56,97.44
2006-05-03,9.79,10.06,2.72,97.28
2006-05-04,9.8,9.84,0.38,99.62
2006-05-05,9.79,9.83,0.39,99.61
2006-05-08,9.81,9.84,0.37,99.63
2006-05-09,10.15,9.89,2.58,97.42
2006-05-10,10.01,9.84,1.67,98.33
2006-05-11,9.61,9.45,1.69,98.31
2006-05-12,9.29,9.37,0.8,99.2
2006-05-15,9.34,9.42,0.83,99.17
2006-05-16,9.22,9.07,1.66,98.34
2006-05-17,9.3,9.16,1.57,98.43
2006-05-18,9.21,9.1,1.19,98.81
2006-05-19,9.19,9.21,0.2,99.8
2006-05-22,9.21,9.25,0.37,99.63
2006-05-23,9.33,9.35,0.25,99.75
2006-05-24,9.47,9.06,4.37,95.63
2006-05-25,9.51,9.04,4.92,95.08
2006-05-26,9.47,9.04,4.51,95.49
2006-05-30,9.24,8.8,4.7,95.3
2006-05-31,9.24,9.21,0.24,99.76
2006-06-01,9.5,9.45,0.56,99.44
2006-06-02,9.42,9.66,2.48,97.52
2006-06-05,9.3,9.49,2.05,97.95
2006-06-06,9.69,9.84,1.57,98.43
2006-06-07,9.6,9.55,0.56,99.44
2006-06-08,9.77,9.49,2.81,97.19
2006-06-09,9.6,9.37,2.41,97.59
2006-06-12,9.48,9.55,0.74,99.26
2006-06-13,9.6,9.55,0.56,99.44
2006-06-14,9.55,9.59,0.4,99.6
2006-06-15,9.71,9.63,0.88,99.12
2006-06-16,9.7,9.63,0.81,99.19
2006-06-19,9.64,9.9,2.68,97.32
2006-06-20,9.62,9.9,2.94,97.06
2006-06-21,9.99,10.09,1.01,98.99
2006-06-22,9.93,10.13,2.0,98.0
2006-06-23,10.06,10.08,0.23,99.77
2006-06-26,10.04,9.88,1.63,98.37
2006-06-27,9.99,10.13,1.4,98.6
2006-06-28,10.09,10.19,1.02,98.98
2006-06-29,10.38,10.59,2.04,97.96
2006-06-30,10.42,10.61,1.86,98.14
2006-07-03,10.51,10.61,0.93,99.07
2006-07-05,10.47,10.61,1.34,98.66
2006-07-06,10.51,10.61,0.93,99.07
2006-07-07,10.44,10.61,1.59,98.41
2006-07-10,10.39,10.83,4.3,95.7
2006-07-11,10.54,10.83,2.74,97.26
2006-07-12,10.36,10.57,2.03,97.97
2006-07-13,10.15,10.46,3.05,96.95
2006-07-14,10.02,10.17,1.47,98.53
2006-07-17,10.13,10.3,1.63,98.37
2006-07-18,10.01,10.3,2.85,97.15
2006-07-19,9.91,10.15,2.39,97.61
2006-07-20,9.62,9.65,0.32,99.68
2006-07-21,9.69,9.64,0.48,99.52
2006-07-24,9.71,9.62,0.88,99.12
2006-07-25,9.67,9.57,1.03,98.97
2006-07-26,9.57,9.45,1.31,98.69
2006-07-27,9.5,9.45,0.51,99.49
2006-07-28,9.64,9.56,0.81,99.19
2006-07-31,9.6,9.42,1.89,98.11
2006-08-01,9.33,9.42,1.01,98.99
2006-08-02,9.12,9.07,0.57,99.43
2006-08-03,9.32,9.24,0.94,99.06
2006-08-04,9.29,9.19,1.03,98.97
2006-08-07,9.39,9.25,1.49,98.51
2006-08-08,9.46,9.33,1.38,98.62
2006-08-09,9.36,9.43,0.73,99.27
2006-08-10,9.29,9.33,0.41,99.59
2006-08-11,9.15,9.23,0.82,99.18
2006-08-14,9.18,9.23,0.56,99.44
2006-08-15,9.46,9.45,0.13,99.87
2006-08-16,9.63,9.44,2.01,97.99
2006-08-17,9.58,9.31,2.85,97.15
2006-08-18,9.52,9.31,2.23,97.77
2006-08-21,9.37,9.44,0.7,99.3
2006-08-22,9.4,9.52,1.31,98.69
2006-08-23,9.28,9.2,0.78,99.22
2006-08-24,9.28,9.29,0.12,99.88
2006-08-25,9.27,9.15,1.28,98.72
2006-08-28,9.46,9.44,0.2,99.8
2006-08-29,9.41,9.48,0.71,99.29
2006-08-30,9.46,9.52,0.66,99.34
2006-08-31,9.4,9.52,1.25,98.75
2006-09-01,9.4,9.63,2.39,97.61
2006-09-05,9.55,9.53,0.16,99.84
2006-09-06,9.44,9.34,1.13,98.87
2006-09-07,9.4,9.34,0.7,99.3
2006-09-08,9.38,9.34,0.44,99.56
2006-09-11,9.54,9.83,3.06,96.94
2006-09-12,9.73,9.94,2.14,97.86
2006-09-13,10.1,10.39,2.84,97.16
2006-09-14,10.03,10.24,2.02,97.98
2006-09-15,10.18,10.24,0.55,99.45
2006-09-18,10.3,10.24,0.62,99.38
2006-09-19,10.03,10.02,0.05,99.95
2006-09-20,9.86,9.84,0.23,99.77
2006-09-21,10.11,10.04,0.6,99.4
2006-09-22,10.03,9.86,1.7,98.3
2006-09-25,10.03,10.02,0.19,99.81
2006-09-26,10.11,10.19,0.87,99.13
2006-09-27,10.01,10.12,1.09,98.91
2006-09-28,10.02,10.33,3.09,96.91
2006-09-29,9.98,10.21,2.28,97.72
2006-10-02,9.97,10.21,2.4,97.6
2006-10-03,10.04,9.94,0.91,99.09
2006-10-04,10.32,10.24,0.84,99.16
2006-10-05,10.23,10.07,1.53,98.47
2006-10-06,10.44,10.08,3.5,96.5
2006-10-09,10.66,10.44,2.02,97.98
2006-10-10,10.6,10.89,2.76,97.24
2006-10-11,10.59,10.67,0.68,99.32
2006-10-12,10.62,10.82,1.88,98.12
2006-10-13,10.61,10.82,1.91,98.09
2006-10-16,10.48,10.57,0.94,99.06
2006-10-17,10.45,10.65,1.95,98.05
2006-10-18,10.41,10.62,1.93,98.07
2006-10-19,10.58,10.6,0.13,99.87
2006-10-20,11.42,11.15,2.37,97.63
2006-10-23,11.94,11.22,6.01,93.99
2006-10-24,11.76,11.3,3.87,96.13
2006-10-25,12.09,11.3,6.48,93.52
2006-10-26,12.05,11.61,3.63,96.37
2006-10-27,11.8,11.44,3.08,96.92
2006-10-30,11.84,11.55,2.44,97.56
2006-10-31,11.83,11.55,2.41,97.59
2006-11-01,11.61,11.62,0.04,99.96
2006-11-02,11.67,11.72,0.38,99.62
2006-11-03,11.72,11.75,0.31,99.69
2006-11-06,11.85,11.91,0.5,99.5
2006-11-07,11.74,11.75,0.15,99.85
2006-11-08,11.8,11.75,0.43,99.57
2006-11-09,11.74,11.51,1.91,98.09
2006-11-10,11.76,11.17,5.03,94.97
2006-11-13,11.95,11.88,0.55,99.45
2006-11-14,12.15,11.78,3.03,96.97
2006-11-15,12.22,11.88,2.75,97.25
2006-11-16,12.32,12.15,1.32,98.68
2006-11-17,12.39,12.18,1.7,98.3
2006-11-20,12.3,12.09,1.71,98.29
2006-11-21,12.66,12.45,1.61,98.39
2006-11-22,12.62,12.45,1.31,98.69
2006-11-24,12.54,12.72,1.37,98.63
2006-11-27,12.04,12.24,1.63,98.37
2006-11-28,12.16,12.31,1.21,98.79
2006-11-29,12.04,12.24,1.65,98.35
2006-11-30,12.04,12.31,2.19,97.81
2006-12-01,11.94,12.15,1.71,98.29
2006-12-04,12.04,12.14,0.8,99.2
2006-12-05,12.1,12.03,0.55,99.45
2006-12-06,12.14,12.03,0.9,99.1
2006-12-07,11.99,11.96,0.23,99.77
2006-12-08,12.02,11.88,1.17,98.83
2006-12-11,12.02,11.97,0.42,99.58
2006-12-12,11.97,11.68,2.41,97.59
2006-12-13,11.9,11.41,4.05,95.95
2006-12-14,11.97,11.46,4.29,95.71
2006-12-15,11.93,11.72,1.79,98.21
2006-12-18,11.49,11.41,0.69,99.31
2006-12-19,11.64,11.53,0.95,99.05
2006-12-20,11.5,11.46,0.31,99.69
2006-12-21,11.33,11.34,0.1,99.9
2006-12-22,11.32,11.32,0.07,99.93
2006-12-26,11.36,11.32,0.36,99.64
2006-12-27,11.62,11.38,2.1,97.9
2006-12-28,11.49,11.43,0.51,99.49
2006-12-29,11.44,11.38,0.49,99.51
2007-01-03,11.61,11.53,0.73,99.27
2007-01-04,12.0,11.78,1.82,98.18
2007-01-05,12.1,11.88,1.81,98.19
2007-01-08,12.01,11.78,1.89,98.11
2007-01-09,12.06,11.78,2.27,97.73
2007-01-10,12.16,12.14,0.15,99.85
2007-01-11,12.41,12.24,1.34,98.66
2007-01-12,12.54,12.45,0.72,99.28
2007-01-16,12.52,12.45,0.56,99.44
2007-01-17,12.35,12.72,2.95,97.05
2007-01-18,12.12,12.49,3.11,96.89
2007-01-19,12.16,12.43,2.15,97.85
2007-01-22,11.94,12.31,3.04,96.96
2007-01-23,11.9,12.31,3.42,96.58
2007-01-24,12.4,12.44,0.35,99.65
2007-01-25,12.12,12.14,0.13,99.87
2007-01-26,12.32,12.24,0.65,99.35
2007-01-29,12.23,12.24,0.03,99.97
2007-01-30,12.28,12.24,0.34,99.66
2007-01-31,12.46,12.33,1.05,98.95
2007-02-01,11.97,12.06,0.77,99.23
2007-02-02,11.96,11.88,0.64,99.36
2007-02-05,11.6,11.73,1.13,98.87
2007-02-06,11.71,11.88,1.48,98.52
2007-02-07,11.67,11.71,0.28,99.72
2007-02-08,11.7,11.7,0.01,99.99
2007-02-09,11.47,11.7,1.97,98.03
2007-02-12,11.38,11.62,2.09,97.91
2007-02-13,11.4,11.35,0.5,99.5
2007-02-14,11.57,11.46,0.96,99.04
2007-02-15,11.46,11.34,1.04,98.96
2007-02-16,11.67,11.46,1.8,98.2
2007-02-20,11.73,11.46,2.25,97.75
2007-02-21,11.82,11.38,3.71,96.29
2007-02-22,11.82,11.62,1.64,98.36
2007-02-23,11.69,11.61,0.64,99.36
2007-02-26,11.55,11.67,1.1,98.9
2007-02-27,11.15,11.36,1.89,98.11
2007-02-28,11.16,11.4,2.13,97.87
2007-03-01,11.13,11.34,1.9,98.1
2007-03-02,10.9,11.34,4.12,95.88
2007-03-05,10.95,11.01,0.55,99.45
2007-03-06,11.36,11.23,1.22,98.78
2007-03-07,11.32,11.18,1.25,98.75
2007-03-08,11.29,10.95,3.01,96.99
2007-03-09,11.25,11.08,1.52,98.48
2007-03-12,11.29,11.01,2.5,97.5
2007-03-13,11.0,10.87,1.22,98.78
2007-03-14,11.13,10.91,1.97,98.03
2007-03-15,11.08,10.91,1.58,98.42
2007-03-16,10.95,10.89,0.55,99.45
2007-03-19,11.11,11.21,0.9,99.1
2007-03-20,11.06,11.17,0.97,99.03
2007-03-21,11.34,11.43,0.82,99.18
2007-03-22,11.48,11.62,1.27,98.73
2007-03-23,11.47,11.62,1.32,98.68
2007-03-26,11.55,11.43,1.01,98.99
2007-03-27,11.52,11.5,0.11,99.89
2007-03-28,11.47,11.43,0.34,99.66
2007-03-29,11.45,11.5,0.47,99.53
2007-03-30,11.38,11.34,0.39,99.61
2007-04-02,11.39,11.64,2.17,97.83
2007-04-03,11.74,11.73,0.03,99.97
2007-04-04,11.7,11.73,0.31,99.69
2007-04-05,11.71,11.9,1.58,98.42
2007-04-09,11.63,11.73,0.91,99.09
2007-04-10,11.59,11.73,1.28,98.72
2007-04-11,11.54,11.5,0.31,99.69
2007-04-12,11.61,11.5,0.92,99.08
2007-04-13,11.58,11.43,1.29,98.71
2007-04-16,11.78,11.94,1.35,98.65
2007-04-17,11.74,11.94,1.67,98.33
2007-04-18,11.82,12.06,2.03,97.97
2007-04-19,11.71,11.94,1.92,98.08
2007-04-20,11.98,12.17,1.57,98.43
2007-04-23,11.9,12.13,1.91,98.09
2007-04-24,11.86,11.87,0.07,99.93
2007-04-25,11.87,11.94,0.56,99.44
2007-04-26,11.95,11.94,0.1,99.9
2007-04-27,11.9,11.94,0.35,99.65
2007-04-30,11.71,11.87,1.38,98.62
2007-05-01,11.65,11.78,1.12,98.88
2007-05-02,11.57,11.66,0.81,99.19
2007-05-03,11.75,11.87,0.98,99.02
2007-05-04,11.7,11.62,0.68,99.32
2007-05-07,11.61,11.61,0.06,99.94
2007-05-08,11.59,11.6,0.07,99.93
2007-05-09,11.65,11.66,0.06,99.94
2007-05-10,11.46,11.33,1.15,98.85
2007-05-11,11.59,11.52,0.65,99.35
2007-05-14,11.47,11.42,0.39,99.61
2007-05-15,11.38,11.37,0.06,99.94
2007-05-16,11.74,11.61,1.07,98.93
2007-05-17,11.7,11.61,0.73,99.27
2007-05-18,11.68,11.72,0.34,99.66
2007-05-21,11.69,11.77,0.72,99.28
2007-05-22,11.82,11.94,1.02,98.98
2007-05-23,11.77,11.77,0.0,100.0
2007-05-24,11.78,11.77,0.08,99.92
2007-05-25,12.01,12.06,0.41,99.59
2007-05-29,12.1,12.07,0.21,99.79
2007-05-30,12.38,12.17,1.76,98.24
2007-05-31,12.37,12.45,0.7,99.3
2007-06-01,12.43,12.45,0.19,99.81
2007-06-04,12.59,12.45,1.11,98.89
2007-06-05,12.89,12.79,0.74,99.26
2007-06-06,12.87,13.04,1.32,98.68
2007-06-07,12.79,12.95,1.22,98.78
2007-06-08,12.8,12.88,0.58,99.42
2007-06-11,12.7,12.85,1.21,98.79
2007-06-12,12.54,12.7,1.29,98.71
2007-06-13,12.55,12.85,2.42,97.58
2007-06-14,12.49,12.68,1.55,98.45
2007-06-15,12.56,12.64,0.64,99.36
2007-06-18,12.8,12.55,1.94,98.06
2007-06-19,12.77,12.56,1.65,98.35
2007-06-20,12.67,12.44,1.76,98.24
2007-06-21,12.77,12.44,2.55,97.45
2007-06-22,13.04,12.83,1.61,98.39
2007-06-25,13.1,12.76,2.57,97.43
2007-06-26,13.17,12.76,3.09,96.91
2007-06-27,13.07,12.76,2.36,97.64
2007-06-28,13.04,12.76,2.12,97.88
2007-06-29,12.98,12.76,1.69,98.31
2007-07-02,13.17,13.02,1.17,98.83
2007-07-03,13.27,13.1,1.27,98.73
2007-07-05,13.45,13.17,2.08,97.92
2007-07-06,13.4,13.53,1.01,98.99
2007-07-09,13.48,13.46,0.09,99.91
2007-07-10,13.5,13.53,0.28,99.72
2007-07-11,13.52,13.76,1.76,98.24
2007-07-12,13.54,13.76,1.6,98.4
2007-07-13,13.71,13.76,0.34,99.66
2007-07-16,13.73,13.76,0.19,99.81
2007-07-17,13.78,13.84,0.4,99.6
2007-07-18,13.65,13.92,2.02,97.98
2007-07-19,13.63,13.92,2.19,97.81
2007-07-20,12.92,13.15,1.81,98.19
2007-07-23,12.73,13.02,2.26,97.74
2007-07-24,12.77,12.63,1.09,98.91
2007-07-25,12.66,12.49,1.38,98.62
2007-07-26,12.62,12.13,3.9,96.1
2007-07-27,12.71,12.15,4.45,95.55
2007-07-30,12.82,12.2,4.84,95.16
2007-07-31,12.67,12.15,4.09,95.91
2007-08-01,12.74,12.17,4.46,95.54
2007-08-02,12.69,11.98,5.59,94.41
2007-08-03,12.49,11.96,4.28,95.72
2007-08-06,12.67,12.03,5.04,94.96
2007-08-07,12.82,12.2,4.82,95.18
2007-08-08,13.06,12.43,4.82,95.18
2007-08-09,12.78,12.45,2.65,97.35
2007-08-10,12.81,12.6,1.67,98.33
2007-08-13,12.8,12.6,1.62,98.38
2007-08-14,12.63,12.55,0.69,99.31
2007-08-15,12.36,12.44,0.63,99.37
2007-08-16,12.21,12.34,1.09,98.91
2007-08-17,12.42,12.42,0.02,99.98
2007-08-20,12.37,12.43,0.48,99.52
2007-08-21,12.58,12.45,1.09,98.91
2007-08-22,12.74,12.6,1.09,98.91
2007-08-23,12.72,12.69,0.22,99.78
2007-08-24,12.79,12.6,1.53,98.47
2007-08-27,12.75,12.49,2.05,97.95
2007-08-28,12.58,12.27,2.42,97.58
2007-08-29,12.74,12.49,1.98,98.02
2007-08-30,12.7,12.45,2.02,97.98
2007-08-31,12.8,12.92,0.96,99.04
2007-09-04,13.04,13.12,0.61,99.39
2007-09-05,13.11,13.23,0.91,99.09
2007-09-06,13.0,13.46,3.55,96.45
2007-09-07,12.9,13.24,2.67,97.33
2007-09-10,12.78,13.18,3.11,96.89
2007-09-11,12.95,13.12,1.35,98.65
2007-09-12,12.98,13.12,1.1,98.9
2007-09-13,13.03,13.12,0.68,99.32
2007-09-14,13.13,13.35,1.66,98.34
2007-09-17,13.05,13.35,2.33,97.67
2007-09-18,13.29,13.58,2.17,97.83
2007-09-19,13.58,13.69,0.8,99.2
2007-09-20,13.73,13.76,0.22,99.78
2007-09-21,13.91,13.76,1.08,98.92
2007-09-24,14.11,13.84,1.9,98.1
2007-09-25,14.13,13.92,1.48,98.52
2007-09-26,14.11,14.12,0.04,99.96
2007-09-27,14.1,14.12,0.17,99.83
2007-09-28,14.09,14.16,0.53,99.47
2007-10-01,14.47,14.58,0.77,99.23
2007-10-02,14.51,14.58,0.45,99.55
2007-10-03,14.51,14.58,0.52,99.48
2007-10-04,14.38,14.64,1.77,98.23
2007-10-05,14.75,15.1,2.34,97.66
2007-10-08,15.14,14.95,1.29,98.71
2007-10-09,15.28,15.15,0.85,99.15
2007-10-10,15.53,15.27,1.69,98.31
2007-10-11,15.45,15.29,1.06,98.94
2007-10-12,15.83,15.27,3.56,96.44
2007-10-15,15.4,15.09,2.05,97.95
2007-10-16,15.3,14.96,2.21,97.79
2007-10-17,15.73,15.32,2.65,97.35
2007-10-18,15.89,15.63,1.64,98.36
2007-10-19,16.01,15.63,2.42,97.58
2007-10-22,16.16,15.71,2.81,97.19
2007-10-23,16.78,15.85,5.59,94.41
2007-10-24,16.79,15.87,5.44,94.56
2007-10-25,16.6,15.85,4.56,95.44
2007-10-26,16.76,16.23,3.16,96.84
2007-10-29,16.87,16.31,3.35,96.65
2007-10-30,17.26,16.59,3.86,96.14
2007-10-31,17.56,16.82,4.23,95.77
2007-11-01,17.47,16.82,3.71,96.29
2007-11-02,17.67,17.24,2.39,97.61
2007-11-05,18.02,17.23,4.42,95.58
2007-11-06,18.42,17.65,4.22,95.78
2007-11-07,18.2,17.53,3.68,96.32
2007-11-08,17.23,17.26,0.13,99.87
2007-11-09,16.49,16.98,2.95,97.05
2007-11-12,15.7,16.64,5.99,94.01
2007-11-13,16.41,16.85,2.71,97.29
2007-11-14,15.94,16.4,2.93,97.07
2007-11-15,15.64,16.32,4.37,95.63
2007-11-16,15.74,16.32,3.71,96.29
2007-11-19,15.54,15.82,1.78,98.22
2007-11-20,16.11,16.04,0.42,99.58
2007-11-21,16.41,16.16,1.52,98.48
2007-11-23,16.81,16.1,4.21,95.79
2007-11-26,16.54,15.96,3.51,96.49
2007-11-27,16.73,16.04,4.12,95.88
2007-11-28,17.19,16.16,6.03,93.97
2007-11-29,17.31,16.38,5.39,94.61
2007-11-30,17.21,16.92,1.71,98.29
2007-12-03,16.93,16.98,0.32,99.68
2007-12-04,16.99,17.13,0.82,99.18
2007-12-05,17.35,17.24,0.65,99.35
2007-12-06,17.77,17.46,1.71,98.29
2007-12-07,17.76,17.46,1.66,98.34
2007-12-10,17.84,17.46,2.15,97.85
2007-12-11,17.37,17.22,0.83,99.17
2007-12-12,17.37,17.21,0.93,99.07
2007-12-13,17.24,17.13,0.62,99.38
2007-12-14,17.14,17.13,0.03,99.97
2007-12-17,16.62,16.84,1.3,98.7
2007-12-18,16.72,16.74,0.11,99.89
2007-12-19,16.82,16.74,0.49,99.51
2007-12-20,17.13,16.92,1.24,98.76
2007-12-21,17.3,17.21,0.54,99.46
2007-12-24,17.4,17.21,1.11,98.89
2007-12-26,17.66,17.14,2.91,97.09
2007-12-27,17.4,16.84,3.22,96.78
2007-12-28,17.45,16.84,3.47,96.53
2007-12-31,17.17,16.71,2.73,97.27
2008-01-02,17.02,16.84,1.02,98.98
2008-01-03,17.02,16.84,1.04,98.96
2008-01-04,16.32,16.46,0.86,99.14
2008-01-07,16.13,16.29,1.05,98.95
2008-01-08,15.69,16.38,4.39,95.61
2008-01-09,16.22,16.76,3.33,96.67
2008-01-10,16.06,16.63,3.51,96.49
2008-01-11,15.85,16.29,2.79,97.21
2008-01-14,16.24,16.02,1.37,98.63
2008-01-15,15.84,15.94,0.63,99.37
2008-01-16,15.3,15.74,2.85,97.15
2008-01-17,14.92,15.31,2.57,97.43
2008-01-18,14.91,15.08,1.15,98.85
2008-01-22,14.51,15.0,3.35,96.65
2008-01-23,13.63,14.65,7.54,92.46
2008-01-24,14.27,14.23,0.25,99.75
2008-01-25,14.07,14.31,1.73,98.27
2008-01-28,13.81,13.98,1.23,98.77
2008-01-29,13.67,13.79,0.85,99.15
2008-01-30,13.62,13.48,1.01,98.99
2008-01-31,14.02,13.28,5.21,94.79
2008-02-01,12.81,13.06,1.94,98.06
2008-02-04,12.31,12.84,4.36,95.64
2008-02-05,12.59,12.38,1.67,98.33
2008-02-06,12.46,12.47,0.11,99.89
2008-02-07,12.54,12.44,0.78,99.22
2008-02-08,12.83,12.53,2.39,97.61
2008-02-11,12.94,12.59,2.7,97.3
2008-02-12,12.87,12.86,0.07,99.93
2008-02-13,13.28,12.75,3.99,96.01
2008-02-14,13.22,12.75,3.56,96.44
2008-02-15,13.15,12.68,3.65,96.35
2008-02-19,12.64,12.59,0.41,99.59
2008-02-20,12.64,12.59,0.41,99.59
2008-02-21,12.49,12.36,1.04,98.96
2008-02-22,12.61,12.47,1.13,98.87
2008-02-25,12.08,12.46,3.14,96.86
2008-02-26,11.53,12.13,5.2,94.8
2008-02-27,11.74,12.29,4.62,95.38
2008-02-28,11.81,12.29,4.06,95.94
2008-02-29,11.7,12.08,3.21,96.79
2008-03-03,11.35,12.03,6.0,94.0
2008-03-04,11.04,11.71,6.03,93.97
2008-03-05,11.12,11.55,3.83,96.17
2008-03-06,10.75,11.44,6.44,93.56
2008-03-07,10.76,10.95,1.78,98.22
2008-03-10,10.27,10.95,6.64,93.36
2008-03-11,10.92,11.08,1.42,98.58
2008-03-12,10.93,11.08,1.34,98.66
2008-03-13,11.0,11.08,0.69,99.31
2008-03-14,10.88,11.12,2.22,97.78
2008-03-17,10.43,10.68,2.42,97.58
2008-03-18,10.91,10.85,0.5,99.5
2008-03-19,10.73,10.76,0.3,99.7
2008-03-20,10.77,10.79,0.16,99.84
2008-03-24,11.44,11.11,2.85,97.15
2008-03-25,11.2,11.11,0.74,99.26
2008-03-26,11.38,11.11,2.34,97.66
2008-03-27,11.03,11.11,0.76,99.24
2008-03-28,10.88,11.11,2.14,97.86
2008-03-31,10.94,11.28,3.11,96.89
2008-04-01,11.57,11.28,2.48,97.52
2008-04-02,11.57,11.28,2.47,97.53
2008-04-03,11.3,11.11,1.68,98.32
2008-04-04,11.7,11.28,3.59,96.41
2008-04-07,11.84,11.48,3.04,96.96
2008-04-08,11.62,11.5,1.01,98.99
2008-04-09,11.53,11.5,0.24,99.76
2008-04-10,11.65,11.55,0.82,99.18
2008-04-11,11.36,11.21,1.36,98.64
2008-04-14,11.22,11.31,0.8,99.2
2008-04-15,11.1,11.16,0.54,99.46
2008-04-16,11.3,11.43,1.16,98.84
2008-04-17,11.17,11.43,2.39,97.61
2008-04-18,13.4,12.34,7.88,92.12
2008-04-21,13.36,12.23,8.47,91.53
2008-04-22,13.78,12.35,10.43,89.57
2008-04-23,13.57,12.69,6.48,93.52
2008-04-24,13.49,12.65,6.24,93.76
2008-04-25,13.51,12.72,5.84,94.16
2008-04-28,13.71,13.06,4.8,95.2
2008-04-29,13.87,13.44,3.07,96.93
2008-04-30,14.26,13.44,5.74,94.26
2008-05-01,14.73,14.0,4.93,95.07
2008-05-02,14.44,14.23,1.44,98.56
2008-05-05,14.78,14.26,3.52,96.48
2008-05-06,14.56,14.34,1.54,98.46
2008-05-07,14.38,14.32,0.4,99.6
2008-05-08,14.48,14.08,2.73,97.27
2008-05-09,14.24,14.41,1.22,98.78
2008-05-12,14.53,14.31,1.48,98.52
2008-05-13,14.48,14.43,0.32,99.68
2008-05-14,14.31,14.4,0.62,99.38
2008-05-15,14.43,14.54,0.77,99.23
2008-05-16,14.41,14.42,0.1,99.9
2008-05-19,14.34,14.42,0.54,99.46
2008-05-20,14.37,14.25,0.81,99.19
2008-05-21,13.66,13.68,0.12,99.88
2008-05-22,13.65,13.66,0.1,99.9
2008-05-23,13.53,13.36,1.25,98.75
2008-05-27,13.93,13.72,1.49,98.51
2008-05-28,14.11,13.92,1.41,98.59
2008-05-29,14.48,14.1,2.61,97.39
2008-05-30,14.55,14.24,2.16,97.84
2008-06-02,14.28,13.78,3.5,96.5
2008-06-03,14.09,13.72,2.64,97.36
2008-06-04,14.21,13.83,2.68,97.32
2008-06-05,14.56,13.94,4.26,95.74
2008-06-06,14.08,13.9,1.31,98.69
2008-06-09,13.86,13.83,0.16,99.84
2008-06-10,13.76,13.83,0.51,99.49
2008-06-11,13.54,13.83,2.14,97.86
2008-06-12,13.73,13.94,1.51,98.49
2008-06-13,14.19,14.11,0.61,99.39
2008-06-16,14.23,14.04,1.33,98.67
2008-06-17,14.14,13.94,1.43,98.57
2008-06-18,13.97,13.72,1.79,98.21
2008-06-19,13.91,13.63,2.02,97.98
2008-06-20,13.57,13.63,0.45,99.55
2008-06-23,13.54,13.71,1.24,98.76
2008-06-24,13.47,13.56,0.71,99.29
2008-06-25,13.69,13.39,2.19,97.81
2008-06-26,13.13,12.97,1.26,98.74
2008-06-27,13.12,13.05,0.47,99.53
2008-06-30,13.07,13.11,0.3,99.7
2008-07-01,13.28,13.32,0.27,99.73
2008-07-02,13.09,13.16,0.56,99.44
2008-07-03,13.34,13.0,2.52,97.48
2008-07-07,13.51,13.07,3.26,96.74
2008-07-08,13.77,13.32,3.31,96.69
2008-07-09,13.45,13.31,1.06,98.94
2008-07-10,13.43,13.31,0.88,99.12
2008-07-11,13.26,13.32,0.44,99.56
2008-07-14,12.96,13.23,2.13,97.87
2008-07-15,12.82,13.04,1.72,98.28
2008-07-16,13.3,13.12,1.35,98.65
2008-07-17,13.25,13.35,0.74,99.26
2008-07-18,11.95,12.63,5.63,94.37
2008-07-21,11.64,12.54,7.73,92.27
2008-07-22,11.85,12.38,4.44,95.56
2008-07-23,12.15,12.62,3.88,96.12
2008-07-24,11.81,12.13,2.68,97.32
2008-07-25,12.22,12.26,0.32,99.68
2008-07-28,11.85,12.09,2.03,97.97
2008-07-29,12.0,12.13,1.08,98.92
2008-07-30,11.99,11.86,1.05,98.95
2008-07-31,11.77,11.86,0.82,99.18
2008-08-01,11.62,11.92,2.6,97.4
2008-08-04,11.5,11.92,3.68,96.32
2008-08-05,11.92,11.8,1.0,99.0
2008-08-06,12.08,11.95,1.05,98.95
2008-08-07,11.9,12.23,2.73,97.27
2008-08-08,12.29,12.44,1.21,98.79
2008-08-11,12.44,12.44,0.03,99.97
2008-08-12,12.48,12.37,0.88,99.12
2008-08-13,12.42,12.44,0.19,99.81
2008-08-14,12.56,12.33,1.83,98.17
2008-08-15,12.67,12.58,0.7,99.3
2008-08-18,12.38,12.39,0.15,99.85
2008-08-19,12.18,12.28,0.81,99.19
2008-08-20,12.05,12.38,2.76,97.24
2008-08-21,12.08,12.45,3.02,96.98
2008-08-22,12.18,12.57,3.15,96.85
2008-08-25,12.0,12.28,2.38,97.62
2008-08-26,11.78,12.12,2.93,97.07
2008-08-27,11.64,12.12,4.16,95.84
2008-08-28,11.77,11.87,0.87,99.13
2008-08-29,11.51,11.7,1.68,98.32
2008-09-02,11.56,11.44,1.02,98.98
2008-09-03,11.53,11.43,0.87,99.13
2008-09-04,11.18,11.27,0.79,99.21
2008-09-05,11.03,11.1,0.62,99.38
2008-09-08,10.43,11.08,6.27,93.73
2008-09-09,10.4,11.08,6.6,93.4
2008-09-10,10.29,10.65,3.51,96.49
2008-09-11,10.77,10.87,0.87,99.13
2008-09-12,10.87,10.87,0.03,99.97
2008-09-15,10.78,10.64,1.24,98.76
2008-09-16,11.0,10.77,2.09,97.91
2008-09-17,10.29,10.64,3.38,96.62
2008-09-18,10.91,10.85,0.48,99.52
2008-09-19,11.16,10.95,1.86,98.14
2008-09-22,10.68,10.83,1.38,98.62
2008-09-23,10.66,10.83,1.59,98.41
2008-09-24,10.81,10.93,1.11,98.89
2008-09-25,10.92,10.98,0.53,99.47
2008-09-26,10.71,11.1,3.72,96.28
2008-09-29,9.46,10.46,10.5,89.5
2008-09-30,9.95,10.51,5.61,94.39
2008-10-01,10.23,10.5,2.65,97.35
2008-10-02,9.7,10.32,6.36,93.64
2008-10-03,9.61,10.32,7.35,92.65
2008-10-06,9.22,9.88,7.13,92.87
2008-10-07,8.59,9.52,10.83,89.17
2008-10-08,8.4,9.24,10.06,89.94
2008-10-09,8.17,9.07,10.99,89.01
2008-10-10,8.25,9.16,11.03,88.97
2008-10-13,9.46,9.42,0.46,99.54
2008-10-14,9.01,8.94,0.74,99.26
2008-10-15,8.42,8.85,5.06,94.94
2008-10-16,8.77,8.95,2.1,97.9
2008-10-17,9.25,9.12,1.39,98.61
2008-10-20,9.42,9.07,3.68,96.32
2008-10-21,9.01,9.02,0.11,99.89
2008-10-22,8.83,9.04,2.29,97.71
2008-10-23,8.75,9.04,3.26,96.74
2008-10-24,8.43,9.02,6.99,93.01
2008-10-27,8.18,9.03,10.3,89.7
2008-10-28,9.16,9.33,1.85,98.15
2008-10-29,8.89,9.08,2.08,97.92
2008-10-30,8.93,8.97,0.41,99.59
2008-10-31,8.93,8.74,2.1,97.9
2008-11-03,8.61,8.74,1.54,98.46
2008-11-04,9.11,8.97,1.58,98.42
2008-11-05,8.5,8.75,2.91,97.09
2008-11-06,8.23,8.7,5.72,94.28
2008-11-07,8.22,8.62,4.76,95.24
2008-11-10,7.92,8.63,9.0,91.0
2008-11-11,7.74,8.2,5.99,94.01
2008-11-12,7.23,8.09,12.0,88.0
2008-11-13,7.75,8.3,7.05,92.95
2008-11-14,7.7,8.31,7.89,92.11
2008-11-17,7.45,8.0,7.32,92.68
2008-11-18,7.39,8.0,8.3,91.7
2008-11-19,6.96,7.66,10.12,89.88
2008-11-20,6.45,7.56,17.34,82.66
2008-11-21,6.52,7.26,11.44,88.56
2008-11-24,6.39,6.87,7.5,92.5
2008-11-25,7.01,7.02,0.14,99.86
2008-11-26,7.25,7.13,1.7,98.3
2008-11-28,7.28,7.17,1.46,98.54
2008-12-01,6.61,6.68,1.13,98.87
2008-12-02,6.83,6.8,0.43,99.57
2008-12-03,6.94,7.22,4.03,95.97
2008-12-04,6.81,7.1,4.23,95.77
2008-12-05,7.05,7.2,2.08,97.92
2008-12-08,7.5,7.39,1.54,98.46
2008-12-09,7.6,7.39,2.78,97.22
2008-12-10,7.67,7.4,3.57,96.43
2008-12-11,7.46,7.46,0.09,99.91
2008-12-12,7.84,7.54,3.86,96.14
2008-12-15,7.72,7.54,2.28,97.72
2008-12-16,8.08,7.71,4.63,95.37
2008-12-17,7.83,7.62,2.62,97.38
2008-12-18,7.71,7.62,1.06,98.94
2008-12-19,7.7,7.78,1.03,98.97
2008-12-22,7.38,7.62,3.32,96.68
2008-12-23,7.4,7.66,3.48,96.52
2008-12-24,7.52,7.75,2.93,97.07
2008-12-26,7.46,7.74,3.7,96.3
2008-12-29,7.39,7.6,2.89,97.11
2008-12-30,7.53,7.61,1.13,98.87
2008-12-31,7.64,7.67,0.42,99.58
2009-01-02,7.98,7.81,2.19,97.81
2009-01-05,8.15,7.81,4.2,95.8
2009-01-06,8.3,7.93,4.38,95.62
2009-01-07,8.0,7.7,3.74,96.26
2009-01-08,8.08,7.88,2.42,97.58
2009-01-09,7.83,7.83,0.01,99.99
2009-01-12,7.77,7.83,0.77,99.23
2009-01-13,7.81,7.88,0.95,99.05
2009-01-14,7.48,7.83,4.7,95.3
2009-01-15,7.43,7.7,3.67,96.33
2009-01-16,7.44,7.76,4.24,95.76
2009-01-20,7.02,7.56,7.71,92.29
2009-01-21,7.53,7.72,2.49,97.51
2009-01-22,7.61,7.68,0.93,99.07
2009-01-23,8.06,7.83,2.96,97.04
2009-01-26,8.04,7.7,4.29,95.71
2009-01-27,8.23,7.7,6.49,93.51
2009-01-28,8.66,8.23,4.94,95.06
2009-01-29,8.53,8.23,3.46,96.54
2009-01-30,8.41,8.23,2.09,97.91
2009-02-02,8.46,8.24,2.57,97.43
2009-02-03,8.46,8.23,2.65,97.35
2009-02-04,8.52,8.49,0.38,99.62
2009-02-05,8.79,8.92,1.53,98.47
2009-02-06,9.22,8.93,3.18,96.82
2009-02-09,9.41,9.14,2.83,97.17
2009-02-10,8.9,8.8,1.2,98.8
2009-02-11,8.89,8.8,1.07,98.93
2009-02-12,9.02,8.74,3.06,96.94
2009-02-13,8.88,8.66,2.48,97.52
2009-02-17,8.51,8.54,0.34,99.66
2009-02-18,8.77,8.87,1.15,98.85
2009-02-19,8.51,8.8,3.44,96.56
2009-02-20,8.6,8.87,3.09,96.91
2009-02-23,8.2,8.31,1.34,98.66
2009-02-24,8.58,8.49,1.11,98.89
2009-02-25,8.49,8.42,0.81,99.19
2009-02-26,8.37,8.31,0.8,99.2
2009-02-27,8.39,8.2,2.33,97.67
2009-03-02,8.13,8.08,0.61,99.39
2009-03-03,8.08,8.09,0.12,99.88
2009-03-04,7.92,8.09,2.19,97.81
2009-03-05,7.59,8.06,6.14,93.86
2009-03-06,7.66,8.08,5.38,94.62
2009-03-09,7.22,7.77,7.53,92.47
2009-03-10,7.65,7.79,1.74,98.26
2009-03-11,7.9,7.96,0.8,99.2
2009-03-12,8.04,7.98,0.67,99.33
2009-03-13,8.06,8.05,0.09,99.91
2009-03-16,7.94,7.89,0.61,99.39
2009-03-17,8.33,8.05,3.35,96.65
2009-03-18,8.27,8.05,2.7,97.3
2009-03-19,8.19,8.01,2.26,97.74
2009-03-20,8.2,8.18,0.28,99.72
2009-03-23,8.66,8.54,1.37,98.63
2009-03-24,8.62,8.55,0.86,99.14
2009-03-25,8.55,8.74,2.29,97.71
2009-03-26,8.77,8.79,0.22,99.78
2009-03-27,8.64,8.94,3.5,96.5
2009-03-30,8.51,8.79,3.32,96.68
2009-03-31,8.64,8.74,1.12,98.88
2009-04-01,8.79,8.74,0.6,99.4
2009-04-02,9.0,8.8,2.26,97.74
2009-04-03,9.18,9.32,1.53,98.47
2009-04-06,9.15,9.19,0.44,99.56
2009-04-07,8.91,9.04,1.44,98.56
2009-04-08,8.99,9.56,6.31,93.69
2009-04-09,9.25,9.49,2.56,97.44
2009-04-13,9.39,9.54,1.62,98.38
2009-04-14,9.16,9.37,2.21,97.79
2009-04-15,9.43,9.54,1.25,98.75
2009-04-16,9.66,9.54,1.16,98.84
2009-04-17,9.74,9.8,0.6,99.4
2009-04-20,9.42,9.72,3.18,96.82
2009-04-21,9.47,9.67,2.02,97.98
2009-04-22,9.53,9.82,3.05,96.95
2009-04-23,9.55,9.72,1.76,98.24
2009-04-24,9.67,9.71,0.41,99.59
2009-04-27,9.59,9.82,2.48,97.52
2009-04-28,9.53,9.93,4.24,95.76
2009-04-29,9.72,10.01,2.96,97.04
2009-04-30,9.83,9.93,1.01,98.99
2009-05-01,9.78,9.84,0.6,99.4
2009-05-04,9.98,10.1,1.14,98.86
2009-05-05,10.01,10.02,0.16,99.84
2009-05-06,10.02,9.89,1.31,98.69
2009-05-07,9.85,9.82,0.32,99.68
2009-05-08,10.12,10.5,3.76,96.24
2009-05-11,10.13,10.46,3.2,96.8
2009-05-12,9.91,10.2,2.91,97.09
2009-05-13,9.68,10.02,3.59,96.41
2009-05-14,9.62,9.9,2.81,97.19
2009-05-15,9.69,10.02,3.47,96.53
2009-05-18,9.86,10.22,3.67,96.33
2009-05-19,9.91,10.15,2.44,97.56
2009-05-20,9.86,10.05,1.89,98.11
2009-05-21,9.85,10.05,2.07,97.93
2009-05-22,9.77,9.86,0.93,99.07
2009-05-26,10.04,10.05,0.08,99.92
2009-05-27,10.07,10.05,0.21,99.79
2009-05-28,10.19,10.22,0.25,99.75
2009-05-29,10.36,10.22,1.39,98.61
2009-06-01,10.59,10.29,2.87,97.13
2009-06-02,10.64,10.51,1.26,98.74
2009-06-03,10.72,10.77,0.5,99.5
2009-06-04,10.94,10.91,0.23,99.77
2009-06-05,11.04,10.91,1.14,98.86
2009-06-08,10.9,10.83,0.59,99.41
2009-06-09,10.82,11.06,2.18,97.82
2009-06-10,10.74,11.06,2.89,97.11
2009-06-11,10.66,10.92,2.52,97.48
2009-06-12,10.55,11.05,4.76,95.24
2009-06-15,10.35,10.92,5.51,94.49
2009-06-16,10.33,10.68,3.41,96.59
2009-06-17,10.31,10.52,2.0,98.0
2009-06-18,10.28,10.42,1.3,98.7
2009-06-19,10.43,10.37,0.63,99.37
2009-06-22,10.12,10.22,1.01,98.99
2009-06-23,10.08,9.96,1.14,98.86
2009-06-24,10.17,9.91,2.54,97.46
2009-06-25,10.33,9.94,3.73,96.27
2009-06-26,10.56,10.17,3.71,96.29
2009-06-29,10.53,10.25,2.72,97.28
2009-06-30,10.47,10.26,2.04,97.96
2009-07-01,10.41,10.26,1.44,98.56
2009-07-02,10.15,10.17,0.25,99.75
2009-07-06,10.17,10.27,0.92,99.08
2009-07-07,9.85,10.1,2.57,97.43
2009-07-08,10.0,10.26,2.6,97.4
2009-07-09,10.19,10.32,1.22,98.78
2009-07-10,10.29,10.28,0.16,99.84
2009-07-13,10.54,10.61,0.69,99.31
2009-07-14,10.55,10.62,0.68,99.32
2009-07-15,10.88,10.63,2.37,97.63
2009-07-16,10.99,10.84,1.4,98.6
2009-07-17,10.69,10.56,1.17,98.83
2009-07-20,10.68,10.56,1.15,98.85
2009-07-21,10.63,10.56,0.63,99.37
2009-07-22,10.62,10.78,1.47,98.53
2009-07-23,10.86,11.0,1.28,98.72
2009-07-24,11.1,11.02,0.7,99.3
2009-07-27,11.05,11.37,2.88,97.12
2009-07-28,10.92,11.19,2.43,97.57
2009-07-29,10.84,11.08,2.3,97.7
2009-07-30,11.07,11.39,2.94,97.06
2009-07-31,11.0,11.24,2.1,97.9
2009-08-03,11.23,11.33,0.84,99.16
2009-08-04,11.27,11.18,0.77,99.23
2009-08-05,11.21,11.11,0.82,99.18
2009-08-06,11.19,11.38,1.74,98.26
2009-08-07,11.35,11.73,3.31,96.69
2009-08-10,11.34,11.74,3.54,96.46
2009-08-11,11.27,11.71,3.82,96.18
2009-08-12,11.39,11.69,2.63,97.37
2009-08-13,11.48,11.61,1.14,98.86
2009-08-14,11.43,11.62,1.72,98.28
2009-08-17,11.05,11.34,2.58,97.42
2009-08-18,11.06,11.49,3.91,96.09
2009-08-19,11.03,11.22,1.71,98.29
2009-08-20,11.44,11.55,1.04,98.96
2009-08-21,11.56,11.5,0.46,99.54
2009-08-24,11.64,11.5,1.2,98.8
2009-08-25,11.71,11.62,0.73,99.27
2009-08-26,11.62,11.6,0.22,99.78
2009-08-27,11.58,11.5,0.64,99.36
2009-08-28,11.54,11.43,0.96,99.04
2009-08-31,11.47,11.43,0.3,99.7
2009-09-01,11.32,11.23,0.84,99.16
2009-09-02,11.25,11.17,0.77,99.23
2009-09-03,11.36,11.23,1.22,98.78
2009-09-04,11.46,11.62,1.44,98.56
2009-09-08,11.39,11.5,0.98,99.02
2009-09-09,11.52,11.63,0.89,99.11
2009-09-10,11.7,11.5,1.67,98.33
2009-09-11,11.73,11.5,1.92,98.08
2009-09-14,11.8,11.43,3.12,96.88
2009-09-15,11.86,11.87,0.07,99.93
2009-09-16,12.13,12.13,0.01,99.99
2009-09-17,12.21,12.18,0.28,99.72
2009-09-18,12.21,12.26,0.47,99.53
2009-09-21,12.34,12.36,0.14,99.86
2009-09-22,12.4,12.55,1.25,98.75
2009-09-23,12.38,12.53,1.2,98.8
2009-09-24,12.34,12.7,2.9,97.1
2009-09-25,12.23,12.51,2.25,97.75
2009-09-28,12.38,12.6,1.75,98.25
2009-09-29,12.38,12.51,1.02,98.98
2009-09-30,12.32,12.77,3.68,96.32
2009-10-01,12.1,12.48,3.13,96.87
2009-10-02,12.04,12.36,2.69,97.31
2009-10-05,12.13,12.36,1.86,98.14
2009-10-06,12.39,12.36,0.23,99.77
2009-10-07,12.85,12.65,1.59,98.41
2009-10-08,12.77,12.57,1.55,98.45
2009-10-09,12.82,12.62,1.6,98.4
2009-10-12,13.02,12.68,2.55,97.45
2009-10-13,13.07,12.7,2.82,97.18
2009-10-14,13.3,13.11,1.37,98.63
2009-10-15,13.16,13.36,1.53,98.47
2009-10-16,13.66,13.53,0.91,99.09
2009-10-19,13.71,13.53,1.31,98.69
2009-10-20,13.7,13.76,0.42,99.58
2009-10-21,13.69,13.84,1.12,98.88
2009-10-22,13.76,13.85,0.66,99.34
2009-10-23,13.75,13.92,1.26,98.74
2009-10-26,13.77,14.1,2.44,97.56
2009-10-27,13.62,13.95,2.42,97.58
2009-10-28,13.42,13.81,2.9,97.1
2009-10-29,13.69,14.28,4.33,95.67
2009-10-30,13.32,14.02,5.32,94.68
2009-11-02,13.26,13.76,3.75,96.25
2009-11-03,13.34,13.66,2.39,97.61
2009-11-04,13.42,13.83,3.05,96.95
2009-11-05,13.63,13.22,2.98,97.02
2009-11-06,13.69,13.7,0.07,99.93
2009-11-09,13.97,13.91,0.4,99.6
2009-11-10,14.08,13.91,1.15,98.85
2009-11-11,14.17,13.91,1.81,98.19
2009-11-12,14.1,13.91,1.34,98.66
2009-11-13,14.21,14.11,0.7,99.3
2009-11-16,14.31,14.36,0.31,99.69
2009-11-17,14.34,14.56,1.54,98.46
2009-11-18,14.32,14.43,0.72,99.28
2009-11-19,14.23,14.94,4.94,95.06
2009-11-20,14.16,14.93,5.49,94.51
2009-11-23,14.46,14.94,3.26,96.74
2009-11-24,14.48,14.94,3.13,96.87
2009-11-25,14.55,14.93,2.65,97.35
2009-11-27,14.4,14.78,2.64,97.36
2009-11-30,14.48,14.73,1.7,98.3
2009-12-01,14.65,15.0,2.36,97.64
2009-12-02,14.59,14.89,2.04,97.96
2009-12-03,14.55,14.9,2.44,97.56
2009-12-04,14.53,14.87,2.31,97.69
2009-12-07,14.56,14.77,1.43,98.57
2009-12-08,14.58,14.77,1.29,98.71
2009-12-09,14.63,14.87,1.61,98.39
2009-12-10,14.69,14.97,1.91,98.09
2009-12-11,14.67,15.03,2.44,97.56
2009-12-14,14.8,14.96,1.08,98.92
2009-12-15,14.73,14.87,0.91,99.09
2009-12-16,14.85,14.89,0.29,99.71
2009-12-17,14.75,14.96,1.39,98.61
2009-12-18,14.81,14.96,0.97,99.03
2009-12-21,14.87,14.87,0.03,99.97
2009-12-22,14.93,15.0,0.44,99.56
2009-12-23,15.19,15.38,1.21,98.79
2009-12-24,15.36,15.38,0.11,99.89
2009-12-28,15.47,15.54,0.45,99.55
2009-12-29,15.38,15.6,1.41,98.59
2009-12-30,15.47,15.68,1.38,98.62
2009-12-31,15.4,15.68,1.83,98.17
2010-01-04,15.57,15.68,0.73,99.27
2010-01-05,15.5,15.72,1.43,98.57
2010-01-06,15.11,15.41,1.98,98.02
2010-01-07,14.76,14.99,1.61,98.39
2010-01-08,14.95,15.2,1.66,98.34
2010-01-11,14.93,15.1,1.16,98.84
2010-01-12,14.67,14.86,1.36,98.64
2010-01-13,14.58,14.8,1.5,98.5
2010-01-14,14.65,14.62,0.22,99.78
2010-01-15,14.41,14.33,0.52,99.48
2010-01-19,14.59,14.39,1.41,98.59
2010-01-20,14.42,14.36,0.36,99.64
2010-01-21,14.48,14.12,2.49,97.51
2010-01-22,13.66,13.74,0.55,99.45
2010-01-25,13.41,13.67,1.95,98.05
2010-01-26,13.47,13.43,0.33,99.67
2010-01-27,13.46,13.44,0.21,99.79
2010-01-28,13.27,13.32,0.38,99.62
2010-01-29,13.16,13.26,0.73,99.27
2010-02-01,13.24,12.84,3.0,97.0
2010-02-02,13.19,12.89,2.3,97.7
2010-02-03,13.43,13.08,2.65,97.35
2010-02-04,13.08,12.91,1.32,98.68
2010-02-05,13.2,13.08,0.9,99.1
2010-02-08,13.25,13.02,1.74,98.26
2010-02-09,13.32,13.1,1.68,98.32
2010-02-10,13.27,12.93,2.61,97.39
2010-02-11,13.32,13.23,0.68,99.32
2010-02-12,13.24,13.32,0.57,99.43
2010-02-16,13.44,13.49,0.34,99.66
2010-02-17,13.37,13.24,0.97,99.03
2010-02-18,13.49,13.51,0.16,99.84
2010-02-19,13.43,13.44,0.03,99.97
2010-02-22,13.48,13.44,0.34,99.66
2010-02-23,13.29,13.27,0.16,99.84
2010-02-24,13.2,13.03,1.25,98.75
2010-02-25,13.08,13.22,1.09,98.91
2010-02-26,13.08,13.11,0.19,99.81
2010-03-01,13.23,13.22,0.1,99.9
2010-03-02,13.44,13.27,1.27,98.73
2010-03-03,13.54,13.44,0.8,99.2
2010-03-04,13.77,13.53,1.76,98.24
2010-03-05,14.01,13.66,2.51,97.49
2010-03-08,13.97,13.62,2.52,97.48
2010-03-09,13.91,13.63,2.02,97.98
2010-03-10,14.32,14.14,1.23,98.77
2010-03-11,14.43,14.52,0.58,99.42
2010-03-12,14.39,14.36,0.21,99.79
2010-03-15,13.99,14.23,1.72,98.28
2010-03-16,14.04,14.43,2.76,97.24
2010-03-17,14.05,14.48,3.08,96.92
2010-03-18,14.07,14.56,3.53,96.47
2010-03-19,13.91,14.36,3.23,96.77
2010-03-22,13.85,14.22,2.73,97.27
2010-03-23,13.64,14.06,3.09,96.91
2010-03-24,13.84,14.06,1.55,98.45
2010-03-25,13.98,13.89,0.64,99.36
2010-03-26,13.98,13.91,0.44,99.56
2010-03-29,13.97,13.94,0.2,99.8
2010-03-30,14.08,13.72,2.54,97.46
2010-03-31,14.09,13.63,3.22,96.78
2010-04-01,14.13,13.71,2.96,97.04
2010-04-05,14.18,14.22,0.3,99.7
2010-04-06,14.11,14.06,0.4,99.6
2010-04-07,14.0,13.95,0.35,99.65
2010-04-08,14.09,14.06,0.27,99.73
2010-04-09,14.06,14.22,1.14,98.86
2010-04-12,14.23,14.34,0.84,99.16
2010-04-13,14.57,14.64,0.42,99.58
2010-04-14,14.63,14.93,2.08,97.92
2010-04-15,14.79,14.93,1.0,99.0
2010-04-16,13.66,14.13,3.43,96.57
2010-04-19,13.66,13.83,1.25,98.75
2010-04-20,13.79,13.83,0.35,99.65
2010-04-21,13.77,13.83,0.48,99.52
2010-04-22,13.59,13.75,1.18,98.82
2010-04-23,13.54,13.56,0.21,99.79
2010-04-26,13.2,13.39,1.37,98.63
2010-04-27,13.14,13.39,1.87,98.13
2010-04-28,13.14,13.39,1.84,98.16
2010-04-29,13.21,13.39,1.3,98.7
2010-04-30,13.06,12.96,0.76,99.24
2010-05-03,13.18,12.77,3.11,96.89
2010-05-04,12.58,12.71,1.04,98.96
2010-05-05,12.66,12.71,0.36,99.64
2010-05-06,12.39,12.76,3.03,96.97
2010-05-07,12.25,12.74,4.02,95.98
2010-05-10,12.96,12.82,1.05,98.95
2010-05-11,12.64,12.74,0.74,99.26
2010-05-12,12.55,12.74,1.47,98.53
2010-05-13,12.69,12.36,2.58,97.42
2010-05-14,12.61,12.43,1.4,98.6
2010-05-17,12.62,12.51,0.87,99.13
2010-05-18,12.38,12.27,0.85,99.15
2010-05-19,12.28,12.22,0.48,99.52
2010-05-20,11.8,12.13,2.84,97.16
2010-05-21,11.72,12.11,3.25,96.75
2010-05-24,11.85,12.27,3.56,96.44
2010-05-25,11.85,11.91,0.5,99.5
2010-05-26,11.81,12.02,1.79,98.21
2010-05-27,12.18,12.17,0.13,99.87
2010-05-28,12.06,11.79,2.29,97.71
2010-06-01,11.98,11.82,1.31,98.69
2010-06-02,12.25,12.11,1.21,98.79
2010-06-03,12.56,12.17,3.12,96.88
2010-06-04,12.39,12.12,2.18,97.82
2010-06-07,12.06,12.02,0.32,99.68
2010-06-08,12.04,12.12,0.63,99.37
2010-06-09,11.77,12.1,2.75,97.25
2010-06-10,12.1,12.33,1.89,98.11
2010-06-11,12.13,12.39,2.16,97.84
2010-06-14,12.0,12.23,1.89,98.11
2010-06-15,12.37,12.45,0.65,99.35
2010-06-16,12.45,12.45,0.01,99.99
2010-06-17,12.42,12.38,0.34,99.66
2010-06-18,12.42,12.45,0.24,99.76
2010-06-21,12.13,12.28,1.21,98.79
2010-06-22,12.08,12.13,0.45,99.55
2010-06-23,11.97,11.96,0.12,99.88
2010-06-24,11.8,11.96,1.34,98.66
2010-06-25,11.74,12.02,2.41,97.59
2010-06-28,11.73,12.02,2.54,97.46
2010-06-29,11.28,11.67,3.47,96.53
2010-06-30,11.05,11.47,3.78,96.22
2010-07-01,10.92,11.16,2.2,97.8
2010-07-02,10.84,11.16,2.89,97.11
2010-07-06,10.83,11.08,2.34,97.66
2010-07-07,11.18,11.08,0.87,99.13
2010-07-08,11.34,11.28,0.51,99.49
2010-07-09,11.61,11.34,2.34,97.66
2010-07-12,11.82,11.61,1.79,98.21
2010-07-13,12.15,11.83,2.62,97.38
2010-07-14,12.2,11.88,2.64,97.36
2010-07-15,12.27,11.95,2.6,97.4
2010-07-16,11.42,11.61,1.68,98.32
2010-07-19,11.58,11.66,0.68,99.32
2010-07-20,11.96,11.95,0.08,99.92
2010-07-21,11.86,12.0,1.22,98.78
2010-07-22,12.04,12.14,0.81,99.19
2010-07-23,12.17,12.18,0.05,99.95
2010-07-26,12.14,12.25,0.84,99.16
2010-07-27,12.24,12.23,0.04,99.96
2010-07-28,12.03,12.04,0.11,99.89
2010-07-29,12.05,12.04,0.02,99.98
2010-07-30,12.04,11.88,1.32,98.68
2010-08-02,12.18,11.88,2.5,97.5
2010-08-03,12.17,11.88,2.36,97.64
2010-08-04,12.58,12.03,4.36,95.64
2010-08-05,12.62,12.77,1.18,98.82
2010-08-06,12.42,12.59,1.35,98.65
2010-08-09,12.55,12.64,0.67,99.33
2010-08-10,12.51,12.65,1.13,98.87
2010-08-11,12.21,12.38,1.35,98.65
2010-08-12,12.22,12.28,0.5,99.5
2010-08-13,12.08,12.17,0.76,99.24
2010-08-16,12.06,12.12,0.51,99.49
2010-08-17,12.18,12.38,1.61,98.39
2010-08-18,11.98,12.17,1.64,98.36
2010-08-19,11.62,11.94,2.7,97.3
2010-08-20,11.48,11.79,2.73,97.27
2010-08-23,11.53,11.58,0.49,99.51
2010-08-24,11.21,11.27,0.54,99.46
2010-08-25,11.29,11.27,0.17,99.83
2010-08-26,11.2,11.16,0.4,99.6
2010-08-27,11.4,11.16,2.1,97.9
2010-08-30,11.24,11.16,0.78,99.22
2010-08-31,11.18,11.26,0.78,99.22
2010-09-01,11.43,11.36,0.67,99.33
2010-09-02,11.5,11.46,0.37,99.63
2010-09-03,11.68,11.61,0.57,99.43
2010-09-07,11.53,11.46,0.63,99.37
2010-09-08,11.69,11.62,0.54,99.46
2010-09-09,11.83,11.88,0.46,99.54
2010-09-10,11.83,11.94,0.96,99.04
2010-09-13,11.98,11.94,0.33,99.67
2010-09-14,11.93,12.17,1.95,98.05
2010-09-15,11.94,12.14,1.7,98.3
2010-09-16,11.95,12.26,2.64,97.36
2010-09-17,12.17,12.26,0.74,99.26
2010-09-20,12.62,12.53,0.73,99.27
2010-09-21,12.75,12.64,0.87,99.13
2010-09-22,12.82,12.74,0.59,99.41
2010-09-23,12.75,12.82,0.51,99.49
2010-09-24,13.1,12.99,0.85,99.15
2010-09-27,13.17,12.98,1.45,98.55
2010-09-28,13.09,13.29,1.52,98.48
2010-09-29,13.11,13.29,1.42,98.58
2010-09-30,13.06,13.27,1.6,98.4
2010-10-01,13.06,13.76,5.42,94.58
2010-10-04,12.97,13.76,6.06,93.94
2010-10-05,13.37,13.76,2.95,97.05
2010-10-06,13.27,13.76,3.68,96.32
2010-10-07,13.16,13.76,4.53,95.47
2010-10-08,13.32,13.58,1.92,98.08
2010-10-11,13.38,13.55,1.28,98.72
2010-10-12,13.45,13.55,0.8,99.2
2010-10-13,13.49,13.61,0.84,99.16
2010-10-14,13.44,13.45,0.09,99.91
2010-10-15,14.94,13.84,7.36,92.64
2010-10-18,15.34,14.2,7.46,92.54
2010-10-19,15.1,14.31,5.18,94.82
2010-10-20,15.1,14.3,5.31,94.69
2010-10-21,15.2,14.72,3.19,96.81
2010-10-22,15.21,14.86,2.34,97.66
2010-10-25,15.31,15.16,1.03,98.97
2010-10-26,15.36,15.18,1.19,98.81
2010-10-27,15.31,15.56,1.59,98.41
2010-10-28,15.36,15.56,1.25,98.75
2010-10-29,15.24,15.43,1.21,98.79
2010-11-01,15.27,15.4,0.82,99.18
2010-11-02,15.29,15.4,0.72,99.28
2010-11-03,15.4,15.43,0.15,99.85
2010-11-04,15.51,15.34,1.07,98.93
2010-11-05,15.53,15.28,1.59,98.41
2010-11-08,15.57,15.7,0.88,99.12
2010-11-09,15.52,15.64,0.75,99.25
2010-11-10,15.47,15.41,0.38,99.62
2010-11-11,15.33,15.33,0.0,100.0
2010-11-12,14.98,14.76,1.48,98.52
2010-11-15,14.79,14.4,2.63,97.37
2010-11-16,14.5,14.36,0.93,99.07
2010-11-17,14.49,14.22,1.88,98.12
2010-11-18,14.82,14.68,0.89,99.11
2010-11-19,14.67,14.37,2.05,97.95
2010-11-22,14.68,14.37,2.11,97.89
2010-11-23,14.48,14.28,1.35,98.65
2010-11-24,14.78,14.37,2.73,97.27
2010-11-26,14.65,14.39,1.79,98.21
2010-11-29,14.46,14.29,1.19,98.81
2010-11-30,13.8,13.98,1.3,98.7
2010-12-01,14.02,14.15,0.93,99.07
2010-12-02,14.2,13.97,1.65,98.35
2010-12-03,14.23,14.15,0.59,99.41
2010-12-06,14.36,14.33,0.24,99.76
2010-12-07,14.58,14.55,0.2,99.8
2010-12-08,14.67,14.55,0.77,99.23
2010-12-09,14.69,14.44,1.68,98.32
2010-12-10,14.71,14.55,1.05,98.95
2010-12-13,14.77,14.55,1.45,98.55
2010-12-14,14.78,14.9,0.82,99.18
2010-12-15,14.66,14.69,0.19,99.81
2010-12-16,14.7,14.8,0.7,99.3
2010-12-17,14.67,14.9,1.52,98.48
2010-12-20,14.78,15.44,4.47,95.53
2010-12-21,14.98,15.44,3.08,96.92
2010-12-22,15.04,15.51,3.11,96.89
2010-12-23,15.01,15.38,2.47,97.53
2010-12-27,14.96,15.54,3.85,96.15
2010-12-28,14.88,15.26,2.6,97.4
2010-12-29,14.93,15.25,2.15,97.85
2010-12-30,14.87,15.13,1.71,98.29
2010-12-31,14.75,14.96,1.41,98.59
2011-01-03,15.01,15.13,0.78,99.22
2011-01-04,14.96,15.13,1.16,98.84
2011-01-05,15.13,15.38,1.66,98.34
2011-01-06,15.24,15.39,1.02,98.98
2011-01-07,15.31,15.38,0.42,99.58
2011-01-10,15.26,15.46,1.33,98.67
2011-01-11,15.3,15.37,0.44,99.56
2011-01-12,15.32,15.32,0.01,99.99
2011-01-13,15.32,15.45,0.88,99.12
2011-01-14,15.5,15.58,0.51,99.49
2011-01-18,15.89,15.76,0.77,99.23
2011-01-19,15.69,15.67,0.11,99.89
2011-01-20,15.57,15.69,0.77,99.23
2011-01-21,15.2,15.53,2.19,97.81
2011-01-24,15.18,15.46,1.86,98.14
2011-01-25,15.4,15.53,0.86,99.14
2011-01-26,15.31,15.46,0.96,99.04
2011-01-27,15.32,15.36,0.28,99.72
2011-01-28,14.93,15.03,0.71,99.29
2011-01-31,14.91,15.0,0.57,99.43
2011-02-01,15.18,15.13,0.3,99.7
2011-02-02,15.2,15.13,0.45,99.55
2011-02-03,15.15,15.09,0.42,99.58
2011-02-04,15.18,15.02,1.04,98.96
2011-02-07,15.26,14.56,4.56,95.44
2011-02-08,15.36,14.95,2.67,97.33
2011-02-09,15.31,15.02,1.92,98.08
2011-02-10,15.31,15.37,0.39,99.61
2011-02-11,15.51,15.53,0.12,99.88
2011-02-14,15.6,15.53,0.46,99.54
2011-02-15,15.5,15.52,0.12,99.88
2011-02-16,15.5,15.52,0.11,99.89
2011-02-17,15.53,15.89,2.3,97.7
2011-02-18,15.65,15.91,1.68,98.32
2011-02-22,15.16,15.31,1.03,98.97
2011-02-23,15.18,15.3,0.79,99.21
2011-02-24,15.12,15.17,0.31,99.69
2011-02-25,15.15,15.3,1.01,98.99
2011-02-28,15.24,15.3,0.45,99.55
2011-03-01,14.92,14.89,0.18,99.82
2011-03-02,14.92,14.86,0.43,99.57
2011-03-03,15.14,15.07,0.44,99.56
2011-03-04,14.92,14.56,2.38,97.62
2011-03-07,14.7,14.43,1.84,98.16
2011-03-08,14.71,14.39,2.17,97.83
2011-03-09,14.7,14.39,2.08,97.92
2011-03-10,14.41,14.25,1.13,98.87
2011-03-11,14.32,14.13,1.33,98.67
2011-03-14,14.16,14.14,0.11,99.89
2011-03-15,14.15,14.14,0.02,99.98
2011-03-16,13.84,13.92,0.6,99.4
2011-03-17,13.94,13.74,1.48,98.52
2011-03-18,13.94,13.67,1.88,98.12
2011-03-21,14.32,14.04,1.92,98.08
2011-03-22,14.34,14.06,1.98,98.02
2011-03-23,14.46,13.96,3.45,96.55
2011-03-24,14.58,14.26,2.16,97.84
2011-03-25,14.4,14.31,0.63,99.37
2011-03-28,14.29,14.21,0.59,99.41
2011-03-29,14.45,14.33,0.82,99.18
2011-03-30,14.45,14.55,0.71,99.29
2011-03-31,14.57,14.52,0.34,99.66
2011-04-01,14.7,14.64,0.37,99.63
2011-04-04,14.6,14.58,0.14,99.86
2011-04-05,14.13,14.77,4.49,95.51
2011-04-06,14.26,14.52,1.84,98.16
2011-04-07,14.41,14.52,0.82,99.18
2011-04-08,14.36,14.36,0.02,99.98
2011-04-11,14.34,14.33,0.07,99.93
2011-04-12,14.17,14.13,0.27,99.73
2011-04-13,14.31,14.13,1.26,98.74
2011-04-14,14.37,14.31,0.43,99.57
2011-04-15,13.18,13.82,4.83,95.17
2011-04-18,13.09,13.87,6.0,94.0
2011-04-19,12.95,13.57,4.77,95.23
2011-04-20,13.06,13.42,2.78,97.22
2011-04-21,13.04,13.31,2.07,97.93
2011-04-25,13.04,12.9,1.11,98.89
2011-04-26,13.23,13.14,0.68,99.32
2011-04-27,13.36,13.14,1.59,98.41
2011-04-28,13.36,13.08,2.13,97.87
2011-04-29,13.51,13.14,2.74,97.26
2011-05-02,13.38,13.0,2.81,97.19
2011-05-03,13.26,13.0,1.96,98.04
2011-05-04,13.31,12.97,2.51,97.49
2011-05-05,13.27,12.93,2.58,97.42
2011-05-06,13.3,13.64,2.58,97.42
2011-05-09,13.35,13.69,2.52,97.48
2011-05-10,13.48,13.75,2.05,97.95
2011-05-11,13.3,13.5,1.5,98.5
2011-05-12,13.29,13.5,1.57,98.43
2011-05-13,13.15,13.28,0.94,99.06
2011-05-16,12.88,12.88,0.04,99.96
2011-05-17,13.18,13.05,0.99,99.01
2011-05-18,13.16,13.05,0.87,99.13
2011-05-19,13.19,12.95,1.86,98.14
2011-05-20,13.02,12.93,0.67,99.33
2011-05-23,12.88,12.93,0.41,99.59
2011-05-24,12.87,12.83,0.35,99.65
2011-05-25,12.91,12.93,0.17,99.83
2011-05-26,12.87,12.86,0.06,99.94
2011-05-27,12.94,12.86,0.59,99.41
2011-05-31,13.14,12.93,1.61,98.39
2011-06-01,13.05,13.01,0.31,99.69
2011-06-02,13.12,13.02,0.7,99.3
2011-06-03,12.99,13.02,0.25,99.75
2011-06-06,12.94,13.18,1.87,98.13
2011-06-07,12.89,12.86,0.24,99.76
2011-06-08,12.89,12.93,0.26,99.74
2011-06-09,12.83,12.73,0.8,99.2
2011-06-10,12.65,12.73,0.6,99.4
2011-06-13,12.54,12.73,1.56,98.44
2011-06-14,12.63,12.93,2.39,97.61
2011-06-15,12.49,12.73,1.92,98.08
2011-06-16,12.43,12.73,2.45,97.55
2011-06-17,12.05,12.53,4.02,95.98
2011-06-20,12.04,12.48,3.67,96.33
2011-06-21,12.24,12.41,1.37,98.63
2011-06-22,12.1,12.3,1.72,98.28
2011-06-23,11.93,12.04,0.93,99.07
2011-06-24,11.79,11.62,1.45,98.55
2011-06-27,11.99,11.82,1.42,98.58
2011-06-28,12.26,11.96,2.43,97.57
2011-06-29,12.36,12.07,2.3,97.7
2011-06-30,12.58,12.22,2.84,97.16
2011-07-01,12.94,12.5,3.43,96.57
2011-07-05,13.22,12.76,3.49,96.51
2011-07-06,13.3,12.88,3.11,96.89
2011-07-07,13.58,12.99,4.32,95.68
2011-07-08,13.21,13.35,1.04,98.96
2011-07-11,13.1,13.31,1.64,98.36
2011-07-12,13.26,13.31,0.36,99.64
2011-07-13,13.37,13.59,1.66,98.34
2011-07-14,13.14,13.58,3.35,96.65
2011-07-15,14.84,14.03,5.45,94.55
2011-07-18,14.78,14.03,5.04,94.96
2011-07-19,14.97,14.31,4.35,95.65
2011-07-20,14.79,14.31,3.19,96.81
2011-07-21,15.08,14.72,2.39,97.61
2011-07-22,15.36,14.72,4.17,95.83
2011-07-25,15.37,14.86,3.37,96.63
2011-07-26,15.46,15.16,1.98,98.02
2011-07-27,15.08,14.92,1.09,98.91
2011-07-28,15.17,15.4,1.49,98.51
2011-07-29,14.99,15.33,2.25,97.75
2011-08-01,15.07,15.25,1.17,98.83
2011-08-02,14.71,15.11,2.68,97.32
2011-08-03,14.93,15.21,1.85,98.15
2011-08-04,14.34,14.56,1.52,98.48
2011-08-05,14.38,14.58,1.41,98.59
2011-08-08,13.56,14.23,4.93,95.07
2011-08-09,14.24,14.34,0.68,99.32
2011-08-10,13.64,13.97,2.44,97.56
2011-08-11,13.96,13.97,0.04,99.96
2011-08-12,14.0,13.75,1.83,98.17
2011-08-15,13.84,13.67,1.24,98.76
2011-08-16,13.39,13.55,1.24,98.76
2011-08-17,13.24,13.54,2.26,97.74
2011-08-18,12.54,13.05,4.04,95.96
2011-08-19,12.19,13.01,6.72,93.28
2011-08-22,12.37,13.11,5.94,94.06
2011-08-23,12.89,13.15,2.06,97.94
2011-08-24,13.0,13.1,0.76,99.24
2011-08-25,12.92,13.01,0.74,99.26
2011-08-26,13.09,13.29,1.54,98.46
2011-08-29,13.39,13.16,1.69,98.31
2011-08-30,13.43,13.2,1.69,98.31
2011-08-31,13.44,13.09,2.58,97.42
2011-09-01,13.23,13.0,1.68,98.32
2011-09-02,13.04,13.23,1.5,98.5
2011-09-06,12.97,13.32,2.68,97.32
2011-09-07,13.26,13.32,0.42,99.58
2011-09-08,13.29,13.55,1.98,98.02
2011-09-09,13.04,13.62,4.46,95.54
2011-09-12,13.17,13.48,2.41,97.59
2011-09-13,13.15,13.35,1.51,98.49
2011-09-14,13.22,13.28,0.5,99.5
2011-09-15,13.48,13.47,0.04,99.96
2011-09-16,13.58,13.4,1.29,98.71
2011-09-19,13.58,13.37,1.56,98.44
2011-09-20,13.58,13.37,1.55,98.45
2011-09-21,13.39,13.16,1.74,98.26
2011-09-22,12.93,13.03,0.8,99.2
2011-09-23,13.05,13.16,0.8,99.2
2011-09-26,13.21,13.28,0.53,99.47
2011-09-27,13.4,13.18,1.58,98.42
2011-09-28,13.13,13.03,0.77,99.23
2011-09-29,13.1,13.18,0.63,99.37
2011-09-30,12.79,13.01,1.73,98.27
2011-10-03,12.31,12.73,3.45,96.55
2011-10-04,12.47,12.86,3.17,96.83
2011-10-05,12.54,12.75,1.69,98.31
2011-10-06,12.78,12.82,0.25,99.75
2011-10-07,12.79,12.59,1.6,98.4
2011-10-10,13.34,12.81,4.02,95.98
2011-10-11,13.49,13.04,3.38,96.62
2011-10-12,13.62,13.25,2.7,97.3
2011-10-13,13.88,13.55,2.41,97.59
2011-10-14,14.7,13.93,5.18,94.82
2011-10-17,14.47,13.83,4.41,95.59
2011-10-18,14.67,13.93,4.99,95.01
2011-10-19,14.42,13.88,3.77,96.23
2011-10-20,14.5,14.56,0.45,99.55
2011-10-21,14.67,14.72,0.35,99.65
2011-10-24,14.81,14.83,0.13,99.87
2011-10-25,14.48,14.83,2.4,97.6
2011-10-26,14.56,15.13,3.9,96.1
2011-10-27,14.87,15.13,1.76,98.24
2011-10-28,14.91,15.14,1.55,98.45
2011-10-31,14.72,14.93,1.44,98.56
2011-11-01,14.37,14.72,2.43,97.57
2011-11-02,14.53,14.97,3.04,96.96
2011-11-03,14.84,14.8,0.27,99.73
2011-11-04,14.81,14.9,0.61,99.39
2011-11-07,15.11,14.97,0.94,99.06
2011-11-08,15.21,15.09,0.8,99.2
2011-11-09,14.93,14.97,0.27,99.73
2011-11-10,14.78,14.8,0.13,99.87
2011-11-11,15.11,14.9,1.41,98.59
2011-11-14,15.23,15.09,0.91,99.09
2011-11-15,15.31,15.09,1.48,98.52
2011-11-16,15.19,15.06,0.85,99.15
2011-11-17,14.92,14.93,0.07,99.93
2011-11-18,14.78,14.96,1.26,98.74
2011-11-21,14.43,14.96,3.69,96.31
2011-11-22,14.41,14.69,1.97,98.03
2011-11-23,14.16,14.38,1.59,98.41
2011-11-25,13.98,14.28,2.14,97.86
2011-11-28,14.61,14.55,0.38,99.62
2011-11-29,14.48,14.45,0.18,99.82
2011-11-30,14.89,14.75,0.93,99.07
2011-12-01,15.24,14.97,1.82,98.18
2011-12-02,15.41,15.06,2.27,97.73
2011-12-05,15.54,15.13,2.64,97.36
2011-12-06,15.49,15.03,2.97,97.03
2011-12-07,15.48,15.13,2.28,97.72
2011-12-08,15.3,15.13,1.12,98.88
2011-12-09,15.58,15.3,1.85,98.15
2011-12-12,15.53,15.49,0.31,99.69
2011-12-13,15.54,15.57,0.17,99.83
2011-12-14,15.35,15.6,1.59,98.41
2011-12-15,15.39,15.79,2.61,97.39
2011-12-16,15.55,15.67,0.82,99.18
2011-12-19,15.44,15.76,2.03,97.97
2011-12-20,15.66,15.69,0.21,99.79
2011-12-21,15.54,15.53,0.09,99.91
2011-12-22,15.64,15.53,0.71,99.29
2011-12-23,15.73,15.46,1.69,98.31
2011-12-27,15.9,15.81,0.59,99.41
2011-12-28,15.89,15.81,0.5,99.5
2011-12-29,15.96,15.94,0.1,99.9
2011-12-30,16.04,15.85,1.22,98.78
2012-01-03,16.53,16.52,0.05,99.95
2012-01-04,16.6,16.52,0.48,99.52
2012-01-05,16.37,16.8,2.66,97.34
2012-01-06,16.14,16.56,2.6,97.4
2012-01-09,15.46,16.07,3.93,96.07
2012-01-10,15.48,16.25,5.02,94.98
2012-01-11,15.55,15.78,1.51,98.49
2012-01-12,15.64,15.97,2.11,97.89
2012-01-13,15.52,15.78,1.67,98.33
2012-01-17,15.61,15.78,1.09,98.91
2012-01-18,15.72,15.77,0.34,99.66
2012-01-19,15.89,15.93,0.3,99.7
2012-01-20,14.55,14.89,2.3,97.7
2012-01-23,14.54,14.64,0.64,99.36
2012-01-24,14.43,14.41,0.15,99.85
2012-01-25,14.14,14.27,0.91,99.09
2012-01-26,14.11,14.14,0.22,99.78
2012-01-27,14.41,14.35,0.41,99.59
2012-01-30,14.35,14.39,0.29,99.71
2012-01-31,14.41,14.14,1.83,98.17
2012-02-01,14.43,14.12,2.14,97.86
2012-02-02,14.53,14.14,2.67,97.33
2012-02-03,14.81,14.44,2.51,97.49
2012-02-06,15.13,14.56,3.73,96.27
2012-02-07,15.07,14.44,4.19,95.81
2012-02-08,15.15,14.44,4.67,95.33
2012-02-09,15.19,15.39,1.32,98.68
2012-02-10,15.05,15.3,1.64,98.36
2012-02-13,15.21,15.43,1.45,98.55
2012-02-14,15.14,15.63,3.17,96.83
2012-02-15,15.04,15.6,3.73,96.27
2012-02-16,15.06,15.42,2.39,97.61
2012-02-17,15.02,15.43,2.76,97.24
2012-02-21,15.25,15.6,2.3,97.7
2012-02-22,15.1,15.39,1.94,98.06
2012-02-23,15.05,15.4,2.27,97.73
2012-02-24,15.15,15.32,1.13,98.87
2012-02-27,15.13,15.12,0.06,99.94
2012-02-28,15.36,15.4,0.26,99.74
2012-02-29,15.36,15.4,0.28,99.72
2012-03-01,15.46,15.4,0.39,99.61
2012-03-02,15.43,15.47,0.29,99.71
2012-03-05,15.26,15.23,0.16,99.84
2012-03-06,15.03,15.03,0.0,100.0
2012-03-07,15.07,15.23,1.06,98.94
2012-03-08,15.08,15.23,1.01,98.99
2012-03-09,14.91,15.04,0.85,99.15
2012-03-12,15.03,14.94,0.6,99.4
2012-03-13,15.34,15.4,0.36,99.64
2012-03-14,15.3,15.4,0.65,99.35
2012-03-15,15.43,15.4,0.19,99.81
2012-03-16,15.52,15.48,0.31,99.69
2012-03-19,15.75,15.52,1.43,98.57
2012-03-20,15.73,15.53,1.3,98.7
2012-03-21,15.9,15.58,1.97,98.03
2012-03-22,16.05,15.62,2.66,97.34
2012-03-23,15.96,15.91,0.29,99.71
2012-03-26,16.13,16.14,0.07,99.93
2012-03-27,16.07,16.14,0.42,99.58
2012-03-28,16.29,16.52,1.42,98.58
2012-03-29,16.1,16.52,2.57,97.43
2012-03-30,15.93,16.2,1.7,98.3
2012-04-02,16.07,16.29,1.41,98.59
2012-04-03,15.96,16.56,3.78,96.22
2012-04-04,15.78,16.42,4.09,95.91
2012-04-05,15.71,16.35,4.12,95.88
2012-04-09,15.67,15.78,0.73,99.27
2012-04-10,15.57,15.77,1.31,98.69
2012-04-11,15.8,15.78,0.08,99.92
2012-04-12,16.17,16.25,0.52,99.48
2012-04-13,15.51,15.69,1.12,98.88
2012-04-16,15.05,15.25,1.33,98.67
2012-04-17,15.14,14.95,1.25,98.75
2012-04-18,15.09,14.6,3.21,96.79
2012-04-19,14.89,14.6,1.89,98.11
2012-04-20,14.8,14.64,1.14,98.86
2012-04-23,14.84,14.58,1.77,98.23
2012-04-24,14.93,14.66,1.81,98.19
2012-04-25,15.14,14.9,1.61,98.39
2012-04-26,15.29,15.02,1.72,98.28
2012-04-27,15.27,15.02,1.64,98.36
2012-04-30,15.02,14.95,0.46,99.54
2012-05-01,15.01,14.65,2.4,97.6
2012-05-02,15.08,14.5,3.86,96.14
2012-05-03,15.18,14.95,1.46,98.54
2012-05-04,14.83,14.94,0.75,99.25
2012-05-07,15.09,15.05,0.25,99.75
2012-05-08,15.22,15.24,0.12,99.88
2012-05-09,15.13,15.41,1.82,98.18
2012-05-10,15.24,15.4,1.02,98.98
2012-05-11,15.03,15.25,1.44,98.56
2012-05-14,15.0,15.15,1.0,99.0
2012-05-15,15.18,15.23,0.35,99.65
2012-05-16,15.62,15.48,0.92,99.08
2012-05-17,15.47,15.36,0.73,99.27
2012-05-18,14.91,15.12,1.41,98.59
2012-05-21,15.25,15.23,0.15,99.85
2012-05-22,14.92,15.0,0.5,99.5
2012-05-23,15.14,15.1,0.24,99.76
2012-05-24,14.99,15.15,1.06,98.94
2012-05-25,14.69,14.88,1.3,98.7
2012-05-29,14.76,14.88,0.82,99.18
2012-05-30,14.61,14.78,1.16,98.84
2012-05-31,14.43,14.68,1.73,98.27
2012-06-01,14.18,14.61,3.02,96.98
2012-06-04,14.37,14.73,2.51,97.49
2012-06-05,14.17,14.47,2.14,97.86
2012-06-06,14.42,14.21,1.48,98.52
2012-06-07,14.36,14.21,1.08,98.92
2012-06-08,14.42,14.51,0.63,99.37
2012-06-11,14.12,14.16,0.3,99.7
2012-06-12,14.04,14.21,1.21,98.79
2012-06-13,13.94,13.87,0.47,99.53
2012-06-14,13.89,13.87,0.1,99.9
2012-06-15,14.02,13.96,0.43,99.57
2012-06-18,14.18,14.14,0.28,99.72
2012-06-19,14.44,14.4,0.28,99.72
2012-06-20,14.34,14.44,0.7,99.3
2012-06-21,14.04,14.21,1.2,98.8
2012-06-22,14.19,14.2,0.02,99.98
2012-06-25,13.93,14.13,1.49,98.51
2012-06-26,14.03,14.12,0.71,99.29
2012-06-27,14.14,14.2,0.41,99.59
2012-06-28,14.02,14.12,0.78,99.22
2012-06-29,14.41,14.45,0.32,99.68
2012-07-02,14.42,14.52,0.74,99.26
2012-07-03,14.6,14.64,0.3,99.7
2012-07-05,14.8,14.71,0.61,99.39
2012-07-06,14.55,14.52,0.21,99.79
2012-07-09,14.55,14.52,0.21,99.79
2012-07-10,14.45,14.58,0.88,99.12
2012-07-11,14.19,14.45,1.87,98.13
2012-07-12,14.17,14.6,3.06,96.94
2012-07-13,14.32,14.6,1.98,98.02
2012-07-16,14.28,14.77,3.43,96.57
2012-07-17,14.32,14.77,3.11,96.89
2012-07-18,14.42,14.77,2.39,97.61
2012-07-19,14.73,14.96,1.54,98.46
2012-07-20,15.17,15.15,0.11,99.89
2012-07-23,15.29,15.17,0.78,99.22
2012-07-24,15.09,14.97,0.82,99.18
2012-07-25,15.1,14.97,0.89,99.11
2012-07-26,15.23,15.15,0.53,99.47
2012-07-27,15.77,15.52,1.59,98.41
2012-07-30,15.7,15.63,0.51,99.49
2012-07-31,15.72,15.65,0.44,99.56
2012-08-01,15.71,15.73,0.11,99.89
2012-08-02,15.62,15.79,1.1,98.9
2012-08-03,15.93,15.82,0.71,99.29
2012-08-06,15.97,15.94,0.17,99.83
2012-08-07,15.91,16.14,1.44,98.56
2012-08-08,15.95,16.14,1.17,98.83
2012-08-09,15.95,16.07,0.72,99.28
2012-08-10,15.95,15.95,0.0,100.0
2012-08-13,16.39,16.24,0.9,99.1
2012-08-14,16.61,16.72,0.65,99.35
2012-08-15,16.58,16.56,0.13,99.87
2012-08-16,16.71,16.82,0.63,99.37
2012-08-17,16.82,16.91,0.55,99.45
2012-08-20,16.78,16.84,0.39,99.61
2012-08-21,16.63,16.82,1.13,98.87
2012-08-22,16.82,16.84,0.14,99.86
2012-08-23,16.81,16.82,0.04,99.96
2012-08-24,16.86,16.82,0.23,99.77
2012-08-27,16.62,16.62,0.02,99.98
2012-08-28,16.82,17.02,1.17,98.83
2012-08-29,17.09,17.09,0.0,100.0
2012-08-30,16.93,16.89,0.22,99.78
2012-08-31,17.02,16.85,0.98,99.02
2012-09-04,16.92,16.76,0.92,99.08
2012-09-05,16.91,16.76,0.88,99.12
2012-09-06,17.37,17.21,0.91,99.09
2012-09-07,17.54,17.22,1.81,98.19
2012-09-10,17.41,17.21,1.13,98.87
2012-09-11,17.19,17.18,0.04,99.96
2012-09-12,17.16,17.21,0.3,99.7
2012-09-13,17.54,17.85,1.81,98.19
2012-09-14,17.63,17.85,1.29,98.71
2012-09-17,17.63,17.91,1.58,98.42
2012-09-18,17.84,17.91,0.41,99.59
2012-09-19,18.07,17.91,0.87,99.13
2012-09-20,18.08,18.11,0.12,99.88
2012-09-21,18.23,18.11,0.68,99.32
2012-09-24,18.61,18.1,2.75,97.25
2012-09-25,18.61,18.18,2.3,97.7
2012-09-26,18.71,18.49,1.2,98.8
2012-09-27,18.79,18.49,1.59,98.41
2012-09-28,18.74,18.96,1.2,98.8
2012-10-01,18.92,19.08,0.83,99.17
2012-10-02,18.8,19.26,2.42,97.58
2012-10-03,18.94,19.26,1.68,98.32
2012-10-04,19.08,19.26,0.94,99.06
2012-10-05,19.07,19.26,1.0,99.0
2012-10-08,18.82,18.94,0.62,99.38
2012-10-09,18.48,18.92,2.39,97.61
2012-10-10,18.49,18.92,2.32,97.68
2012-10-11,18.66,19.51,4.51,95.49
2012-10-12,18.5,19.28,4.24,95.76
2012-10-15,18.4,19.21,4.37,95.63
2012-10-16,18.5,18.79,1.6,98.4
2012-10-17,18.76,18.94,0.95,99.05
2012-10-18,17.26,17.72,2.67,97.33
2012-10-19,16.93,17.58,3.81,96.19
2012-10-22,16.86,17.58,4.29,95.71
2012-10-23,16.9,17.53,3.76,96.24
2012-10-24,16.82,16.76,0.38,99.62
2012-10-25,16.83,16.69,0.88,99.12
2012-10-26,16.77,16.66,0.65,99.35
2012-10-31,16.9,16.21,4.06,95.94
2012-11-01,17.08,16.29,4.6,95.4
2012-11-02,17.09,16.25,4.92,95.08
2012-11-05,16.96,16.25,4.23,95.77
2012-11-06,16.93,16.25,4.05,95.95
2012-11-07,16.57,16.1,2.82,97.18
2012-11-08,16.2,16.04,0.99,99.01
2012-11-09,16.47,16.35,0.71,99.29
2012-11-12,16.54,16.64,0.61,99.39
2012-11-13,16.37,16.64,1.65,98.35
2012-11-14,16.21,16.29,0.54,99.46
2012-11-15,16.08,16.29,1.36,98.64
2012-11-16,16.07,16.29,1.37,98.63
2012-11-19,16.6,16.84,1.45,98.55
2012-11-20,16.64,16.76,0.75,99.25
2012-11-21,16.54,16.63,0.53,99.47
2012-11-23,16.59,16.63,0.22,99.78
2012-11-26,16.42,16.63,1.25,98.75
2012-11-27,16.66,16.83,1.02,98.98
2012-11-28,16.98,17.13,0.89,99.11
2012-11-29,17.18,17.24,0.31,99.69
2012-11-30,17.35,17.24,0.63,99.37
2012-12-03,17.27,17.21,0.35,99.65
2012-12-04,17.16,17.22,0.34,99.66
2012-12-05,17.08,17.24,0.9,99.1
2012-12-06,17.17,17.46,1.72,98.28
2012-12-07,16.99,17.24,1.43,98.57
2012-12-10,17.02,17.13,0.63,99.37
2012-12-11,17.31,17.78,2.71,97.29
2012-12-12,17.33,17.8,2.75,97.25
2012-12-13,17.45,17.83,2.14,97.86
2012-12-14,17.43,18.03,3.39,96.61
2012-12-17,17.9,18.03,0.69,99.31
2012-12-18,17.91,18.03,0.65,99.35
2012-12-19,17.89,17.83,0.29,99.71
2012-12-20,17.94,17.88,0.33,99.67
2012-12-21,17.77,17.85,0.45,99.55
2012-12-24,17.62,17.85,1.31,98.69
2012-12-26,17.61,18.19,3.34,96.66
2012-12-27,17.54,18.11,3.26,96.74
2012-12-28,17.39,18.17,4.49,95.51
2012-12-31,17.57,18.19,3.53,96.47
2013-01-02,17.96,18.2,1.34,98.66
2013-01-03,17.97,18.2,1.28,98.72
2013-01-04,18.33,18.25,0.43,99.57
2013-01-07,18.25,18.22,0.17,99.83
2013-01-08,18.21,18.11,0.54,99.46
2013-01-09,18.33,18.13,1.12,98.88
2013-01-10,18.42,18.2,1.16,98.84
2013-01-11,18.38,18.13,1.37,98.63
2013-01-14,17.96,18.06,0.52,99.48
2013-01-15,18.01,18.58,3.17,96.83
2013-01-16,17.76,17.96,1.11,98.89
2013-01-17,17.67,17.96,1.66,98.34
2013-01-18,17.5,17.96,2.64,97.36
2013-01-22,17.46,17.83,2.15,97.85
2013-01-23,18.42,18.13,1.57,98.43
2013-01-24,18.73,18.63,0.56,99.44
2013-01-25,18.72,18.58,0.77,99.23
2013-01-28,18.65,18.58,0.38,99.62
2013-01-29,18.72,18.58,0.77,99.23
2013-01-30,18.72,18.58,0.79,99.21
2013-01-31,18.77,18.58,1.03,98.97
2013-02-01,19.26,18.69,3.0,97.0
2013-02-04,18.85,18.69,0.88,99.12
2013-02-05,19.02,19.28,1.4,98.6
2013-02-06,19.13,19.37,1.26,98.74
2013-02-07,19.22,19.87,3.37,96.63
2013-02-08,19.51,19.87,1.86,98.14
2013-02-11,19.43,19.87,2.25,97.75
2013-02-12,19.39,19.68,1.48,98.52
2013-02-13,19.44,19.63,0.96,99.04
2013-02-14,19.57,19.67,0.53,99.47
2013-02-15,19.69,19.87,0.9,99.1
2013-02-19,20.04,19.87,0.85,99.15
2013-02-20,19.68,19.63,0.26,99.74
2013-02-21,19.76,19.63,0.65,99.35
2013-02-22,19.86,19.56,1.53,98.47
2013-02-25,19.64,19.63,0.05,99.95
2013-02-26,19.62,19.69,0.32,99.68
2013-02-27,19.86,19.7,0.82,99.18
2013-02-28,19.9,19.73,0.85,99.15
2013-03-01,20.02,20.09,0.34,99.66
2013-03-04,20.4,20.21,0.95,99.05
2013-03-05,20.83,20.4,2.04,97.96
2013-03-06,20.65,20.21,2.13,97.87
2013-03-07,20.68,20.2,2.3,97.7
2013-03-08,20.65,20.47,0.87,99.13
2013-03-11,20.73,20.44,1.4,98.6
2013-03-12,20.56,20.5,0.28,99.72
2013-03-13,20.5,20.46,0.2,99.8
2013-03-14,20.4,20.8,1.94,98.06
2013-03-15,20.23,20.78,2.75,97.25
2013-03-18,20.06,20.71,3.2,96.8
2013-03-19,20.15,20.33,0.91,99.09
2013-03-20,20.24,20.98,3.68,96.32
2013-03-21,20.15,20.29,0.68,99.32
2013-03-22,20.13,20.06,0.31,99.69
2013-03-25,20.11,19.41,3.47,96.53
2013-03-26,20.18,19.7,2.37,97.63
2013-03-27,19.94,19.5,2.2,97.8
2013-03-28,19.73,19.45,1.39,98.61
2013-04-01,19.9,19.59,1.53,98.47
2013-04-02,20.19,19.95,1.21,98.79
2013-04-03,20.02,19.95,0.38,99.62
2013-04-04,19.75,19.64,0.53,99.47
2013-04-05,19.45,19.64,1.0,99.0
2013-04-08,19.25,19.35,0.55,99.45
2013-04-09,19.31,19.37,0.26,99.74
2013-04-10,19.63,19.65,0.15,99.85
2013-04-11,19.63,19.65,0.12,99.88
2013-04-12,19.62,19.65,0.16,99.84
2013-04-15,19.42,19.65,1.2,98.8
2013-04-16,19.71,19.77,0.33,99.67
2013-04-17,19.44,19.71,1.4,98.6
2013-04-18,19.02,19.65,3.32,96.68
2013-04-19,19.87,19.82,0.25,99.75
2013-04-22,19.87,19.73,0.72,99.28
2013-04-23,20.07,19.87,0.99,99.01
2013-04-24,20.2,19.97,1.16,98.84
2013-04-25,20.1,19.97,0.62,99.38
2013-04-26,19.91,20.04,0.68,99.32
2013-04-29,20.34,20.15,0.95,99.05
2013-04-30,20.48,20.09,1.89,98.11
2013-05-01,20.38,20.33,0.21,99.79
2013-05-02,20.61,20.41,0.95,99.05
2013-05-03,21.01,20.5,2.42,97.58
2013-05-06,21.4,21.56,0.77,99.23
2013-05-07,21.29,21.76,2.19,97.81
2013-05-08,21.7,21.85,0.7,99.3
2013-05-09,21.65,22.19,2.53,97.47
2013-05-10,21.86,22.15,1.33,98.67
2013-05-13,21.8,22.19,1.82,98.18
2013-05-14,22.03,22.19,0.72,99.28
2013-05-15,22.75,22.22,2.33,97.67
2013-05-16,22.45,22.22,1.03,98.97
2013-05-17,22.58,22.19,1.72,98.28
2013-05-20,22.57,22.19,1.65,98.35
2013-05-21,22.53,23.43,3.99,96.01
2013-05-22,22.09,23.23,5.14,94.86
2013-05-23,21.93,23.14,5.53,94.47
2013-05-24,21.69,21.82,0.59,99.41
2013-05-28,21.89,21.87,0.1,99.9
2013-05-29,21.57,21.64,0.36,99.64
2013-05-30,21.63,21.72,0.44,99.56
2013-05-31,21.64,21.64,0.01,99.99
2013-06-03,21.55,21.64,0.4,99.6
2013-06-04,21.34,21.43,0.45,99.55
2013-06-05,21.35,20.96,1.83,98.17
2013-06-06,21.48,21.04,2.03,97.97
2013-06-07,21.85,21.13,3.3,96.7
2013-06-10,22.11,21.49,2.81,97.19
2013-06-11,21.85,21.43,1.91,98.09
2013-06-12,21.66,21.55,0.5,99.5
2013-06-13,21.78,21.64,0.63,99.37
2013-06-14,21.73,21.77,0.18,99.82
2013-06-17,22.01,21.77,1.09,98.91
2013-06-18,22.37,21.99,1.69,98.31
2013-06-19,22.37,21.98,1.74,98.26
2013-06-20,21.97,21.82,0.71,99.29
2013-06-21,21.88,21.82,0.28,99.72
2013-06-24,21.6,21.82,1.0,99.0
2013-06-25,21.51,21.77,1.2,98.8
2013-06-26,21.7,21.77,0.34,99.66
2013-06-27,21.78,21.64,0.64,99.36
2013-06-28,21.87,21.64,1.05,98.95
2013-07-01,22.05,21.78,1.24,98.76
2013-07-02,21.91,21.82,0.43,99.57
2013-07-03,22.02,21.82,0.9,99.1
2013-07-05,22.19,21.87,1.47,98.53
2013-07-08,22.48,21.87,2.73,97.27
2013-07-09,22.48,21.77,3.16,96.84
2013-07-10,22.5,22.35,0.67,99.33
2013-07-11,22.86,22.62,1.05,98.95
2013-07-12,22.92,22.81,0.51,99.49
2013-07-15,22.97,22.96,0.02,99.98
2013-07-16,22.84,22.83,0.03,99.97
2013-07-17,22.81,23.37,2.45,97.55
2013-07-18,22.62,24.45,8.11,91.89
2013-07-19,22.27,24.24,8.87,91.13
2013-07-22,22.62,24.3,7.41,92.59
2013-07-23,22.45,24.24,8.0,92.0
2013-07-24,22.43,23.01,2.61,97.39
2013-07-25,22.05,23.22,5.32,94.68
2013-07-26,21.99,23.01,4.64,95.36
2013-07-29,21.91,22.44,2.43,97.57
2013-07-30,22.13,22.56,1.95,98.05
2013-07-31,22.05,22.16,0.48,99.52
2013-08-01,22.46,22.5,0.18,99.82
2013-08-02,22.52,22.5,0.08,99.92
2013-08-05,22.48,22.58,0.47,99.53
2013-08-06,22.27,22.44,0.79,99.21
2013-08-07,22.12,22.44,1.46,98.54
2013-08-08,22.17,22.22,0.24,99.76
2013-08-09,22.12,22.01,0.46,99.54
2013-08-12,21.99,22.01,0.09,99.91
2013-08-13,21.89,22.01,0.57,99.43
2013-08-14,21.6,22.01,1.89,98.11
2013-08-15,21.35,21.79,2.06,97.94
2013-08-16,21.28,21.21,0.33,99.67
2013-08-19,21.5,21.21,1.34,98.66
2013-08-20,21.49,21.43,0.28,99.72
2013-08-21,21.59,21.04,2.56,97.44
2013-08-22,21.7,21.06,2.94,97.06
2013-08-23,21.61,21.04,2.65,97.35
2013-08-26,21.52,21.09,2.01,97.99
2013-08-27,21.12,21.04,0.36,99.64
2013-08-28,21.08,20.9,0.85,99.15
2013-08-29,21.25,21.09,0.76,99.24
2013-08-30,21.03,21.06,0.13,99.87
2013-09-03,21.37,21.43,0.3,99.7
2013-09-04,21.65,21.76,0.51,99.49
2013-09-05,21.85,21.85,0.03,99.97
2013-09-06,21.85,21.91,0.27,99.73
2013-09-09,22.06,21.91,0.68,99.32
2013-09-10,22.07,21.91,0.75,99.25
2013-09-11,22.26,21.91,1.59,98.41
2013-09-12,22.18,21.85,1.48,98.52
2013-09-13,22.08,21.87,0.98,99.02
2013-09-16,22.05,21.87,0.83,99.17
2013-09-17,22.01,22.08,0.31,99.69
2013-09-18,22.44,22.23,0.92,99.08
2013-09-19,22.31,22.16,0.69,99.31
2013-09-20,22.43,22.23,0.9,99.1
2013-09-23,22.02,22.56,2.44,97.56
2013-09-24,22.03,22.45,1.9,98.1
2013-09-25,21.79,21.64,0.66,99.34
2013-09-26,21.81,21.72,0.41,99.59
2013-09-27,21.77,21.55,1.0,99.0
2013-09-30,21.76,21.55,0.94,99.06
2013-10-01,22.03,21.57,2.08,97.92
2013-10-02,22.06,21.64,1.86,98.14
2013-10-03,21.76,21.55,0.96,99.04
2013-10-04,21.67,21.49,0.82,99.18
2013-10-07,21.5,21.43,0.32,99.68
2013-10-08,21.2,20.9,1.44,98.56
2013-10-09,21.26,21.04,1.02,98.98
2013-10-10,21.56,21.15,1.95,98.05
2013-10-11,21.66,21.49,0.78,99.22
2013-10-14,21.76,21.57,0.87,99.13
2013-10-15,21.91,21.77,0.61,99.39
2013-10-16,22.3,21.87,1.97,98.03
2013-10-17,22.08,21.82,1.16,98.84
2013-10-18,25.12,24.04,4.29,95.71
2013-10-21,24.92,24.61,1.25,98.75
2013-10-22,25.01,24.61,1.62,98.38
2013-10-23,25.62,25.07,2.16,97.84
2013-10-24,25.47,25.04,1.7,98.3
2013-10-25,25.21,25.04,0.7,99.3
2013-10-28,25.21,25.51,1.2,98.8
2013-10-29,25.74,25.58,0.62,99.38
2013-10-30,25.59,25.51,0.32,99.68
2013-10-31,25.6,25.53,0.27,99.73
2013-11-01,25.51,25.5,0.03,99.97
2013-11-04,25.49,25.5,0.06,99.94
2013-11-05,25.37,25.5,0.51,99.49
2013-11-06,25.4,25.5,0.39,99.61
2013-11-07,25.03,24.84,0.77,99.23
2013-11-08,25.24,25.86,2.47,97.53
2013-11-11,25.1,25.8,2.77,97.23
2013-11-12,25.13,25.51,1.52,98.48
2013-11-13,25.64,25.8,0.59,99.41
2013-11-14,25.71,25.52,0.75,99.25
2013-11-15,25.67,25.52,0.59,99.41
2013-11-18,25.62,25.3,1.26,98.74
2013-11-19,25.46,25.3,0.65,99.35
2013-11-20,25.39,25.22,0.66,99.34
2013-11-21,25.68,25.43,0.98,99.02
2013-11-22,25.63,25.42,0.8,99.2
2013-11-25,25.98,25.57,1.56,98.44
2013-11-26,26.29,25.64,2.45,97.55
2013-11-27,26.4,26.33,0.29,99.71
2013-11-29,26.32,26.26,0.22,99.78
2013-12-02,26.19,26.26,0.27,99.73
2013-12-03,26.16,26.18,0.06,99.94
2013-12-04,26.28,26.25,0.12,99.88
2013-12-05,26.26,26.24,0.09,99.91
2013-12-06,26.57,26.3,1.04,98.96
2013-12-09,26.78,26.69,0.33,99.67
2013-12-10,26.94,26.93,0.04,99.96
2013-12-11,26.76,26.93,0.65,99.35
2013-12-12,26.57,26.71,0.49,99.51
2013-12-13,26.35,26.68,1.25,98.75
2013-12-16,26.65,26.64,0.02,99.98
2013-12-17,26.57,26.57,0.02,99.98
2013-12-18,26.94,26.57,1.39,98.61
2013-12-19,26.98,26.64,1.24,98.76
2013-12-20,27.34,26.93,1.47,98.53
2013-12-23,27.7,27.13,2.05,97.95
2013-12-24,27.62,27.58,0.12,99.88
2013-12-26,27.75,27.74,0.06,99.94
2013-12-27,27.78,27.42,1.31,98.69
2013-12-30,27.56,27.6,0.17,99.83
2013-12-31,27.84,27.64,0.72,99.28
2014-01-02,27.65,27.64,0.04,99.96
2014-01-03,27.45,27.64,0.7,99.3
2014-01-06,27.75,27.81,0.23,99.77
2014-01-07,28.29,27.88,1.42,98.58
2014-01-08,28.35,28.1,0.88,99.12
2014-01-09,28.07,27.86,0.75,99.25
2014-01-10,28.07,27.86,0.74,99.26
2014-01-13,27.89,27.75,0.51,99.49
2014-01-14,28.55,28.12,1.51,98.49
2014-01-15,28.53,28.43,0.34,99.66
2014-01-16,28.72,28.49,0.8,99.2
2014-01-17,28.58,28.43,0.51,99.49
2014-01-21,28.9,28.52,1.33,98.67
2014-01-22,28.94,28.81,0.43,99.57
2014-01-23,28.81,28.83,0.04,99.96
2014-01-24,27.91,28.56,2.34,97.66
2014-01-27,27.35,27.92,2.1,97.9
2014-01-28,27.89,27.92,0.12,99.88
2014-01-29,27.49,27.53,0.15,99.85
2014-01-30,28.2,28.45,0.9,99.1
2014-01-31,29.33,28.82,1.75,98.25
2014-02-03,28.15,28.52,1.3,98.7
2014-02-04,28.27,28.05,0.78,99.22
2014-02-05,28.39,28.32,0.26,99.74
2014-02-06,28.81,28.58,0.79,99.21
2014-02-07,29.24,28.7,1.88,98.12
2014-02-10,29.13,29.08,0.17,99.83
2014-02-11,29.56,29.13,1.46,98.54
2014-02-12,29.47,29.13,1.17,98.83
2014-02-13,29.8,29.36,1.48,98.52
2014-02-14,29.87,29.38,1.66,98.34
2014-02-18,30.08,29.6,1.58,98.42
2014-02-19,29.86,29.55,1.04,98.96
2014-02-20,29.91,29.55,1.19,98.81
2014-02-21,29.9,29.43,1.57,98.43
2014-02-24,30.12,29.98,0.44,99.56
2014-02-25,30.3,30.31,0.03,99.97
2014-02-26,30.31,31.67,4.51,95.49
2014-02-27,30.28,30.31,0.08,99.92
2014-02-28,30.19,30.28,0.28,99.72
2014-03-03,29.87,30.15,0.94,99.06
2014-03-04,30.18,30.11,0.22,99.78
2014-03-05,30.26,30.15,0.35,99.65
2014-03-06,30.29,30.8,1.68,98.32
2014-03-07,30.17,30.73,1.83,98.17
2014-03-10,30.09,30.49,1.32,98.68
2014-03-11,29.8,29.96,0.52,99.48
2014-03-12,29.99,30.55,1.9,98.1
2014-03-13,29.53,29.77,0.81,99.19
2014-03-14,29.13,28.62,1.75,98.25
2014-03-17,29.61,29.0,2.07,97.93
2014-03-18,30.08,29.86,0.74,99.26
2014-03-19,29.79,29.84,0.17,99.83
2014-03-20,29.73,29.16,1.92,98.08
2014-03-21,29.38,29.16,0.75,99.25
2014-03-24,28.76,28.57,0.65,99.35
2014-03-25,28.78,28.59,0.66,99.34
2014-03-26,28.12,28.32,0.75,99.25
2014-03-27,27.68,29.34,6.01,93.99
2014-03-28,27.82,29.23,5.06,94.94
2014-03-31,27.68,29.23,5.59,94.41
2014-04-01,28.19,29.44,4.43,95.57
2014-04-02,28.19,28.02,0.61,99.39
2014-04-03,28.36,28.43,0.24,99.76
2014-04-04,27.06,27.62,2.09,97.91
2014-04-07,26.83,27.6,2.86,97.14
2014-04-08,27.67,27.87,0.73,99.27
2014-04-09,28.14,27.61,1.88,98.12
2014-04-10,27.13,27.17,0.14,99.86
2014-04-11,26.69,27.16,1.77,98.23
2014-04-14,27.06,27.29,0.87,99.13
2014-04-15,27.23,27.46,0.84,99.16
2014-04-16,27.98,28.05,0.24,99.76
2014-04-17,26.96,27.34,1.38,98.62
2014-04-21,26.77,27.28,1.92,98.08
2014-04-22,27.07,27.26,0.69,99.31
2014-04-23,26.67,27.01,1.26,98.74
2014-04-24,26.52,26.96,1.65,98.35
2014-04-25,25.96,26.94,3.79,96.21
2014-04-28,25.95,26.86,3.49,96.51
2014-04-29,26.62,26.84,0.83,99.17
2014-04-30,26.54,26.78,0.87,99.13
2014-05-01,26.72,26.47,0.95,99.05
2014-05-02,26.49,26.5,0.01,99.99
2014-05-05,26.57,26.47,0.36,99.64
2014-05-06,25.93,26.32,1.51,98.49
2014-05-07,25.71,25.93,0.87,99.13
2014-05-08,25.81,26.1,1.12,98.88
2014-05-09,26.13,26.35,0.85,99.15
2014-05-12,26.72,26.44,1.04,98.96
2014-05-13,26.87,26.59,1.04,98.96
2014-05-14,26.52,26.56,0.14,99.86
2014-05-15,26.26,26.58,1.22,98.78
2014-05-16,26.22,26.58,1.37,98.63
2014-05-19,26.74,26.58,0.61,99.39
2014-05-20,26.82,26.58,0.89,99.11
2014-05-21,27.28,26.85,1.57,98.43
2014-05-22,27.56,26.99,2.1,97.9
2014-05-23,27.98,27.51,1.67,98.33
2014-05-27,28.53,27.74,2.77,97.23
2014-05-28,28.31,27.88,1.5,98.5
2014-05-29,28.31,27.88,1.52,98.48
2014-05-30,28.37,28.34,0.09,99.91
2014-06-02,28.01,28.11,0.37,99.63
2014-06-03,27.52,28.22,2.55,97.45
2014-06-04,27.48,28.27,2.87,97.13
2014-06-05,28.03,28.36,1.18,98.82
2014-06-06,28.09,28.52,1.52,98.48
2014-06-09,28.32,28.41,0.29,99.71
2014-06-10,28.2,28.39,0.67,99.33
2014-06-11,28.16,28.32,0.55,99.45
2014-06-12,27.77,28.1,1.19,98.81
2014-06-13,27.81,27.59,0.8,99.2
2014-06-16,27.41,27.14,0.96,99.04
2014-06-17,27.32,27.13,0.72,99.28
2014-06-18,27.82,27.56,0.95,99.05
2014-06-19,28.04,27.37,2.37,97.63
2014-06-20,28.11,28.15,0.14,99.86
2014-06-23,28.5,28.49,0.04,99.96
2014-06-24,28.41,28.49,0.27,99.73
2014-06-25,29.08,28.8,0.95,99.05
2014-06-26,29.02,28.76,0.88,99.12
2014-06-27,29.06,28.74,1.12,98.88
2014-06-30,29.01,28.76,0.87,99.13
2014-07-01,29.35,28.94,1.4,98.6
2014-07-02,29.32,29.58,0.9,99.1
2014-07-03,29.43,29.61,0.61,99.39
2014-07-07,29.32,29.53,0.74,99.26
2014-07-08,28.7,29.33,2.18,97.82
2014-07-09,28.95,29.33,1.31,98.69
2014-07-10,28.78,29.26,1.64,98.36
2014-07-11,29.11,29.31,0.69,99.31
2014-07-14,29.49,29.31,0.6,99.4
2014-07-15,29.43,29.54,0.38,99.62
2014-07-16,29.31,29.3,0.02,99.98
2014-07-17,28.82,28.69,0.46,99.54
2014-07-18,30.03,29.45,1.94,98.06
2014-07-21,29.7,29.45,0.84,99.16
2014-07-22,29.95,29.45,1.69,98.31
2014-07-23,30.03,29.67,1.2,98.8
2014-07-24,29.92,29.55,1.26,98.74
2014-07-25,29.68,29.5,0.6,99.4
2014-07-28,29.73,30.05,1.09,98.91
2014-07-29,29.47,30.0,1.79,98.21
2014-07-30,29.55,30.0,1.53,98.47
2014-07-31,28.76,28.81,0.19,99.81
2014-08-01,28.46,28.65,0.65,99.35
2014-08-04,28.9,28.68,0.73,99.27
2014-08-05,28.44,28.62,0.63,99.37
2014-08-06,28.51,28.71,0.7,99.3
2014-08-07,28.38,27.92,1.62,98.38
2014-08-08,28.68,28.2,1.69,98.31
2014-08-11,28.65,28.12,1.83,98.17
2014-08-12,28.39,27.88,1.82,98.18
2014-08-13,29.01,28.55,1.59,98.41
2014-08-14,29.01,28.65,1.25,98.75
2014-08-15,28.97,28.59,1.3,98.7
2014-08-18,29.41,29.22,0.66,99.34
2014-08-19,29.63,29.24,1.32,98.68
2014-08-20,29.55,29.43,0.4,99.6
2014-08-21,29.4,29.54,0.47,99.53
2014-08-22,29.4,29.43,0.08,99.92
2014-08-25,29.31,29.55,0.83,99.17
2014-08-26,29.19,29.5,1.09,98.91
2014-08-27,28.93,29.43,1.72,98.28
2014-08-28,28.8,29.28,1.66,98.34
2014-08-29,28.9,29.32,1.47,98.53
2014-09-02,29.21,29.56,1.2,98.8
2014-09-03,29.25,29.32,0.24,99.76
2014-09-04,29.43,29.45,0.04,99.96
2014-09-05,29.66,29.56,0.37,99.63
2014-09-08,29.86,29.67,0.62,99.38
2014-09-09,29.38,28.81,1.91,98.09
2014-09-10,29.45,28.94,1.73,98.27
2014-09-11,29.33,29.08,0.87,99.13
2014-09-12,29.03,28.83,0.66,99.34
2014-09-15,28.86,28.77,0.32,99.68
2014-09-16,29.22,29.44,0.75,99.25
2014-09-17,29.44,29.72,0.95,99.05
2014-09-18,29.64,29.75,0.36,99.64
2014-09-19,30.04,29.82,0.74,99.26
2014-09-22,29.64,29.88,0.8,99.2
2014-09-23,29.34,29.77,1.46,98.54
2014-09-24,29.7,29.83,0.45,99.55
2014-09-25,29.04,29.14,0.34,99.66
2014-09-26,29.17,28.77,1.38,98.62
2014-09-29,29.17,28.86,1.06,98.94
2014-09-30,29.2,28.86,1.17,98.83
2014-10-01,28.76,28.81,0.17,99.83
2014-10-02,28.83,28.84,0.05,99.95
2014-10-03,29.09,29.28,0.63,99.37
2014-10-06,29.17,29.19,0.07,99.93
2014-10-07,28.49,28.52,0.1,99.9
2014-10-08,28.97,28.62,1.19,98.81
2014-10-09,28.33,28.14,0.66,99.34
2014-10-10,27.55,28.06,1.85,98.15
2014-10-13,27.03,27.67,2.37,97.63
2014-10-14,27.23,27.65,1.56,98.44
2014-10-15,26.83,27.65,3.05,96.95
2014-10-16,26.64,27.09,1.68,98.32
2014-10-17,25.95,27.03,4.16,95.84
2014-10-20,26.42,26.66,0.92,99.08
2014-10-21,26.7,26.85,0.56,99.44
2014-10-22,26.93,26.85,0.3,99.7
2014-10-23,27.47,27.24,0.87,99.13
2014-10-24,27.24,26.82,1.54,98.46
2014-10-27,27.29,27.13,0.58,99.42
2014-10-28,27.74,27.13,2.19,97.81
2014-10-29,27.71,27.4,1.13,98.87
2014-10-30,27.8,27.99,0.68,99.32
2014-10-31,28.18,28.11,0.26,99.74
2014-11-03,27.98,28.03,0.2,99.8
2014-11-04,28.0,28.14,0.52,99.48
2014-11-05,27.59,27.74,0.55,99.45
2014-11-06,27.38,27.83,1.66,98.34
2014-11-07,27.38,27.8,1.53,98.47
2014-11-10,27.7,27.85,0.55,99.45
2014-11-11,27.85,27.85,0.02,99.98
2014-11-12,27.7,27.58,0.45,99.55
2014-11-13,27.61,28.03,1.51,98.49
2014-11-14,27.55,27.91,1.29,98.71
2014-11-17,27.13,27.25,0.45,99.55
2014-11-18,27.02,26.97,0.2,99.8
2014-11-19,27.15,26.97,0.69,99.31
2014-11-20,26.98,26.48,1.85,98.15
2014-11-21,27.09,26.68,1.51,98.49
2014-11-24,27.17,26.66,1.86,98.14
2014-11-25,27.26,27.07,0.67,99.33
2014-11-26,27.18,27.09,0.32,99.68
2014-11-28,27.25,27.12,0.47,99.53
2014-12-01,26.78,26.57,0.77,99.23
2014-12-02,26.73,26.34,1.44,98.56
2014-12-03,26.65,26.42,0.85,99.15
2014-12-04,26.93,26.59,1.26,98.74
2014-12-05,26.21,26.46,0.95,99.05
2014-12-08,26.34,26.65,1.2,98.8
2014-12-09,26.6,26.84,0.87,99.13
2014-12-10,26.2,26.47,1.02,98.98
2014-12-11,26.41,26.78,1.4,98.6
2014-12-12,25.88,26.47,2.28,97.72
2014-12-15,25.6,25.95,1.36,98.64
2014-12-16,24.72,25.76,4.19,95.81
2014-12-17,25.13,25.76,2.51,97.49
2014-12-18,25.54,25.61,0.27,99.73
2014-12-19,25.81,25.91,0.41,99.59
2014-12-22,26.42,26.08,1.25,98.75
2014-12-23,26.74,26.21,1.96,98.04
2014-12-24,26.65,26.08,2.1,97.9
2014-12-26,26.87,26.38,1.83,98.17
2014-12-29,26.66,26.39,1.02,98.98
2014-12-30,26.56,26.54,0.07,99.93
2014-12-31,26.33,26.59,0.99,99.01
2015-01-02,26.28,26.29,0.02,99.98
2015-01-05,25.78,26.27,1.9,98.1
2015-01-06,25.14,26.26,4.44,95.56
2015-01-07,25.07,26.42,5.39,94.61
2015-01-08,25.16,26.13,3.87,96.13
2015-01-09,24.85,25.67,3.32,96.68
2015-01-12,24.67,25.37,2.84,97.16
2015-01-13,24.9,25.3,1.6,98.4
2015-01-14,25.11,25.12,0.04,99.96
2015-01-15,25.01,25.12,0.43,99.57
2015-01-16,25.33,25.12,0.84,99.16
2015-01-20,25.31,25.16,0.56,99.44
2015-01-21,25.82,25.51,1.21,98.79
2015-01-22,26.66,25.97,2.59,97.41
2015-01-23,26.89,26.14,2.79,97.21
2015-01-26,26.63,26.14,1.85,98.15
2015-01-27,25.86,26.13,1.01,98.99
2015-01-28,25.43,25.96,2.07,97.93
2015-01-29,25.47,25.96,1.91,98.09
2015-01-30,26.68,26.25,1.59,98.41
2015-02-02,26.41,26.24,0.64,99.36
2015-02-03,26.47,26.24,0.86,99.14
2015-02-04,26.11,26.13,0.07,99.93
2015-02-05,26.29,26.13,0.63,99.37
2015-02-06,26.49,26.33,0.63,99.37
2015-02-09,26.27,26.34,0.3,99.7
2015-02-10,26.81,26.34,1.72,98.28
2015-02-11,26.7,26.39,1.17,98.83
2015-02-12,27.1,26.41,2.52,97.48
2015-02-13,27.35,26.58,2.81,97.19
2015-02-17,27.05,26.82,0.85,99.15
2015-02-18,26.93,27.38,1.66,98.34
2015-02-19,27.12,27.39,1.01,98.99
2015-02-20,26.89,27.08,0.72,99.28
2015-02-23,26.55,27.08,2.0,98.0
2015-02-24,26.73,27.08,1.31,98.69
2015-02-25,27.16,27.33,0.62,99.38
2015-02-26,27.75,27.52,0.84,99.16
2015-02-27,27.92,27.65,0.97,99.03
2015-03-02,28.54,27.88,2.28,97.72
2015-03-03,28.72,27.78,3.3,96.7
2015-03-04,28.7,28.18,1.82,98.18
2015-03-05,28.85,28.23,2.15,97.85
2015-03-06,28.43,28.34,0.31,99.69
2015-03-09,28.49,28.4,0.3,99.7
2015-03-10,27.78,28.27,1.74,98.26
2015-03-11,27.58,28.14,2.06,97.94
2015-03-12,27.85,28.27,1.5,98.5
2015-03-13,27.44,28.27,3.0,97.0
2015-03-16,27.87,28.32,1.6,98.4
2015-03-17,27.67,28.2,1.91,98.09
2015-03-18,28.1,28.15,0.2,99.8
2015-03-19,27.97,28.09,0.41,99.59
2015-03-20,28.04,27.62,1.5,98.5
2015-03-23,28.06,27.53,1.87,98.13
2015-03-24,28.66,28.12,1.88,98.12
2015-03-25,28.14,27.59,1.93,98.07
2015-03-26,27.97,27.62,1.27,98.73
2015-03-27,27.67,27.53,0.49,99.51
2015-03-30,27.85,28.14,1.07,98.93
2015-03-31,27.53,28.12,2.16,97.84
2015-04-01,27.27,27.62,1.28,98.72
2015-04-02,26.86,27.56,2.59,97.41
2015-04-06,26.99,27.43,1.63,98.37
2015-04-07,27.04,27.07,0.12,99.88
2015-04-08,27.24,26.97,0.98,99.02
2015-04-09,27.2,26.97,0.83,99.17
2015-04-10,27.22,26.97,0.93,99.07
2015-04-13,27.23,26.97,0.95,99.05
2015-04-14,26.79,26.48,1.13,98.87
2015-04-15,26.85,26.44,1.53,98.47
2015-04-16,26.97,26.63,1.25,98.75
2015-04-17,26.44,26.52,0.3,99.7
2015-04-20,27.02,26.91,0.4,99.6
2015-04-21,26.94,26.88,0.22,99.78
2015-04-22,27.25,27.25,0.01,99.99
2015-04-23,27.66,27.61,0.19,99.81
2015-04-24,28.47,27.84,2.2,97.8
2015-04-27,28.09,27.77,1.16,98.84
2015-04-28,28.01,27.69,1.12,98.88
2015-04-29,27.86,27.69,0.6,99.4
2015-04-30,27.23,27.43,0.73,99.27
2015-05-01,27.35,27.46,0.39,99.61
2015-05-04,27.43,27.75,1.15,98.85
2015-05-05,26.95,27.51,2.1,97.9
2015-05-06,26.55,26.97,1.55,98.45
2015-05-07,26.9,27.4,1.88,98.12
2015-05-08,27.24,27.36,0.42,99.58
2015-05-11,27.08,27.29,0.76,99.24
2015-05-12,26.73,26.97,0.86,99.14
2015-05-13,26.77,26.88,0.41,99.59
2015-05-14,27.25,26.66,2.18,97.82
2015-05-15,27.12,26.89,0.84,99.16
2015-05-18,27.13,26.92,0.76,99.24
2015-05-19,27.26,27.03,0.85,99.15
2015-05-20,27.42,27.41,0.02,99.98
2015-05-21,27.63,27.42,0.76,99.24
2015-05-22,27.52,27.3,0.79,99.21
2015-05-26,27.15,27.37,0.78,99.22
2015-05-27,27.5,27.65,0.51,99.49
2015-05-28,27.5,27.54,0.13,99.87
2015-05-29,27.06,27.0,0.23,99.77
2015-06-01,27.25,27.37,0.41,99.59
2015-06-02,27.49,27.61,0.44,99.56
2015-06-03,27.56,27.61,0.2,99.8
2015-06-04,27.38,27.37,0.04,99.96
2015-06-05,27.27,27.37,0.35,99.65
2015-06-08,26.97,27.0,0.11,99.89
2015-06-09,26.9,26.97,0.26,99.74
2015-06-10,27.42,27.27,0.54,99.46
2015-06-11,27.3,27.05,0.9,99.1
2015-06-12,27.17,27.05,0.44,99.56
2015-06-15,26.95,27.0,0.2,99.8
2015-06-16,27.04,26.95,0.32,99.68
2015-06-17,27.13,26.97,0.56,99.44
2015-06-18,27.6,27.54,0.23,99.77
2015-06-19,27.67,27.54,0.47,99.53
2015-06-22,27.77,27.46,1.13,98.87
2015-06-23,27.96,27.75,0.75,99.25
2015-06-24,27.72,27.63,0.34,99.66
2015-06-25,27.69,27.75,0.22,99.78
2015-06-26,27.45,27.75,1.11,98.89
2015-06-29,26.86,27.49,2.35,97.65
2015-06-30,26.8,26.92,0.46,99.54
2015-07-01,26.96,26.97,0.05,99.95
2015-07-02,27.16,27.27,0.38,99.62
2015-07-06,27.08,27.37,1.07,98.93
2015-07-07,27.3,27.41,0.43,99.57
2015-07-08,26.88,26.97,0.34,99.66
2015-07-09,27.03,26.89,0.51,99.49
2015-07-10,27.6,27.25,1.26,98.74
2015-07-13,28.37,27.75,2.19,97.81
2015-07-14,28.99,27.8,4.1,95.9
2015-07-15,28.98,28.14,2.89,97.11
2015-07-16,29.86,28.35,5.06,94.94
2015-07-17,34.72,31.34,9.74,90.26
2015-07-20,34.38,31.69,7.82,92.18
2015-07-21,34.51,32.83,4.85,95.15
2015-07-22,34.49,33.5,2.87,97.13
2015-07-23,33.48,32.9,1.74,98.26
2015-07-24,32.49,32.85,1.1,98.9
2015-07-27,32.67,33.02,1.1,98.9
2015-07-28,32.74,33.07,1.03,98.97
2015-07-29,32.82,33.07,0.76,99.24
2015-07-30,32.98,33.91,2.84,97.16
2015-07-31,32.63,33.7,3.29,96.71
2015-08-03,32.99,33.7,2.16,97.84
2015-08-04,32.82,33.69,2.68,97.32
2015-08-05,33.41,33.75,1.01,98.99
2015-08-06,33.26,32.29,2.9,97.1
2015-08-07,32.97,32.31,2.0,98.0
2015-08-10,32.91,32.16,2.29,97.71
2015-08-11,34.26,32.92,3.9,96.1
2015-08-12,34.31,33.83,1.4,98.6
2015-08-13,34.07,34.6,1.57,98.43
2015-08-14,34.21,34.6,1.15,98.85
2015-08-17,34.45,34.6,0.46,99.54
2015-08-18,34.18,34.56,1.12,98.88
2015-08-19,34.44,35.6,3.36,96.64
2015-08-20,33.72,35.49,5.24,94.76
2015-08-21,31.96,34.44,7.76,92.24
2015-08-24,30.67,33.02,7.63,92.37
2015-08-25,30.39,32.28,6.21,93.79
2015-08-26,32.74,32.97,0.71,99.29
2015-08-27,33.15,33.6,1.36,98.64
2015-08-28,32.74,32.61,0.39,99.61
2015-08-31,32.15,31.88,0.82,99.18
2015-09-01,31.24,31.33,0.29,99.71
2015-09-02,32.0,31.78,0.71,99.29
2015-09-03,31.61,31.74,0.38,99.62
2015-09-04,31.21,31.37,0.51,99.49
2015-09-08,31.95,31.78,0.55,99.45
2015-09-09,31.93,31.74,0.61,99.39
2015-09-10,32.31,31.91,1.24,98.76
2015-09-11,32.52,32.67,0.48,99.52
2015-09-14,32.38,32.85,1.44,98.56
2015-09-15,33.0,32.95,0.15,99.85
2015-09-16,33.03,32.67,1.06,98.94
2015-09-17,33.33,32.08,3.76,96.24
2015-09-18,32.8,31.9,2.72,97.28
2015-09-21,33.1,32.25,2.57,97.43
2015-09-22,32.42,32.25,0.51,99.49
2015-09-23,32.42,32.27,0.45,99.55
2015-09-24,32.5,32.4,0.31,99.69
2015-09-25,31.77,32.27,1.6,98.4
2015-09-28,30.98,31.33,1.14,98.86
2015-09-29,30.9,31.12,0.73,99.27
2015-09-30,31.68,31.31,1.15,98.85
2015-10-01,31.86,31.25,1.91,98.09
2015-10-02,32.6,32.23,1.15,98.85
2015-10-05,33.33,32.23,3.31,96.69
2015-10-06,33.33,32.23,3.31,96.69
2015-10-07,33.25,32.01,3.72,96.28
2015-10-08,33.1,32.82,0.83,99.17
2015-10-09,33.31,32.82,1.46,98.54
2015-10-12,33.57,33.04,1.56,98.44
2015-10-13,33.9,33.1,2.36,97.64
2015-10-14,33.77,33.89,0.35,99.65
2015-10-15,34.39,34.15,0.71,99.29
2015-10-16,34.51,35.6,3.16,96.84
2015-10-19,34.74,35.28,1.58,98.42
2015-10-20,33.75,34.87,3.34,96.66
2015-10-21,33.34,34.98,4.92,95.08
2015-10-22,33.8,34.92,3.3,96.7
2015-10-23,35.7,35.64,0.17,99.83
2015-10-26,36.28,35.76,1.43,98.57
2015-10-27,36.37,35.95,1.15,98.85
2015-10-28,36.57,35.97,1.64,98.36
2015-10-29,36.96,36.0,2.6,97.4
2015-10-30,36.59,36.5,0.24,99.76
2015-11-02,37.11,36.63,1.29,98.71
2015-11-03,37.16,36.7,1.24,98.76
2015-11-04,37.48,37.09,1.06,98.94
2015-11-05,37.75,37.1,1.73,98.27
2015-11-06,37.79,37.09,1.87,98.13
2015-11-09,37.46,37.23,0.61,99.39
2015-11-10,37.63,37.57,0.16,99.84
2015-11-11,37.98,38.12,0.37,99.63
2015-11-12,37.54,37.5,0.13,99.87
2015-11-13,36.73,37.32,1.62,98.38
2015-11-16,37.24,37.76,1.39,98.61
2015-11-17,37.02,37.52,1.35,98.65
2015-11-18,37.72,37.64,0.19,99.81
2015-11-19,37.71,37.76,0.12,99.88
2015-11-20,38.56,37.87,1.8,98.2
2015-11-23,38.54,37.83,1.85,98.15
2015-11-24,38.19,38.07,0.33,99.67
2015-11-25,38.17,37.94,0.61,99.39
2015-11-27,38.31,37.94,0.96,99.04
2015-11-30,37.86,37.9,0.1,99.9
2015-12-01,38.9,38.18,1.84,98.16
2015-12-02,38.6,37.94,1.7,98.3
2015-12-03,38.12,37.94,0.47,99.53
2015-12-04,38.67,38.33,0.88,99.12
2015-12-07,38.36,38.18,0.47,99.53
2015-12-08,38.47,38.25,0.55,99.45
2015-12-09,37.84,37.83,0.03,99.97
2015-12-10,37.72,37.83,0.3,99.7
2015-12-11,37.24,37.26,0.05,99.95
2015-12-14,37.84,37.44,1.07,98.93
2015-12-15,37.72,37.56,0.43,99.57
2015-12-16,38.54,38.28,0.67,99.33
2015-12-17,38.2,38.07,0.36,99.64
2015-12-18,37.56,38.07,1.35,98.65
2015-12-21,37.75,37.69,0.18,99.82
2015-12-22,38.07,37.94,0.34,99.66
2015-12-23,38.14,38.21,0.2,99.8
2015-12-24,38.0,37.82,0.49,99.51
2015-12-28,38.82,38.68,0.35,99.65
2015-12-29,39.4,38.9,1.27,98.73
2015-12-30,39.22,39.01,0.53,99.47
2015-12-31,38.61,38.85,0.62,99.38
2016-01-04,37.69,38.68,2.63,97.37
2016-01-05,37.79,38.46,1.78,98.22
2016-01-06,37.68,38.46,2.07,97.93
2016-01-07,36.77,37.43,1.8,98.2
2016-01-08,36.27,37.0,2.01,97.99
2016-01-11,36.38,37.26,2.42,97.58
2016-01-12,36.99,37.44,1.21,98.79
2016-01-13,35.71,36.37,1.85,98.15
2016-01-14,36.3,36.72,1.16,98.84
2016-01-15,35.26,35.61,0.99,99.01
2016-01-19,35.68,35.62,0.17,99.83
2016-01-20,35.66,35.42,0.67,99.33
2016-01-21,36.06,35.59,1.29,98.71
2016-01-22,36.99,36.0,2.7,97.3
2016-01-25,36.41,36.02,1.07,98.93
2016-01-26,36.41,36.0,1.15,98.85
2016-01-27,35.61,35.95,0.96,99.04
2016-01-28,37.13,36.92,0.57,99.43
2016-01-29,37.78,37.18,1.59,98.41
2016-02-01,38.25,37.21,2.73,97.27
2016-02-02,38.75,37.21,3.99,96.01
2016-02-03,37.19,37.15,0.11,99.89
2016-02-04,36.23,36.71,1.33,98.67
2016-02-05,34.92,36.13,3.45,96.55
2016-02-08,34.94,36.01,3.04,96.96
2016-02-09,34.79,36.01,3.5,96.5
2016-02-10,35.08,36.01,2.65,97.35
2016-02-11,35.05,35.78,2.09,97.91
2016-02-12,35.08,35.43,1.0,99.0
2016-02-16,35.61,35.58,0.08,99.92
2016-02-17,36.32,36.3,0.06,99.94
2016-02-18,35.61,35.41,0.56,99.44
2016-02-19,35.83,35.36,1.31,98.69
2016-02-22,36.18,35.36,2.25,97.75
2016-02-23,35.6,34.84,2.11,97.89
2016-02-24,35.77,35.25,1.46,98.54
2016-02-25,36.18,35.98,0.56,99.44
2016-02-26,35.97,36.39,1.16,98.84
2016-02-29,35.59,36.36,2.17,97.83
2016-03-01,36.83,36.65,0.49,99.51
2016-03-02,36.7,36.54,0.44,99.56
2016-03-03,36.31,36.46,0.43,99.57
2016-03-04,36.24,36.46,0.62,99.38
2016-03-07,35.37,36.12,2.11,97.89
2016-03-08,35.41,35.73,0.9,99.1
2016-03-09,36.0,36.6,1.68,98.32
2016-03-10,36.33,36.34,0.01,99.99
2016-03-11,36.96,36.46,1.36,98.64
2016-03-14,37.23,36.96,0.73,99.27
2016-03-15,37.25,36.96,0.78,99.22
2016-03-16,37.58,36.93,1.73,98.27
2016-03-17,37.64,37.03,1.62,98.38
2016-03-18,37.49,37.07,1.11,98.89
2016-03-21,37.82,36.92,2.38,97.62
2016-03-22,37.72,37.26,1.22,98.78
2016-03-23,37.59,37.36,0.63,99.37
2016-03-24,37.46,37.87,1.09,98.91
2016-03-28,37.38,38.06,1.82,98.18
2016-03-29,38.01,38.14,0.36,99.64
2016-03-30,38.13,38.11,0.06,99.94
2016-03-31,37.86,38.03,0.46,99.54
2016-04-01,38.19,38.33,0.36,99.64
2016-04-04,37.97,38.23,0.69,99.31
2016-04-05,37.64,37.94,0.79,99.21
2016-04-06,38.12,38.12,0.01,99.99
2016-04-07,37.72,37.83,0.29,99.71
2016-04-08,37.69,37.9,0.55,99.45
2016-04-11,37.59,37.58,0.03,99.97
2016-04-12,37.93,37.9,0.09,99.91
2016-04-13,38.31,38.18,0.33,99.67
2016-04-14,38.48,38.25,0.58,99.42
2016-04-15,38.71,38.33,0.98,99.02
2016-04-18,39.09,38.68,1.03,98.97
2016-04-19,38.52,38.34,0.47,99.53
2016-04-20,38.46,38.46,0.02,99.98
2016-04-21,38.71,38.85,0.36,99.64
2016-04-22,36.61,37.66,2.85,97.15
2016-04-25,36.83,37.44,1.64,98.36
2016-04-26,36.0,36.91,2.55,97.45
2016-04-27,35.8,36.91,3.1,96.9
2016-04-28,34.99,36.36,3.92,96.08
2016-04-29,35.13,36.37,3.54,96.46
2016-05-02,35.45,35.62,0.48,99.52
2016-05-03,35.16,35.42,0.75,99.25
2016-05-04,35.3,35.42,0.34,99.66
2016-05-05,35.47,35.42,0.13,99.87
2016-05-06,35.99,35.02,2.68,97.32
2016-05-09,36.18,35.2,2.71,97.29
2016-05-10,36.69,35.53,3.16,96.84
2016-05-11,36.25,35.19,2.95,97.05
2016-05-12,36.13,35.83,0.84,99.16
2016-05-13,35.97,35.43,1.5,98.5
2016-05-16,36.24,36.3,0.17,99.83
2016-05-17,35.74,36.09,0.98,99.02
2016-05-18,35.82,36.46,1.8,98.2
2016-05-19,35.5,36.76,3.56,96.44
2016-05-20,35.81,36.34,1.46,98.54
2016-05-23,35.59,36.34,2.09,97.91
2016-05-24,36.38,36.46,0.24,99.76
2016-05-25,36.63,36.51,0.32,99.68
2016-05-26,36.57,36.46,0.3,99.7
2016-05-27,37.1,36.88,0.58,99.42
2016-05-31,37.16,36.76,1.08,98.92
2016-06-01,37.14,36.93,0.56,99.44
2016-06-02,36.93,36.88,0.14,99.86
2016-06-03,36.52,36.88,1.0,99.0
2016-06-06,36.23,36.54,0.87,99.13
2016-06-07,36.28,36.88,1.66,98.34
2016-06-08,36.87,36.93,0.18,99.82
2016-06-09,36.85,37.03,0.5,99.5
2016-06-10,36.38,36.88,1.37,98.63
2016-06-13,36.32,36.88,1.55,98.45
2016-06-14,36.39,36.65,0.72,99.28
2016-06-15,36.33,35.99,0.94,99.06
2016-06-16,35.94,35.82,0.35,99.65
2016-06-17,34.95,35.11,0.47,99.53
2016-06-20,35.04,35.08,0.1,99.9
2016-06-21,35.18,35.19,0.02,99.98
2016-06-22,35.26,35.14,0.32,99.68
2016-06-23,35.48,34.88,1.68,98.32
2016-06-24,34.0,34.66,1.93,98.07
2016-06-27,33.8,34.66,2.53,97.47
2016-06-28,34.3,34.59,0.85,99.15
2016-06-29,34.5,33.92,1.68,98.32
2016-06-30,34.91,34.19,2.08,97.92
2016-07-01,35.25,34.59,1.85,98.15
2016-07-05,34.98,34.55,1.23,98.77
2016-07-06,35.18,34.55,1.8,98.2
2016-07-07,35.1,34.62,1.37,98.63
2016-07-08,35.62,35.66,0.11,99.89
2016-07-11,36.09,35.66,1.18,98.82
2016-07-12,36.35,35.66,1.9,98.1
2016-07-13,36.2,35.66,1.49,98.51
2016-07-14,36.51,36.35,0.45,99.55
2016-07-15,36.51,36.66,0.42,99.58
2016-07-18,37.38,37.02,0.95,99.05
2016-07-19,37.39,37.11,0.75,99.25
2016-07-20,37.57,37.57,0.01,99.99
2016-07-21,37.44,37.31,0.35,99.65
2016-07-22,37.68,37.27,1.08,98.92
2016-07-25,37.59,37.57,0.07,99.93
2016-07-26,37.6,37.23,0.97,99.03
2016-07-27,37.81,38.14,0.87,99.13
2016-07-28,38.0,38.5,1.3,98.7
2016-07-29,39.27,38.69,1.48,98.52
2016-08-01,39.75,39.11,1.59,98.41
2016-08-02,39.71,38.74,2.42,97.58
2016-08-03,39.65,39.29,0.89,99.11
2016-08-04,39.56,39.69,0.32,99.68
2016-08-05,40.04,40.0,0.12,99.88
2016-08-08,39.96,40.09,0.33,99.67
2016-08-09,40.07,39.95,0.3,99.7
2016-08-10,40.12,40.49,0.92,99.08
2016-08-11,40.11,40.66,1.38,98.62
2016-08-12,40.05,40.59,1.34,98.66
2016-08-15,40.0,40.66,1.66,98.34
2016-08-16,39.76,40.31,1.37,98.63
2016-08-17,39.97,40.31,0.84,99.16
2016-08-18,39.84,40.07,0.6,99.4
2016-08-19,39.68,39.5,0.46,99.54
2016-08-22,39.55,39.38,0.43,99.57
2016-08-23,39.53,39.4,0.32,99.68
2016-08-24,39.38,39.41,0.06,99.94
2016-08-25,39.27,38.7,1.45,98.55
2016-08-26,39.36,38.9,1.18,98.82
2016-08-29,39.49,38.9,1.5,98.5
2016-08-30,39.3,38.7,1.53,98.47
2016-08-31,39.2,38.7,1.27,98.73
2016-09-01,39.27,38.84,1.1,98.9
2016-09-02,39.54,39.11,1.1,98.9
2016-09-06,40.1,39.88,0.55,99.45
2016-09-07,40.1,39.75,0.87,99.13
2016-09-08,39.84,39.71,0.32,99.68
2016-09-09,39.13,39.15,0.06,99.94
2016-09-12,39.64,39.71,0.18,99.82
2016-09-13,39.14,39.41,0.68,99.32
2016-09-14,39.23,39.53,0.78,99.22
2016-09-15,39.76,39.61,0.37,99.63
2016-09-16,39.6,39.6,0.0,100.0
2016-09-19,39.47,38.99,1.21,98.79
2016-09-20,39.69,39.65,0.11,99.89
2016-09-21,39.95,39.95,0.01,99.99
2016-09-22,40.49,40.18,0.78,99.22
2016-09-23,40.44,40.09,0.88,99.12
2016-09-26,39.83,39.46,0.92,99.08
2016-09-27,40.23,39.71,1.29,98.71
2016-09-28,40.2,39.78,1.05,98.95
2016-09-29,39.83,40.03,0.49,99.51
2016-09-30,39.9,39.78,0.31,99.69
2016-10-03,39.72,40.03,0.78,99.22
2016-10-04,39.84,40.06,0.56,99.44
2016-10-05,39.76,39.7,0.14,99.86
2016-10-06,39.85,39.78,0.19,99.81
2016-10-07,39.74,39.79,0.13,99.87
2016-10-10,40.4,40.09,0.78,99.22
2016-10-11,40.17,40.1,0.2,99.8
2016-10-12,40.28,39.88,1.01,98.99
2016-10-13,39.9,39.51,0.98,99.02
2016-10-14,39.93,40.1,0.42,99.58
2016-10-17,40.04,39.85,0.47,99.53
2016-10-18,40.77,40.93,0.4,99.6
2016-10-19,41.03,41.15,0.28,99.72
2016-10-20,40.77,41.05,0.67,99.33
2016-10-21,40.89,41.15,0.61,99.39
2016-10-24,41.47,41.15,0.79,99.21
2016-10-25,41.12,40.83,0.71,99.29
2016-10-26,40.8,40.64,0.39,99.61
2016-10-27,40.56,40.96,0.97,99.03
2016-10-28,40.67,40.65,0.06,99.94
2016-10-31,40.19,40.58,0.97,99.03
2016-11-01,39.97,40.4,1.08,98.92
2016-11-02,39.13,40.06,2.4,97.6
2016-11-03,38.82,39.69,2.26,97.74
2016-11-04,38.76,39.69,2.4,97.6
2016-11-07,39.8,39.18,1.55,98.45
2016-11-08,40.29,39.87,1.06,98.94
2016-11-09,39.98,39.87,0.27,99.73
2016-11-10,38.72,38.76,0.11,99.89
2016-11-11,38.3,38.58,0.73,99.27
2016-11-14,37.38,38.16,2.08,97.92
2016-11-15,38.47,38.5,0.07,99.93
2016-11-16,38.71,38.72,0.03,99.97
2016-11-17,39.01,38.76,0.64,99.36
2016-11-18,38.51,38.72,0.55,99.45
2016-11-21,38.95,38.89,0.13,99.87
2016-11-22,38.96,38.64,0.81,99.19
2016-11-23,38.66,38.64,0.04,99.96
2016-11-25,38.72,39.14,1.09,98.91
2016-11-28,38.99,38.89,0.26,99.74
2016-11-29,39.18,38.78,1.0,99.0
2016-11-30,38.5,38.72,0.56,99.44
2016-12-01,37.93,38.89,2.54,97.46
2016-12-02,37.94,39.04,2.92,97.08
2016-12-05,38.62,39.1,1.24,98.76
2016-12-06,38.52,38.61,0.24,99.76
2016-12-07,39.28,38.72,1.41,98.59
2016-12-08,39.46,38.72,1.87,98.13
2016-12-09,40.17,39.11,2.64,97.36
2016-12-12,40.09,39.69,1.0,99.0
2016-12-13,40.46,39.75,1.76,98.24
2016-12-14,40.59,39.79,1.96,98.04
2016-12-15,40.48,39.89,1.46,98.54
2016-12-16,40.19,40.15,0.1,99.9
2016-12-19,40.32,40.15,0.43,99.57
2016-12-20,40.45,40.37,0.2,99.8
2016-12-21,40.31,40.4,0.24,99.76
2016-12-22,40.18,40.44,0.64,99.36
2016-12-23,40.09,40.25,0.4,99.6
2016-12-27,40.19,40.41,0.53,99.47
2016-12-28,39.93,40.06,0.32,99.68
2016-12-29,39.84,39.94,0.25,99.75
2016-12-30,39.33,38.76,1.43,98.57
2017-01-03,40.1,39.68,1.04,98.96
2017-01-04,40.09,39.32,1.92,98.08
2017-01-05,40.35,39.85,1.23,98.77
2017-01-06,40.95,40.29,1.61,98.39
2017-01-09,41.05,41.05,0.01,99.99
2017-01-10,40.99,40.96,0.09,99.91
2017-01-11,41.18,40.96,0.55,99.45
2017-01-12,41.17,41.07,0.23,99.77
2017-01-13,41.24,41.15,0.22,99.78
2017-01-17,41.06,41.56,1.21,98.79
2017-01-18,41.14,41.56,1.02,98.98
2017-01-19,40.91,41.56,1.59,98.41
2017-01-20,41.1,41.6,1.23,98.77
2017-01-23,41.9,41.88,0.06,99.94
2017-01-24,42.16,41.81,0.81,99.19
2017-01-25,42.6,41.88,1.7,98.3
2017-01-26,42.53,41.5,2.43,97.57
2017-01-27,41.93,42.34,0.98,99.02
2017-01-30,40.88,40.98,0.25,99.75
2017-01-31,40.7,40.89,0.45,99.55
2017-02-01,40.46,40.52,0.16,99.84
2017-02-02,40.61,40.63,0.06,99.94
2017-02-03,40.7,40.63,0.17,99.83
2017-02-06,40.77,40.89,0.28,99.72
2017-02-07,41.15,41.04,0.27,99.73
2017-02-08,41.18,41.1,0.19,99.81
2017-02-09,41.19,41.04,0.37,99.63
2017-02-10,41.43,40.63,1.93,98.07
2017-02-13,41.63,40.63,2.41,97.59
2017-02-14,41.69,40.45,2.95,97.05
2017-02-15,41.55,40.45,2.64,97.36
2017-02-16,41.79,41.77,0.06,99.94
2017-02-17,42.01,42.52,1.22,98.78
2017-02-21,42.15,42.56,0.99,99.01
2017-02-22,42.25,42.65,0.94,99.06
2017-02-23,42.23,42.65,0.98,99.02
2017-02-24,42.07,42.48,0.96,99.04
2017-02-27,42.16,42.48,0.74,99.26
2017-02-28,41.93,42.39,1.09,98.91
2017-03-01,42.52,42.55,0.08,99.92
2017-03-02,42.17,42.39,0.5,99.5
2017-03-03,42.14,42.31,0.41,99.59
2017-03-06,42.05,42.17,0.29,99.71
2017-03-07,42.24,42.2,0.1,99.9
2017-03-08,42.36,42.34,0.04,99.96
2017-03-09,42.57,42.34,0.53,99.47
2017-03-10,42.75,42.34,0.94,99.06
2017-03-13,42.9,42.34,1.31,98.69
2017-03-14,42.97,42.34,1.46,98.54
2017-03-15,43.09,42.39,1.64,98.36
2017-03-16,43.17,42.39,1.82,98.18
2017-03-17,43.29,44.42,2.62,97.38
2017-03-20,43.07,44.6,3.54,96.46
2017-03-21,42.19,43.58,3.3,96.7
2017-03-22,42.17,43.98,4.29,95.71
2017-03-23,41.67,43.47,4.32,95.68
2017-03-24,41.44,41.77,0.78,99.22
2017-03-27,41.61,42.67,2.55,97.45
2017-03-28,41.72,42.63,2.19,97.81
2017-03-29,42.17,41.41,1.81,98.19
2017-03-30,42.16,41.28,2.08,97.92
2017-03-31,42.07,41.24,1.98,98.02
2017-04-03,42.52,42.81,0.68,99.32
2017-04-04,42.31,42.63,0.76,99.24
2017-04-05,42.13,42.52,0.93,99.07
2017-04-06,41.94,41.01,2.21,97.79
2017-04-07,41.79,41.01,1.86,98.14
2017-04-10,41.77,41.41,0.85,99.15
2017-04-11,41.68,41.3,0.9,99.1
2017-04-12,41.76,41.89,0.31,99.69
2017-04-13,41.69,41.89,0.48,99.52
2017-04-17,42.44,42.34,0.22,99.78
2017-04-18,42.38,42.29,0.22,99.78
2017-04-19,42.5,42.08,0.99,99.01
2017-04-20,42.68,42.2,1.14,98.86
2017-04-21,42.63,42.2,1.01,98.99
2017-04-24,43.62,42.39,2.82,97.18
2017-04-25,44.11,45.59,3.37,96.63
2017-04-26,44.12,46.08,4.42,95.58
2017-04-27,44.24,46.17,4.37,95.63
2017-04-28,45.88,46.2,0.71,99.29
2017-05-01,46.29,46.2,0.19,99.81
2017-05-02,46.5,46.25,0.54,99.46
2017-05-03,47.07,46.25,1.73,98.27
2017-05-04,47.38,47.28,0.21,99.79
2017-05-05,47.16,47.28,0.26,99.74
2017-05-08,47.58,47.4,0.36,99.64
2017-05-09,47.48,47.36,0.25,99.75
2017-05-10,47.38,47.36,0.06,99.94
2017-05-11,47.44,47.78,0.73,99.27
2017-05-12,47.4,48.15,1.59,98.41
2017-05-15,47.6,48.15,1.16,98.84
2017-05-16,47.87,48.39,1.09,98.91
2017-05-17,46.76,47.88,2.41,97.59
2017-05-18,47.17,47.97,1.69,98.31
2017-05-19,47.37,47.91,1.13,98.87
2017-05-22,47.84,48.04,0.42,99.58
2017-05-23,48.16,47.98,0.37,99.63
2017-05-24,48.51,48.01,1.04,98.96
2017-05-25,49.22,48.36,1.75,98.25
2017-05-26,49.29,48.45,1.71,98.29
2017-05-30,49.43,48.49,1.92,98.08
2017-05-31,48.98,48.88,0.22,99.78
2017-06-01,49.04,48.88,0.34,99.66
2017-06-02,49.43,48.88,1.12,98.88
2017-06-05,49.82,48.88,1.89,98.11
2017-06-06,49.46,49.0,0.94,99.06
2017-06-07,49.7,49.18,1.04,98.96
2017-06-08,49.84,49.14,1.4,98.6
2017-06-09,48.14,48.65,1.06,98.94
2017-06-12,47.73,48.08,0.73,99.27
2017-06-13,48.16,48.16,0.0,100.0
2017-06-14,48.03,48.02,0.03,99.97
2017-06-15,47.65,47.2,0.94,99.06
2017-06-16,47.57,47.14,0.91,99.09
2017-06-19,48.4,47.86,1.1,98.9
2017-06-20,48.09,48.0,0.17,99.83
2017-06-21,48.56,48.29,0.55,99.45
2017-06-22,48.46,47.95,1.05,98.95
2017-06-23,48.93,48.06,1.78,98.22
2017-06-26,48.24,47.84,0.83,99.17
2017-06-27,47.05,47.14,0.19,99.81
2017-06-28,47.69,47.36,0.69,99.31
2017-06-29,46.54,47.36,1.76,98.24
2017-06-30,46.14,47.36,2.65,97.35
2017-07-03,45.63,46.7,2.36,97.64
2017-07-05,46.26,46.93,1.44,98.56
2017-07-06,46.04,46.93,1.94,98.06
2017-07-07,46.69,47.09,0.85,99.15
2017-07-10,47.19,46.96,0.49,99.51
2017-07-11,47.32,47.19,0.27,99.73
2017-07-12,48.02,47.25,1.6,98.4
2017-07-13,48.08,47.25,1.72,98.28
2017-07-14,48.48,47.25,2.53,97.47
2017-07-17,48.43,47.34,2.25,97.75
2017-07-18,48.98,48.84,0.29,99.71
2017-07-19,49.27,48.59,1.37,98.63
2017-07-20,49.24,48.77,0.96,99.04
2017-07-21,49.32,48.79,1.07,98.93
2017-07-24,49.54,49.05,0.99,99.01
2017-07-25,48.09,48.85,1.59,98.41
2017-07-26,47.9,48.85,1.98,98.02
2017-07-27,47.27,48.14,1.85,98.15
2017-07-28,47.56,47.91,0.74,99.26
2017-07-31,46.92,47.92,2.12,97.88
2017-08-01,46.97,47.36,0.82,99.18
2017-08-02,47.03,47.36,0.71,99.29
2017-08-03,46.66,47.15,1.04,98.96
2017-08-04,46.93,46.82,0.24,99.76
2017-08-07,46.93,46.01,1.97,98.03
2017-08-08,46.86,45.97,1.88,98.12
2017-08-09,46.65,46.01,1.38,98.62
2017-08-10,45.83,46.05,0.47,99.53
2017-08-11,46.16,45.86,0.63,99.37
2017-08-14,46.59,46.21,0.82,99.18
2017-08-15,46.55,46.3,0.55,99.45
2017-08-16,46.86,46.76,0.21,99.79
2017-08-17,46.04,46.14,0.24,99.76
2017-08-18,45.96,46.37,0.89,99.11
2017-08-21,45.7,46.39,1.51,98.49
2017-08-22,46.67,46.83,0.35,99.65
2017-08-23,46.78,46.52,0.55,99.45
2017-08-24,46.49,46.33,0.35,99.65
2017-08-25,46.18,45.26,1.98,98.02
2017-08-28,46.06,45.58,1.05,98.95
2017-08-29,46.44,46.04,0.85,99.15
2017-08-30,46.83,46.12,1.51,98.49
2017-08-31,47.4,46.7,1.48,98.52
2017-09-01,47.24,46.42,1.74,98.26
2017-09-05,46.72,46.1,1.32,98.68
2017-09-06,46.75,46.04,1.51,98.49
2017-09-07,47.14,47.73,1.26,98.74
2017-09-08,46.72,47.5,1.67,98.33
2017-09-11,46.81,47.68,1.86,98.14
2017-09-12,46.98,46.95,0.07,99.93
2017-09-13,47.17,47.07,0.2,99.8
2017-09-14,46.65,46.95,0.62,99.38
2017-09-15,46.41,46.95,1.15,98.85
2017-09-18,46.14,46.95,1.75,98.25
2017-09-19,46.49,46.18,0.68,99.32
2017-09-20,47.02,47.02,0.0,100.0
2017-09-21,47.02,46.8,0.47,99.53
2017-09-22,46.81,46.7,0.24,99.76
2017-09-25,46.36,46.8,0.95,99.05
2017-09-26,46.52,46.83,0.66,99.34
2017-09-27,47.64,47.15,1.02,98.98
2017-09-28,47.88,47.81,0.15,99.85
2017-09-29,48.32,47.86,0.95,99.05
2017-10-02,48.01,47.78,0.49,99.51
2017-10-03,48.24,48.14,0.21,99.79
2017-10-04,47.98,48.32,0.71,99.29
2017-10-05,48.89,48.48,0.84,99.16
2017-10-06,49.31,49.02,0.6,99.4
2017-10-09,49.24,48.99,0.52,99.48
2017-10-10,49.02,48.88,0.29,99.71
2017-10-11,49.91,48.77,2.29,97.71
2017-10-12,49.91,49.18,1.46,98.54
2017-10-13,50.02,49.17,1.68,98.32
2017-10-16,50.09,50.86,1.53,98.47
2017-10-17,50.17,50.82,1.3,98.7
2017-10-18,50.26,50.82,1.12,98.88
2017-10-19,49.72,50.72,2.01,97.99
2017-10-20,49.88,50.82,1.88,98.12
2017-10-23,48.91,50.33,2.91,97.09
2017-10-24,49.05,50.74,3.44,96.56
2017-10-25,49.2,50.13,1.88,98.12
2017-10-26,49.2,50.03,1.7,98.3
2017-10-27,51.3,50.99,0.59,99.41
2017-10-30,51.27,51.0,0.53,99.47
2017-10-31,51.26,50.95,0.61,99.39
2017-11-01,51.74,52.29,1.06,98.94
2017-11-02,51.76,52.29,1.02,98.98
2017-11-03,52.11,50.99,2.13,97.87
2017-11-06,51.74,52.24,0.97,99.03
2017-11-07,52.22,52.29,0.12,99.88
2017-11-08,52.52,52.39,0.24,99.76
2017-11-09,51.99,52.29,0.56,99.44
2017-11-10,51.82,52.39,1.11,98.89
2017-11-13,51.67,52.39,1.4,98.6
2017-11-14,51.69,52.39,1.36,98.64
2017-11-15,51.43,52.29,1.66,98.34
2017-11-16,52.03,52.03,0.0,100.0
2017-11-17,51.41,51.42,0.02,99.98
2017-11-20,51.35,51.42,0.14,99.86
2017-11-21,52.12,51.42,1.35,98.65
2017-11-22,52.2,51.43,1.49,98.51
2017-11-24,52.43,51.87,1.07,98.93
2017-11-27,53.2,52.93,0.5,99.5
2017-11-28,52.77,52.43,0.63,99.37
2017-11-29,51.48,51.23,0.48,99.52
2017-11-30,51.42,51.38,0.08,99.92
2017-12-01,50.87,51.23,0.72,99.28
2017-12-04,50.21,51.0,1.57,98.43
2017-12-05,50.6,51.12,1.03,98.97
2017-12-06,51.25,51.57,0.62,99.38
2017-12-07,51.84,51.23,1.18,98.82
2017-12-08,52.08,51.65,0.81,99.19
2017-12-11,52.2,52.24,0.06,99.94
2017-12-12,52.05,51.61,0.84,99.16
2017-12-13,52.18,51.69,0.94,99.06
2017-12-14,52.48,52.08,0.75,99.25
2017-12-15,53.2,52.07,2.11,97.89
2017-12-18,53.85,53.2,1.2,98.8
2017-12-19,53.58,53.46,0.23,99.77
2017-12-20,53.28,53.45,0.32,99.68
2017-12-21,53.14,53.45,0.58,99.42
2017-12-22,53.04,53.79,1.42,98.58
2017-12-26,52.89,53.8,1.71,98.29
2017-12-27,52.61,53.65,1.97,98.03
2017-12-28,52.4,53.24,1.59,98.41
2017-12-29,52.28,52.66,0.73,99.27
2018-01-02,53.26,53.43,0.33,99.67
2018-01-03,54.17,54.04,0.24,99.76
2018-01-04,54.38,54.35,0.05,99.95
2018-01-05,55.1,54.5,1.09,98.91
2018-01-08,55.29,54.35,1.71,98.29
2018-01-09,55.22,54.85,0.67,99.33
2018-01-10,55.09,55.57,0.88,99.12
2018-01-11,55.19,55.66,0.87,99.13
2018-01-12,56.11,55.98,0.23,99.77
2018-01-16,56.11,55.98,0.24,99.76
2018-01-17,56.53,56.27,0.45,99.55
2018-01-18,56.37,56.47,0.18,99.82
2018-01-19,56.75,57.13,0.67,99.33
2018-01-22,57.77,57.02,1.29,98.71
2018-01-23,58.37,57.58,1.36,98.64
2018-01-24,58.13,58.17,0.09,99.91
2018-01-25,58.66,58.64,0.04,99.96
2018-01-26,58.93,58.83,0.18,99.82
2018-01-29,58.88,59.01,0.22,99.78
2018-01-30,58.43,58.88,0.77,99.23
2018-01-31,58.67,59.9,2.1,97.9
2018-02-01,58.64,59.85,2.06,97.94
2018-02-02,55.54,56.74,2.17,97.83
2018-02-05,52.72,54.25,2.9,97.1
2018-02-06,53.81,54.47,1.21,98.79
2018-02-07,52.37,53.8,2.72,97.28
2018-02-08,50.01,52.12,4.23,95.77
2018-02-09,51.92,52.82,1.74,98.26
2018-02-12,52.33,52.45,0.22,99.78
2018-02-13,52.31,52.58,0.52,99.48
2018-02-14,53.23,52.39,1.58,98.42
2018-02-15,54.16,52.62,2.84,97.16
2018-02-16,54.36,52.88,2.73,97.27
2018-02-20,54.77,53.33,2.62,97.38
2018-02-21,55.27,53.33,3.51,96.49
2018-02-22,55.08,53.33,3.18,96.82
2018-02-23,55.98,53.99,3.55,96.45
2018-02-26,56.76,55.92,1.48,98.52
2018-02-27,55.46,55.4,0.09,99.91
2018-02-28,54.78,55.17,0.72,99.28
2018-03-01,53.17,55.13,3.69,96.31
2018-03-02,53.8,54.85,1.95,98.05
2018-03-05,54.33,54.85,0.96,99.04
2018-03-06,54.63,55.12,0.89,99.11
2018-03-07,55.33,54.85,0.88,99.12
2018-03-08,56.05,55.5,0.97,99.03
2018-03-09,57.61,56.5,1.92,98.08
2018-03-12,57.86,57.05,1.4,98.6
2018-03-13,56.57,56.16,0.73,99.27
2018-03-14,57.01,56.73,0.5,99.5
2018-03-15,57.1,55.88,2.14,97.86
2018-03-16,56.3,55.44,1.51,98.49
2018-03-19,54.59,55.38,1.45,98.55
2018-03-20,54.38,55.67,2.38,97.62
2018-03-21,54.29,56.16,3.44,96.56
2018-03-22,52.26,54.35,3.99,96.01
2018-03-23,50.94,52.85,3.74,96.26
2018-03-26,52.31,53.92,3.07,96.93
2018-03-27,49.97,51.82,3.7,96.3
2018-03-28,49.88,51.29,2.82,97.18
2018-03-29,51.47,51.04,0.84,99.16
2018-04-02,50.25,50.54,0.57,99.43
2018-04-03,50.55,50.96,0.82,99.18
2018-04-04,51.1,50.33,1.51,98.49
2018-04-05,51.24,50.33,1.79,98.21
2018-04-06,50.12,49.83,0.58,99.42
2018-04-09,50.62,50.54,0.16,99.84
2018-04-10,51.44,51.1,0.66,99.34
2018-04-11,50.87,50.31,1.1,98.9
2018-04-12,51.48,50.7,1.51,98.49
2018-04-13,51.41,52.08,1.3,98.7
2018-04-16,51.91,51.55,0.69,99.31
2018-04-17,53.56,53.16,0.75,99.25
2018-04-18,53.37,53.16,0.38,99.62
2018-04-19,54.06,53.12,1.74,98.26
2018-04-20,53.46,53.36,0.18,99.82
2018-04-23,53.29,53.36,0.14,99.86
2018-04-24,50.75,51.95,2.37,97.63
2018-04-25,50.77,51.95,2.33,97.67
2018-04-26,51.77,52.86,2.1,97.9
2018-04-27,51.19,52.2,1.98,98.02
2018-04-30,50.55,51.44,1.76,98.24
2018-05-01,51.65,52.08,0.84,99.16
2018-05-02,50.92,51.89,1.91,98.09
2018-05-03,50.93,51.23,0.58,99.42
2018-05-04,52.16,52.08,0.14,99.86
2018-05-07,52.58,51.83,1.41,98.59
2018-05-08,52.53,51.83,1.33,98.67
2018-05-09,54.04,52.47,2.91,97.09
2018-05-10,54.86,53.11,3.18,96.82
2018-05-11,54.76,53.32,2.63,97.37
2018-05-14,54.92,53.8,2.03,97.97
2018-05-15,53.84,53.65,0.35,99.65
2018-05-16,53.8,53.58,0.4,99.6
2018-05-17,53.66,53.61,0.09,99.91
2018-05-18,53.08,53.61,1.0,99.0
2018-05-21,53.79,53.61,0.35,99.65
2018-05-22,53.36,53.65,0.54,99.46
2018-05-23,53.89,54.33,0.81,99.19
2018-05-24,53.87,54.26,0.73,99.27
2018-05-25,53.8,54.11,0.58,99.42
2018-05-29,53.0,53.52,0.97,99.03
2018-05-30,53.47,53.57,0.19,99.81
2018-05-31,54.59,54.44,0.28,99.72
2018-06-01,56.32,54.87,2.59,97.41
2018-06-04,57.22,55.79,2.49,97.51
2018-06-05,57.12,56.31,1.41,98.59
2018-06-06,56.92,56.19,1.28,98.72
2018-06-07,56.3,56.42,0.21,99.79
2018-06-08,56.21,56.45,0.43,99.57
2018-06-11,56.62,56.54,0.14,99.86
2018-06-12,56.98,56.78,0.34,99.66
2018-06-13,56.78,57.09,0.54,99.46
2018-06-14,57.57,57.34,0.41,99.59
2018-06-15,57.53,57.69,0.28,99.72
2018-06-18,58.74,58.07,1.13,98.87
2018-06-19,58.49,58.11,0.66,99.34
2018-06-20,58.76,58.77,0.02,99.98
2018-06-21,58.03,58.49,0.79,99.21
2018-06-22,58.03,58.15,0.21,99.79
2018-06-25,56.54,56.36,0.31,99.69
2018-06-26,56.21,56.3,0.17,99.83
2018-06-27,55.43,56.13,1.26,98.74
2018-06-28,55.92,56.36,0.79,99.21
2018-06-29,56.04,56.3,0.47,99.53
2018-07-02,56.68,56.36,0.56,99.44
2018-07-03,55.4,55.74,0.63,99.37
2018-07-05,56.64,56.3,0.6,99.4
2018-07-06,57.32,56.63,1.2,98.8
2018-07-09,57.93,56.3,2.81,97.19
2018-07-10,57.92,56.36,2.7,97.3
2018-07-11,58.13,56.94,2.05,97.95
2018-07-12,59.61,58.66,1.59,98.41
2018-07-13,59.77,58.68,1.82,98.18
2018-07-16,59.38,59.42,0.07,99.93
2018-07-17,60.2,59.79,0.68,99.32
2018-07-18,60.19,60.18,0.02,99.98
2018-07-19,59.51,60.02,0.87,99.13
2018-07-20,59.44,60.37,1.56,98.44
2018-07-23,60.1,60.84,1.24,98.76
2018-07-24,62.44,62.31,0.2,99.8
2018-07-25,63.32,61.98,2.12,97.88
2018-07-26,63.79,61.91,2.95,97.05
2018-07-27,62.17,61.95,0.37,99.63
2018-07-30,61.04,61.68,1.04,98.96
2018-07-31,60.9,62.46,2.56,97.44
2018-08-01,61.19,61.94,1.23,98.77
2018-08-02,61.59,61.96,0.6,99.4
2018-08-03,61.44,61.96,0.84,99.16
2018-08-06,61.42,61.42,0.0,100.0
2018-08-07,62.32,62.69,0.6,99.4
2018-08-08,62.59,63.0,0.65,99.35
2018-08-09,62.75,63.0,0.4,99.6
2018-08-10,62.16,62.64,0.77,99.23
2018-08-13,61.96,61.0,1.55,98.45
2018-08-14,62.44,60.86,2.53,97.47
2018-08-15,61.15,59.39,2.88,97.12
2018-08-16,60.74,59.89,1.41,98.59
2018-08-17,60.34,60.86,0.86,99.14
2018-08-20,60.64,61.0,0.6,99.4
2018-08-21,60.41,60.55,0.22,99.78
2018-08-22,60.63,60.08,0.91,99.09
2018-08-23,60.6,60.08,0.86,99.14
2018-08-24,61.37,60.44,1.52,98.48
2018-08-27,62.34,60.95,2.23,97.77
2018-08-28,61.83,60.07,2.83,97.17
2018-08-29,62.76,60.95,2.88,97.12
2018-08-30,62.25,61.73,0.83,99.17
2018-08-31,61.13,60.97,0.26,99.74
2018-09-04,60.11,59.28,1.38,98.62
2018-09-05,59.51,59.89,0.64,99.36
2018-09-06,58.76,59.44,1.17,98.83
2018-09-07,58.44,59.0,0.96,99.04
2018-09-10,58.31,58.52,0.35,99.65
2018-09-11,59.05,59.31,0.44,99.56
2018-09-12,58.14,57.65,0.84,99.16
2018-09-13,58.66,58.26,0.69,99.31
2018-09-14,58.46,57.75,1.2,98.8
2018-09-17,57.56,56.33,2.13,97.87
2018-09-18,57.92,57.35,0.98,99.02
2018-09-19,58.27,56.33,3.33,96.67
2018-09-20,59.13,57.37,2.98,97.02
2018-09-21,58.17,57.14,1.77,98.23
2018-09-24,58.54,57.72,1.39,98.61
2018-09-25,59.25,58.41,1.4,98.6
2018-09-26,59.26,58.72,0.9,99.1
2018-09-27,59.92,59.78,0.23,99.77
2018-09-28,59.9,59.78,0.21,99.79
2018-10-01,59.97,59.89,0.14,99.86
2018-10-02,59.93,60.61,1.13,98.87
2018-10-03,60.12,60.61,0.81,99.19
2018-10-04,58.41,58.79,0.65,99.35
2018-10-05,57.95,59.13,2.03,97.97
2018-10-08,57.36,58.51,2.01,97.99
2018-10-09,56.83,57.75,1.62,98.38
2018-10-10,54.2,55.26,1.95,98.05
2018-10-11,54.13,55.24,2.05,97.95
2018-10-12,55.61,56.66,1.89,98.11
2018-10-15,54.71,54.39,0.59,99.41
2018-10-16,56.23,55.69,0.96,99.04
2018-10-17,55.96,55.01,1.69,98.31
2018-10-18,54.48,53.66,1.52,98.48
2018-10-19,54.84,53.86,1.79,98.21
2018-10-22,55.15,53.91,2.24,97.76
2018-10-23,55.33,53.46,3.37,96.63
2018-10-24,52.46,52.85,0.74,99.26
2018-10-25,54.77,54.86,0.18,99.82
2018-10-26,53.78,54.78,1.86,98.14
2018-10-29,51.35,52.95,3.12,96.88
2018-10-30,52.08,54.08,3.84,96.16
2018-10-31,54.12,54.82,1.3,98.7
2018-11-01,53.89,54.15,0.48,99.52
2018-11-02,53.17,54.18,1.89,98.11
2018-11-05,52.39,53.0,1.16,98.84
2018-11-06,53.08,53.45,0.69,99.31
2018-11-07,55.0,54.15,1.54,98.46
2018-11-08,54.32,53.9,0.78,99.22
2018-11-09,53.45,53.33,0.22,99.78
2018-11-12,52.07,52.84,1.48,98.52
2018-11-13,52.01,53.39,2.65,97.35
2018-11-14,52.33,52.53,0.38,99.62
2018-11-15,53.15,53.07,0.14,99.86
2018-11-16,53.01,53.9,1.68,98.32
2018-11-19,50.99,52.35,2.68,97.32
2018-11-20,51.14,51.48,0.68,99.32
2018-11-21,51.78,51.85,0.13,99.87
2018-11-23,51.12,51.85,1.42,98.58
2018-11-26,52.4,52.74,0.64,99.36
2018-11-27,52.22,52.49,0.51,99.49
2018-11-28,54.18,52.55,3.01,96.99
2018-11-29,54.32,52.73,2.93,97.07
2018-11-30,55.07,53.35,3.11,96.89
2018-12-03,55.4,53.65,3.16,96.84
2018-12-04,52.73,52.66,0.13,99.87
2018-12-06,53.5,52.67,1.56,98.44
2018-12-07,51.94,52.35,0.8,99.2
2018-12-10,52.26,52.41,0.28,99.72
2018-12-11,52.68,53.24,1.05,98.95
2018-12-12,53.28,53.43,0.28,99.72
2018-12-13,53.27,53.24,0.07,99.93
2018-12-14,52.19,52.67,0.91,99.09
2018-12-17,50.9,52.07,2.31,97.69
2018-12-18,51.78,52.41,1.22,98.78
2018-12-19,51.38,51.48,0.19,99.81
2018-12-20,50.8,51.05,0.51,99.49
2018-12-21,49.19,49.99,1.62,98.38
2018-12-24,48.86,49.59,1.49,98.51
2018-12-26,52.0,51.89,0.21,99.79
2018-12-27,52.25,51.83,0.8,99.2
2018-12-28,51.94,52.07,0.25,99.75
2018-12-31,51.86,51.89,0.07,99.93
2019-01-02,52.34,51.89,0.85,99.15
2019-01-03,50.89,51.33,0.86,99.14
2019-01-04,53.5,52.08,2.65,97.35
2019-01-07,53.39,52.54,1.59,98.41
2019-01-08,53.86,53.39,0.88,99.12
2019-01-09,53.68,53.17,0.95,99.05
2019-01-10,53.54,53.45,0.17,99.83
2019-01-11,52.82,53.39,1.07,98.93
2019-01-14,52.18,53.61,2.73,97.27
2019-01-15,53.92,53.65,0.5,99.5
2019-01-16,54.07,53.43,1.18,98.82
2019-01-17,54.54,53.58,1.76,98.24
2019-01-18,54.95,53.61,2.44,97.56
2019-01-22,53.53,53.35,0.32,99.68
2019-01-23,53.81,53.24,1.07,98.93
2019-01-24,53.79,53.99,0.37,99.63
2019-01-25,54.66,54.46,0.37,99.63
2019-01-28,53.59,53.83,0.45,99.55
2019-01-29,53.1,53.57,0.88,99.12
2019-01-30,54.49,54.64,0.29,99.71
2019-01-31,55.87,55.62,0.46,99.54
2019-02-01,55.51,55.77,0.46,99.54
2019-02-04,56.64,55.84,1.43,98.57
2019-02-05,57.16,56.13,1.81,98.19
2019-02-06,55.72,55.41,0.57,99.43
2019-02-07,54.88,54.83,0.1,99.9
2019-02-08,54.71,54.73,0.04,99.96
2019-02-11,54.69,55.34,1.19,98.81
2019-02-12,55.96,55.87,0.15,99.85
2019-02-13,56.01,56.13,0.22,99.78
2019-02-14,56.04,55.67,0.65,99.35
2019-02-15,55.56,56.22,1.18,98.82
2019-02-19,55.9,56.5,1.06,98.94
2019-02-20,55.61,55.76,0.26,99.74
2019-02-21,54.8,54.35,0.82,99.18
2019-02-22,55.41,54.94,0.85,99.15
2019-02-25,55.45,54.35,1.99,98.01
2019-02-26,55.68,54.23,2.61,97.39
2019-02-27,55.72,55.08,1.15,98.85
2019-02-28,55.91,56.22,0.56,99.44
2019-03-01,57.0,57.09,0.17,99.83
2019-03-04,57.24,57.15,0.16,99.84
2019-03-05,58.02,57.09,1.6,98.4
2019-03-06,57.81,57.09,1.25,98.75
2019-03-07,57.11,56.77,0.6,99.4
2019-03-08,57.07,57.4,0.58,99.42
2019-03-11,58.52,58.11,0.7,99.3
2019-03-12,59.41,58.88,0.9,99.1
2019-03-13,59.5,59.43,0.13,99.87
2019-03-14,59.18,59.46,0.47,99.53
2019-03-15,59.07,59.5,0.72,99.28
2019-03-18,58.98,59.81,1.4,98.6
2019-03-19,59.67,60.18,0.85,99.15
2019-03-20,60.86,60.71,0.25,99.75
2019-03-21,61.34,60.7,1.05,98.95
2019-03-22,59.93,60.75,1.37,98.63
2019-03-25,59.42,60.28,1.44,98.56
2019-03-26,59.05,59.91,1.46,98.54
2019-03-27,58.46,60.29,3.13,96.87
2019-03-28,58.17,59.92,3.0,97.0
2019-03-29,58.4,58.83,0.73,99.27
2019-04-01,59.5,59.17,0.56,99.44
2019-04-02,59.82,59.17,1.1,98.9
2019-04-03,60.09,59.86,0.38,99.62
2019-04-04,60.52,60.31,0.34,99.66
2019-04-05,60.12,60.77,1.09,98.91
2019-04-08,59.96,60.2,0.4,99.6
2019-04-09,59.68,58.71,1.63,98.37
2019-04-10,59.87,58.52,2.25,97.75
2019-04-11,60.03,60.2,0.29,99.71
2019-04-12,60.68,61.4,1.19,98.81
2019-04-15,60.87,61.47,0.99,99.01
2019-04-16,61.13,62.03,1.47,98.53
2019-04-17,61.54,62.09,0.89,99.11
2019-04-18,61.61,62.34,1.19,98.81
2019-04-22,62.22,62.31,0.14,99.86
2019-04-23,63.05,62.18,1.38,98.62
2019-04-24,62.53,62.38,0.24,99.76
2019-04-25,62.89,63.16,0.43,99.57
2019-04-26,63.39,63.18,0.33,99.67
2019-04-29,64.32,63.34,1.53,98.47
2019-04-30,59.5,60.96,2.46,97.54
2019-05-01,58.23,59.78,2.67,97.33
2019-05-02,57.89,58.82,1.61,98.39
2019-05-03,59.03,59.48,0.75,99.25
2019-05-06,59.23,59.0,0.37,99.63
2019-05-07,58.5,58.35,0.26,99.74
2019-05-08,58.1,57.74,0.61,99.39
2019-05-09,57.96,57.31,1.12,98.88
2019-05-10,57.94,57.67,0.47,99.53
2019-05-13,56.4,56.33,0.13,99.87
2019-05-14,55.82,56.33,0.92,99.08
2019-05-15,58.1,57.22,1.51,98.49
2019-05-16,58.78,57.13,2.81,97.19
2019-05-17,58.0,56.44,2.69,97.31
2019-05-20,56.8,56.89,0.16,99.84
2019-05-21,57.29,58.0,1.24,98.76
2019-05-22,57.36,57.56,0.35,99.65
2019-05-23,56.84,56.97,0.23,99.77
2019-05-24,56.5,56.25,0.45,99.55
2019-05-28,56.55,56.53,0.03,99.97
2019-05-29,55.58,55.99,0.75,99.25
2019-05-30,55.65,55.75,0.18,99.82
2019-05-31,54.91,55.43,0.94,99.06
2019-06-03,51.55,53.53,3.84,96.16
2019-06-04,52.33,54.24,3.65,96.35
2019-06-05,51.84,52.33,0.95,99.05
2019-06-06,52.0,52.4,0.77,99.23
2019-06-07,53.02,51.92,2.07,97.93
2019-06-10,53.73,52.88,1.59,98.41
2019-06-11,53.65,52.31,2.5,97.5
2019-06-12,53.55,52.31,2.32,97.68
2019-06-13,54.14,52.99,2.13,97.87
2019-06-14,53.91,52.73,2.19,97.81
2019-06-17,54.28,53.17,2.05,97.95
2019-06-18,54.85,53.68,2.12,97.88
2019-06-19,54.81,53.68,2.06,97.94
2019-06-20,55.24,54.57,1.22,98.78
2019-06-21,55.85,56.28,0.77,99.23
2019-06-24,55.42,56.38,1.74,98.26
2019-06-25,53.97,55.99,3.74,96.26
2019-06-26,53.61,55.42,3.38,96.62
2019-06-27,53.43,54.44,1.9,98.1
2019-06-28,53.73,54.43,1.3,98.7
2019-07-01,54.59,55.28,1.27,98.73
2019-07-02,55.21,55.95,1.34,98.66
2019-07-03,55.73,55.68,0.08,99.92
2019-07-05,56.21,56.32,0.19,99.81
2019-07-08,55.42,55.54,0.22,99.78
2019-07-09,55.79,55.54,0.44,99.56
2019-07-10,56.62,56.09,0.92,99.08
2019-07-11,56.78,56.22,0.98,99.02
2019-07-12,56.84,56.31,0.93,99.07
2019-07-15,57.09,56.9,0.34,99.66
2019-07-16,57.24,57.37,0.22,99.78
2019-07-17,56.91,57.37,0.81,99.19
2019-07-18,56.93,57.68,1.32,98.68
2019-07-19,56.15,57.44,2.3,97.7
2019-07-22,56.53,57.44,1.61,98.39
2019-07-23,56.97,57.41,0.76,99.24
2019-07-24,56.56,56.59,0.05,99.95
2019-07-25,56.37,55.87,0.89,99.11
2019-07-26,61.79,58.92,4.65,95.35
2019-07-29,61.63,59.56,3.35,96.65
2019-07-30,60.94,59.6,2.2,97.8
2019-07-31,60.45,59.8,1.09,98.91
2019-08-01,60.13,60.32,0.3,99.7
2019-08-02,59.37,59.92,0.94,99.06
2019-08-05,57.3,58.26,1.66,98.34
2019-08-06,58.11,58.23,0.19,99.81
2019-08-07,58.35,58.89,0.92,99.08
2019-08-08,59.86,60.43,0.95,99.05
2019-08-09,59.0,59.9,1.53,98.47
2019-08-12,58.28,58.75,0.79,99.21
2019-08-13,59.39,60.0,1.04,98.96
2019-08-14,57.78,58.83,1.82,98.18
2019-08-15,58.03,57.45,0.99,99.01
2019-08-16,58.52,57.37,1.96,98.04
2019-08-19,59.57,58.36,2.03,97.97
2019-08-20,58.73,58.5,0.4,99.6
2019-08-21,59.13,58.83,0.51,99.49
2019-08-22,59.13,58.96,0.29,99.71
2019-08-23,57.25,58.36,1.94,98.06
2019-08-26,58.12,58.5,0.66,99.34
2019-08-27,58.1,58.37,0.47,99.53
2019-08-28,58.25,57.66,1.0,99.0
2019-08-29,59.26,58.66,1.02,98.98
2019-08-30,59.08,59.13,0.09,99.91
2019-09-03,58.04,58.09,0.08,99.92
2019-09-04,58.67,59.24,0.98,99.02
2019-09-05,60.15,60.27,0.2,99.8
2019-09-06,59.86,59.89,0.04,99.96
2019-09-09,59.81,59.13,1.14,98.86
2019-09-10,59.83,59.89,0.09,99.91
2019-09-11,60.54,60.29,0.42,99.58
2019-09-12,61.29,60.69,0.97,99.03
2019-09-13,61.54,61.18,0.57,99.43
2019-09-16,61.12,60.83,0.47,99.53
2019-09-17,61.03,61.42,0.63,99.37
2019-09-18,61.17,61.42,0.4,99.6
2019-09-19,61.47,61.45,0.03,99.97
2019-09-20,61.03,61.41,0.63,99.37
2019-09-23,61.27,61.84,0.92,99.08
2019-09-24,60.46,61.3,1.39,98.61
2019-09-25,61.83,62.3,0.76,99.24
2019-09-26,61.65,62.24,0.96,99.04
2019-09-27,60.84,61.79,1.57,98.43
2019-09-30,60.6,61.46,1.42,98.58
2019-10-01,59.85,60.19,0.57,99.43
2019-10-02,58.45,58.63,0.3,99.7
2019-10-03,59.03,58.92,0.19,99.81
2019-10-04,60.09,60.07,0.03,99.97
2019-10-07,59.96,60.07,0.19,99.81
2019-10-08,59.06,59.26,0.34,99.66
2019-10-09,59.67,59.42,0.42,99.58
2019-10-10,60.02,59.83,0.31,99.69
2019-10-11,60.33,59.83,0.82,99.18
2019-10-14,60.43,60.39,0.07,99.93
2019-10-15,61.65,60.14,2.44,97.56
2019-10-16,61.68,60.52,1.89,98.11
2019-10-17,62.17,61.83,0.54,99.46
2019-10-18,61.75,61.52,0.38,99.62
2019-10-21,61.75,62.24,0.8,99.2
2019-10-22,61.59,62.33,1.19,98.81
2019-10-23,62.41,63.11,1.12,98.88
2019-10-24,62.48,62.96,0.76,99.24
2019-10-25,62.74,63.11,0.58,99.42
2019-10-28,63.97,64.34,0.59,99.41
2019-10-29,62.56,63.01,0.73,99.27
2019-10-30,62.56,63.0,0.7,99.3
2019-10-31,62.47,63.0,0.85,99.15
2019-11-01,63.14,64.76,2.58,97.42
2019-11-04,64.0,64.76,1.2,98.8
2019-11-05,64.09,64.76,1.06,98.94
2019-11-06,64.07,64.79,1.12,98.88
2019-11-07,64.86,65.34,0.74,99.26
2019-11-08,64.96,65.34,0.59,99.41
2019-11-11,64.43,65.19,1.18,98.82
2019-11-12,64.37,65.26,1.37,98.63
2019-11-13,64.32,65.25,1.45,98.55
2019-11-14,64.97,65.23,0.41,99.59
2019-11-15,66.18,65.61,0.85,99.15
2019-11-18,65.5,65.72,0.34,99.66
2019-11-19,65.14,65.57,0.66,99.34
2019-11-20,64.6,65.93,2.05,97.95
2019-11-21,64.52,65.59,1.66,98.34
2019-11-22,64.2,64.64,0.69,99.31
2019-11-25,64.79,65.15,0.56,99.44
2019-11-26,65.16,65.53,0.57,99.43
2019-11-27,65.11,65.19,0.12,99.88
2019-11-29,64.72,63.97,1.16,98.84
2019-12-02,63.96,63.93,0.04,99.96
2019-12-03,64.25,64.45,0.3,99.7
2019-12-04,65.45,65.47,0.03,99.97
2019-12-05,65.85,65.45,0.61,99.39
2019-12-06,66.47,65.19,1.92,98.08
2019-12-09,66.65,66.1,0.82,99.18
2019-12-10,66.64,66.57,0.11,99.89
2019-12-11,66.71,66.51,0.3,99.7
2019-12-12,66.92,66.69,0.34,99.66
2019-12-13,66.84,66.66,0.27,99.73
2019-12-16,67.52,67.87,0.52,99.48
2019-12-17,67.24,67.72,0.73,99.27
2019-12-18,67.09,67.77,1.01,98.99
2019-12-19,67.31,67.87,0.83,99.17
2019-12-20,67.05,68.07,1.51,98.49
2019-12-23,67.03,67.95,1.38,98.62
2019-12-24,66.72,67.77,1.57,98.43
2019-12-26,67.61,69.28,2.46,97.54
2019-12-27,67.22,68.68,2.17,97.83
2019-12-30,66.48,67.2,1.08,98.92
2019-12-31,66.47,67.2,1.11,98.89
2020-01-02,67.92,68.68,1.12,98.88
2020-01-03,67.57,68.29,1.07,98.93
2020-01-06,69.37,69.13,0.34,99.66
2020-01-07,69.23,69.24,0.01,99.99
2020-01-08,69.73,69.55,0.25,99.75
2020-01-09,70.46,71.44,1.4,98.6
2020-01-10,70.91,71.31,0.57,99.43
2020-01-13,71.46,71.57,0.15,99.85
2020-01-14,70.99,71.56,0.79,99.21
2020-01-15,71.42,71.57,0.21,99.79
2020-01-16,71.96,71.57,0.55,99.45
2020-01-17,73.42,72.44,1.34,98.66
2020-01-21,73.56,73.3,0.35,99.65
2020-01-22,73.64,73.3,0.46,99.54
2020-01-23,73.68,72.68,1.35,98.65
2020-01-24,72.76,72.69,0.1,99.9
2020-01-27,71.05,71.83,1.1,98.9
2020-01-28,71.98,72.14,0.22,99.78
2020-01-29,72.29,72.14,0.2,99.8
2020-01-30,72.17,73.09,1.28,98.72
2020-01-31,71.1,72.14,1.46,98.54
2020-02-03,73.57,73.03,0.74,99.26
2020-02-04,71.73,72.4,0.94,99.06
2020-02-05,71.76,72.07,0.44,99.56
2020-02-06,73.25,72.75,0.68,99.32
2020-02-07,73.4,73.34,0.09,99.91
2020-02-10,74.87,74.47,0.53,99.47
2020-02-11,74.94,74.47,0.63,99.37
2020-02-12,75.36,74.47,1.19,98.81
2020-02-13,75.1,74.69,0.55,99.45
2020-02-14,75.37,75.17,0.26,99.74
2020-02-18,75.4,75.19,0.28,99.72
2020-02-19,75.67,75.19,0.63,99.37
2020-02-20,75.28,76.21,1.24,98.76
2020-02-21,73.62,75.86,3.04,96.96
2020-02-24,70.46,70.6,0.2,99.8
2020-02-25,68.8,70.6,2.62,97.38
2020-02-26,69.0,70.74,2.51,97.49
2020-02-27,65.25,67.65,3.68,96.32
2020-02-28,66.46,66.32,0.22,99.78
2020-03-02,68.8,67.3,2.17,97.83
2020-03-03,66.38,66.19,0.29,99.71
2020-03-04,68.56,66.47,3.06,96.94
2020-03-05,65.25,64.6,1.0,99.0
2020-03-06,64.3,62.99,2.03,97.97
2020-03-09,60.33,62.63,3.81,96.19
2020-03-10,63.28,61.8,2.34,97.66
2020-03-11,60.09,59.3,1.31,98.69
2020-03-12,55.16,58.13,5.39,94.61
2020-03-13,60.26,59.47,1.3,98.7
2020-03-16,53.25,57.82,8.58,91.42
2020-03-17,55.48,56.51,1.84,98.16
2020-03-18,54.15,56.55,4.43,95.57
2020-03-19,55.17,55.78,1.11,98.89
2020-03-20,53.01,54.07,2.0,98.0
2020-03-23,52.31,54.37,3.94,96.06
2020-03-24,56.08,55.39,1.23,98.77
2020-03-25,54.67,55.76,1.99,98.01
2020-03-26,57.71,56.55,2.01,97.99
2020-03-27,55.1,55.62,0.94,99.06
2020-03-30,56.89,56.55,0.59,99.41
2020-03-31,57.66,56.91,1.31,98.69
2020-04-01,54.69,56.51,3.33,96.67
2020-04-02,55.43,56.26,1.49,98.51
2020-04-03,54.23,56.26,3.75,96.25
2020-04-06,58.72,57.46,2.13,97.87
2020-04-07,58.68,58.37,0.54,99.46
2020-04-08,59.9,58.41,2.48,97.52
2020-04-09,59.88,58.97,1.52,98.48
2020-04-13,60.07,59.32,1.24,98.76
2020-04-14,62.79,59.93,4.55,95.45
2020-04-15,62.39,60.35,3.27,96.73
2020-04-16,62.4,61.15,2.0,98.0
2020-04-17,63.47,61.27,3.46,96.54
2020-04-20,62.58,61.29,2.08,97.92
2020-04-21,60.15,60.44,0.48,99.52
2020-04-22,62.45,61.95,0.8,99.2
2020-04-23,63.08,62.73,0.56,99.44
2020-04-24,63.35,63.0,0.55,99.45
2020-04-27,63.07,62.76,0.48,99.52
2020-04-28,61.17,62.23,1.74,98.26
2020-04-29,66.61,62.76,5.77,94.23
2020-04-30,66.83,64.53,3.44,96.56
2020-05-01,65.37,64.49,1.35,98.65
2020-05-04,65.65,63.99,2.52,97.48
2020-05-05,66.95,65.22,2.57,97.43
2020-05-06,66.77,65.13,2.46,97.54
2020-05-07,67.95,65.48,3.63,96.37
2020-05-08,68.7,65.86,4.13,95.87
2020-05-11,69.65,66.3,4.81,95.19
2020-05-12,68.24,67.48,1.12,98.88
2020-05-13,66.91,67.05,0.21,99.79
2020-05-14,67.33,67.18,0.23,99.77
2020-05-15,68.14,67.41,1.06,98.94
2020-05-18,68.74,69.57,1.21,98.79
2020-05-19,68.2,68.45,0.35,99.65
2020-05-20,69.93,69.17,1.08,98.92
2020-05-21,69.81,69.24,0.82,99.18
2020-05-22,70.13,69.32,1.15,98.85
2020-05-26,70.54,69.87,0.94,99.06
2020-05-27,70.48,71.24,1.08,98.92
2020-05-28,70.38,71.18,1.13,98.87
2020-05-29,71.14,71.18,0.05,99.95
2020-06-01,71.21,70.83,0.53,99.47
2020-06-02,71.57,71.44,0.19,99.81
2020-06-03,71.42,72.11,0.97,99.03
2020-06-04,70.18,71.84,2.36,97.64
2020-06-05,71.46,72.27,1.13,98.87
2020-06-08,71.86,72.08,0.31,99.69
2020-06-09,72.06,72.43,0.51,99.49
2020-06-10,72.69,72.32,0.5,99.5
2020-06-11,69.57,70.29,1.04,98.96
2020-06-12,70.12,71.06,1.35,98.65
2020-06-15,70.5,71.0,0.7,99.3
2020-06-16,71.78,72.28,0.7,99.3
2020-06-17,72.08,72.39,0.43,99.57
2020-06-18,71.17,71.19,0.03,99.97
2020-06-19,70.7,70.21,0.68,99.32
2020-06-22,71.99,72.04,0.07,99.93
2020-06-23,72.65,72.64,0.02,99.98
2020-06-24,71.1,72.29,1.68,98.32
2020-06-25,71.51,71.57,0.07,99.93
2020-06-26,67.62,68.68,1.58,98.42
2020-06-29,69.33,69.04,0.43,99.57
2020-06-30,70.37,69.5,1.23,98.77
2020-07-01,71.56,72.21,0.9,99.1
2020-07-02,72.95,72.96,0.02,99.98
2020-07-06,74.42,73.21,1.63,98.37
2020-07-07,73.94,72.87,1.44,98.56
2020-07-08,74.62,72.87,2.34,97.66
2020-07-09,75.36,74.88,0.64,99.36
2020-07-10,76.37,75.26,1.46,98.54
2020-07-13,75.04,74.69,0.48,99.52
2020-07-14,75.47,74.64,1.1,98.9
2020-07-15,75.28,74.88,0.52,99.48
2020-07-16,75.18,74.84,0.44,99.56
2020-07-17,75.27,77.05,2.36,97.64
2020-07-20,77.61,76.91,0.9,99.1
2020-07-21,77.21,77.0,0.27,99.73
2020-07-22,77.66,77.4,0.33,99.67
2020-07-23,75.27,76.09,1.1,98.9
2020-07-24,74.85,75.41,0.75,99.25
2020-07-27,75.9,75.98,0.11,99.89
2020-07-28,74.62,74.99,0.49,99.51
2020-07-29,75.6,75.56,0.06,99.94
2020-07-30,76.34,74.97,1.79,98.21
2020-07-31,73.84,73.55,0.39,99.61
2020-08-03,73.58,73.13,0.62,99.38
2020-08-04,73.11,73.13,0.02,99.98
2020-08-05,73.4,73.07,0.44,99.56
2020-08-06,74.68,74.19,0.66,99.34
2020-08-07,74.36,72.47,2.54,97.46
2020-08-10,74.28,72.74,2.07,97.93
2020-08-11,73.47,71.47,2.72,97.28
2020-08-12,74.8,73.93,1.16,98.84
2020-08-13,75.26,75.28,0.02,99.98
2020-08-14,74.67,73.65,1.36,98.64
2020-08-17,75.24,75.89,0.86,99.14
2020-08-18,77.21,76.1,1.43,98.57
2020-08-19,76.65,75.6,1.38,98.62
2020-08-20,78.22,79.27,1.34,98.66
2020-08-21,78.19,79.34,1.48,98.52
2020-08-24,78.66,79.71,1.33,98.67
2020-08-25,79.69,79.71,0.03,99.97
2020-08-26,81.59,79.68,2.34,97.66
2020-08-27,80.82,79.71,1.36,98.64
2020-08-28,81.36,81.52,0.2,99.8
2020-08-31,80.87,83.36,3.08,96.92
2020-09-01,82.13,83.36,1.49,98.51
2020-09-02,85.23,83.68,1.81,98.19
2020-09-03,80.86,82.77,2.36,97.64
2020-09-04,78.47,81.71,4.13,95.87
2020-09-08,75.61,78.82,4.25,95.75
2020-09-09,76.78,80.5,4.84,95.16
2020-09-10,75.73,78.74,3.98,96.02
2020-09-11,75.22,78.74,4.69,95.31
2020-09-14,74.88,78.74,5.17,94.83
2020-09-15,76.18,78.74,3.37,96.63
2020-09-16,75.04,73.82,1.63,98.37
2020-09-17,73.79,73.57,0.3,99.7
2020-09-18,72.01,73.39,1.92,98.08
2020-09-21,70.97,73.3,3.28,96.72
2020-09-22,72.44,73.3,1.18,98.82
2020-09-23,69.94,70.73,1.12,98.88
2020-09-24,70.61,70.85,0.34,99.66
2020-09-25,71.41,71.22,0.27,99.73
2020-09-28,72.39,71.68,0.98,99.02
2020-09-29,72.75,71.24,2.07,97.93
2020-09-30,72.73,71.68,1.45,98.55
2020-10-01,73.84,73.15,0.93,99.07
2020-10-02,72.23,72.85,0.86,99.14
2020-10-05,73.59,72.85,1.0,99.0
2020-10-06,72.01,71.17,1.16,98.84
2020-10-07,72.41,71.85,0.77,99.23
2020-10-08,73.62,74.47,1.16,98.84
2020-10-09,74.96,75.98,1.37,98.63
2020-10-12,77.64,76.3,1.74,98.26
2020-10-13,77.77,77.04,0.93,99.07
2020-10-14,77.59,77.28,0.4,99.6
2020-10-15,77.19,77.15,0.06,99.94
2020-10-16,77.8,76.94,1.1,98.9
2020-10-19,75.92,76.09,0.22,99.78
2020-10-20,76.97,78.49,1.97,98.03
2020-10-21,78.7,78.71,0.01,99.99
2020-10-22,79.73,79.62,0.13,99.87
2020-10-23,81.04,79.62,1.74,98.26
2020-10-26,78.62,79.08,0.59,99.41
2020-10-27,79.34,79.25,0.12,99.88
2020-10-28,74.97,77.79,3.76,96.24
2020-10-29,77.26,78.01,0.97,99.03
2020-10-30,80.2,78.12,2.6,97.4
2020-11-02,80.61,79.49,1.39,98.61
2020-11-03,81.67,81.55,0.14,99.86
2020-11-04,86.64,83.32,3.83,96.17
2020-11-05,87.46,83.32,4.74,95.26
2020-11-06,87.33,83.78,4.07,95.93
2020-11-09,87.41,83.66,4.29,95.71
2020-11-10,86.23,85.57,0.77,99.23
2020-11-11,86.71,85.52,1.37,98.63
2020-11-12,86.49,85.29,1.38,98.62
2020-11-13,87.95,87.19,0.86,99.14
2020-11-16,88.04,89.75,1.95,98.05
2020-11-17,87.42,89.67,2.57,97.43
2020-11-18,86.38,90.11,4.32,95.68
2020-11-19,87.27,90.04,3.17,96.83
2020-11-20,86.17,89.55,3.93,96.07
2020-11-23,85.73,87.89,2.52,97.48
2020-11-24,87.53,87.22,0.36,99.64
2020-11-25,87.55,86.5,1.19,98.81
2020-11-27,88.68,87.96,0.81,99.19
2020-11-30,87.06,86.6,0.53,99.47
2020-12-01,89.09,88.54,0.62,99.38
2020-12-02,90.56,89.29,1.4,98.6
2020-12-03,90.41,89.29,1.24,98.76
2020-12-04,90.5,89.74,0.84,99.16
2020-12-07,90.17,89.56,0.68,99.32
2020-12-08,89.89,89.11,0.87,99.13
2020-12-09,88.23,90.01,2.02,97.98
2020-12-10,87.72,88.59,0.99,99.01
2020-12-11,88.07,90.34,2.57,97.43
2020-12-14,86.96,88.6,1.89,98.11
2020-12-15,87.39,87.26,0.15,99.85
2020-12-16,87.2,87.43,0.26,99.74
2020-12-17,86.37,86.44,0.08,99.92
2020-12-18,85.66,86.88,1.42,98.58
2020-12-21,86.08,85.0,1.25,98.75
2020-12-22,85.37,85.17,0.24,99.76
2020-12-23,85.76,85.13,0.74,99.26
2020-12-24,86.06,84.61,1.68,98.32
2020-12-28,88.03,86.44,1.81,98.19
2020-12-29,87.23,85.72,1.73,98.27
2020-12-30,86.16,86.44,0.33,99.67
2020-12-31,86.97,87.43,0.52,99.48
2021-01-04,85.66,85.92,0.3,99.7
2021-01-05,86.35,86.9,0.64,99.36
2021-01-06,85.5,85.85,0.41,99.59
2021-01-07,88.05,85.17,3.27,96.73
2021-01-08,89.22,89.19,0.03,99.97
2021-01-11,87.16,88.75,1.83,98.17
2021-01-12,86.22,87.39,1.36,98.64
2021-01-13,86.71,85.99,0.83,99.17
2021-01-14,85.9,84.37,1.78,98.22
2021-01-15,85.73,83.97,2.06,97.94
2021-01-19,88.55,87.92,0.72,99.28
2021-01-20,93.3,89.28,4.31,95.69
2021-01-21,93.5,92.82,0.73,99.27
2021-01-22,93.92,92.82,1.17,98.83
2021-01-25,94.0,93.23,0.82,99.18
2021-01-26,94.68,93.65,1.09,98.91
2021-01-27,90.26,90.72,0.51,99.49
2021-01-28,91.97,90.72,1.35,98.65
2021-01-29,90.68,90.2,0.53,99.47
2021-02-01,93.94,95.05,1.18,98.82
2021-02-02,95.24,96.44,1.27,98.73
2021-02-03,102.17,98.38,3.71,96.29
2021-02-04,101.91,99.47,2.39,97.61
2021-02-05,103.66,100.72,2.83,97.17
2021-02-08,103.44,101.44,1.94,98.06
2021-02-09,102.99,103.0,0.01,99.99
2021-02-10,103.54,104.18,0.61,99.39
2021-02-11,103.65,103.72,0.06,99.94
2021-02-12,103.97,103.87,0.09,99.91
2021-02-16,104.74,104.16,0.55,99.45
2021-02-17,105.14,105.83,0.65,99.35
2021-02-18,104.5,104.33,0.17,99.83
2021-02-19,103.66,104.49,0.8,99.2
2021-02-22,101.94,104.74,2.75,97.25
2021-02-23,102.23,105.2,2.9,97.1
2021-02-24,103.41,104.59,1.14,98.86
2021-02-25,100.04,101.37,1.33,98.67
2021-02-26,100.34,98.42,1.92,98.08
2021-03-01,102.71,101.36,1.31,98.69
2021-03-02,102.45,102.48,0.03,99.97
2021-03-03,99.82,98.54,1.28,98.72
2021-03-04,100.93,101.36,0.43,99.57
2021-03-05,104.07,103.79,0.26,99.74
2021-03-08,99.62,98.46,1.16,98.84
2021-03-09,101.25,100.61,0.64,99.36
2021-03-10,101.05,100.61,0.43,99.57
2021-03-11,104.24,102.88,1.3,98.7
2021-03-12,101.73,102.05,0.32,99.68
2021-03-15,101.95,101.56,0.39,99.61
2021-03-16,103.41,102.16,1.21,98.79
2021-03-17,103.33,104.47,1.1,98.9
2021-03-18,100.31,102.92,2.6,97.4
2021-03-19,100.59,101.13,0.54,99.46
2021-03-22,100.77,101.13,0.35,99.65
2021-03-23,101.3,102.58,1.27,98.73
2021-03-24,100.86,101.82,0.95,99.05
2021-03-25,100.86,100.37,0.49,99.51
2021-03-26,100.48,102.58,2.1,97.9
2021-03-29,101.52,102.58,1.04,98.96
2021-03-30,101.56,102.58,1.01,98.99
2021-03-31,102.35,99.13,3.14,96.86
2021-04-01,105.69,105.74,0.04,99.96
2021-04-05,110.12,108.17,1.77,98.23
2021-04-06,109.63,108.17,1.34,98.66
2021-04-07,111.11,108.92,1.98,98.02
2021-04-08,111.68,111.92,0.21,99.79
2021-04-09,112.68,113.34,0.58,99.42
2021-04-12,111.39,112.19,0.72,99.28
2021-04-13,111.88,112.08,0.18,99.82
2021-04-14,111.25,112.66,1.26,98.74
2021-04-15,113.41,114.58,1.04,98.96
2021-04-16,113.28,115.07,1.57,98.43
2021-04-19,113.63,115.08,1.27,98.73
2021-04-20,113.1,116.4,2.92,97.08
2021-04-21,113.06,116.26,2.83,97.17
2021-04-22,111.78,114.35,2.3,97.7
2021-04-23,114.13,114.26,0.11,99.89
2021-04-26,114.63,114.4,0.2,99.8
2021-04-27,113.69,112.27,1.25,98.75
2021-04-28,117.07,115.97,0.94,99.06
2021-04-29,118.74,116.29,2.06,97.94
2021-04-30,116.79,116.91,0.1,99.9
2021-05-03,116.28,116.76,0.42,99.58
2021-05-04,114.48,115.36,0.77,99.23
2021-05-05,114.87,114.81,0.05,99.95
2021-05-06,115.99,115.88,0.1,99.9
2021-05-07,116.71,116.21,0.43,99.57
2021-05-10,113.73,115.2,1.3,98.7
2021-05-11,112.65,113.19,0.48,99.52
2021-05-12,109.19,112.42,2.96,97.04
2021-05-13,110.62,111.99,1.24,98.76
2021-05-14,113.06,112.42,0.57,99.43
2021-05-17,113.59,112.46,0.99,99.01
2021-05-18,112.28,111.14,1.01,98.99
2021-05-19,112.72,109.99,2.42,97.58
2021-05-20,114.48,111.8,2.34,97.66
2021-05-21,113.85,111.8,1.79,98.21
2021-05-24,117.17,114.82,2.01,97.99
2021-05-25,117.26,115.92,1.14,98.86
2021-05-26,118.12,115.92,1.87,98.13
2021-05-27,117.25,114.15,2.64,97.36
2021-05-28,116.96,115.69,1.09,98.91
2021-06-01,118.17,118.45,0.24,99.76
2021-06-02,117.64,120.01,2.01,97.99
2021-06-03,116.5,118.55,1.76,98.24
2021-06-04,118.78,118.55,0.2,99.8
2021-06-07,119.21,118.55,0.56,99.44
2021-06-08,119.02,119.9,0.74,99.26
2021-06-09,119.49,119.9,0.34,99.66
2021-06-10,120.84,121.87,0.85,99.15
2021-06-11,120.6,122.06,1.21,98.79
2021-06-14,121.53,121.6,0.06,99.94
2021-06-15,120.51,121.39,0.73,99.27
2021-06-16,119.87,120.07,0.17,99.83
2021-06-17,120.83,122.07,1.03,98.97
2021-06-18,119.21,120.25,0.87,99.13
2021-06-21,120.9,120.61,0.24,99.76
2021-06-22,121.41,121.84,0.35,99.65
2021-06-23,121.21,121.84,0.52,99.48
2021-06-24,121.58,122.0,0.34,99.66
2021-06-25,121.59,121.5,0.08,99.92
2021-06-28,121.62,122.02,0.33,99.67
2021-06-29,121.36,120.8,0.46,99.54
2021-06-30,121.17,121.83,0.54,99.46
2021-07-01,121.53,122.08,0.46,99.54
2021-07-02,124.32,123.6,0.58,99.42
2021-07-06,125.24,125.4,0.13,99.87
2021-07-07,125.53,125.81,0.22,99.78
2021-07-08,124.11,125.31,0.97,99.03
2021-07-09,124.58,126.74,1.73,98.27
2021-07-12,126.02,126.74,0.57,99.43
2021-07-13,126.39,126.74,0.28,99.72
2021-07-14,127.28,126.91,0.29,99.71
2021-07-15,126.05,126.08,0.02,99.98
2021-07-16,126.02,126.08,0.05,99.95
2021-07-19,123.64,127.46,3.08,96.92
2021-07-20,125.26,128.97,2.96,97.04
2021-07-21,126.59,129.02,1.92,98.08
2021-07-22,127.46,129.96,1.96,98.04
2021-07-23,132.02,130.79,0.93,99.07
2021-07-26,133.03,130.79,1.68,98.32
2021-07-27,130.91,129.91,0.76,99.24
2021-07-28,135.07,131.64,2.54,97.46
2021-07-29,134.76,134.17,0.43,99.57
2021-07-30,133.72,133.59,0.09,99.91
2021-08-02,133.84,133.59,0.19,99.81
2021-08-03,134.61,133.59,0.76,99.24
2021-08-04,134.11,133.85,0.2,99.8
2021-08-05,135.23,134.51,0.53,99.47
2021-08-06,134.72,134.88,0.12,99.88
2021-08-09,135.89,136.0,0.08,99.92
2021-08-10,135.78,136.08,0.22,99.78
2021-08-11,135.26,136.47,0.9,99.1
2021-08-12,136.17,135.92,0.18,99.82
2021-08-13,136.69,135.97,0.53,99.47
2021-08-16,137.27,136.91,0.27,99.73
2021-08-17,135.64,134.66,0.72,99.28
2021-08-18,134.43,133.86,0.43,99.57
2021-08-19,134.66,135.81,0.85,99.15
2021-08-20,136.4,135.89,0.37,99.63
2021-08-23,138.99,138.95,0.03,99.97
2021-08-24,140.2,139.52,0.49,99.51
2021-08-25,141.01,140.66,0.25,99.75
2021-08-26,140.38,139.99,0.28,99.72
2021-08-27,142.92,141.36,1.09,98.91
2021-08-30,143.51,142.68,0.58,99.42
2021-08-31,143.61,142.86,0.52,99.48
2021-09-01,144.13,143.94,0.13,99.87
2021-09-02,142.21,143.42,0.85,99.15
2021-09-03,142.66,142.95,0.2,99.8
2021-09-07,143.2,144.75,1.08,98.92
2021-09-08,142.61,144.58,1.38,98.62
2021-09-09,142.46,144.96,1.75,98.25
2021-09-10,139.82,142.41,1.85,98.15
2021-09-13,141.27,142.69,1.01,98.99
2021-09-14,141.48,141.52,0.03,99.97
2021-09-15,143.35,142.34,0.7,99.3
2021-09-16,142.53,143.28,0.53,99.47
2021-09-17,139.74,140.69,0.68,99.32
2021-09-20,137.68,136.37,0.95,99.05
2021-09-21,137.99,136.46,1.11,98.89
2021-09-22,139.23,138.02,0.87,99.13
2021-09-23,140.16,139.9,0.19,99.81
2021-09-24,141.15,141.65,0.35,99.65
2021-09-27,140.01,139.9,0.08,99.92
2021-09-28,134.81,136.0,0.88,99.12
2021-09-29,133.35,133.71,0.27,99.73
2021-09-30,132.67,132.9,0.17,99.83
2021-10-01,135.52,134.47,0.77,99.23
2021-10-04,132.66,133.7,0.78,99.22
2021-10-05,135.0,133.26,1.29,98.71
2021-10-06,136.53,135.51,0.75,99.25
2021-10-07,138.18,139.7,1.1,98.9
2021-10-08,138.74,140.21,1.06,98.94
2021-10-11,137.87,139.61,1.26,98.74
2021-10-12,135.43,136.89,1.08,98.92
2021-10-13,136.55,136.09,0.34,99.66
2021-10-14,140.09,139.48,0.44,99.56
2021-10-15,140.31,139.18,0.81,99.19
2021-10-18,141.71,143.12,1.0,99.0
2021-10-19,142.16,143.02,0.61,99.39
2021-10-20,140.71,142.34,1.16,98.84
2021-10-21,140.82,142.21,0.98,99.02
2021-10-22,136.53,140.1,2.61,97.39
2021-10-25,136.42,138.26,1.35,98.65
2021-10-26,138.26,139.3,0.75,99.25
2021-10-27,145.12,142.72,1.65,98.35
2021-10-28,144.76,143.93,0.57,99.43
2021-10-29,146.94,144.34,1.76,98.24
2021-11-01,142.42,144.48,1.45,98.55
2021-11-02,144.34,145.04,0.48,99.52
2021-11-03,145.5,143.31,1.5,98.5
2021-11-04,147.16,146.06,0.74,99.26
2021-11-05,147.74,145.55,1.48,98.52
2021-11-08,147.91,146.23,1.14,98.86
2021-11-09,147.8,147.5,0.2,99.8
2021-11-10,144.8,144.46,0.24,99.76
2021-11-11,144.67,147.12,1.69,98.31
2021-11-12,147.56,147.6,0.03,99.97
2021-11-15,147.34,147.82,0.32,99.68
2021-11-16,146.77,145.0,1.2,98.8
2021-11-17,146.94,145.75,0.81,99.19
2021-11-18,148.71,148.81,0.07,99.93
2021-11-19,147.81,151.12,2.24,97.76
2021-11-22,145.2,146.69,1.02,98.98
2021-11-23,144.69,147.72,2.09,97.91
2021-11-24,145.02,143.07,1.35,98.65
2021-11-26,141.12,141.07,0.03,99.97
2021-11-29,144.44,142.38,1.43,98.57
2021-11-30,140.83,140.05,0.56,99.44
2021-12-01,139.99,141.93,1.39,98.61
2021-12-02,141.89,142.7,0.57,99.43
2021-12-03,140.94,140.69,0.17,99.83
2021-12-06,142.08,142.79,0.5,99.5
2021-12-07,146.17,144.69,1.01,98.99
2021-12-08,147.08,145.27,1.23,98.77
2021-12-09,146.53,145.44,0.75,99.25
2021-12-10,146.89,145.5,0.95,99.05
2021-12-13,144.73,145.5,0.53,99.47
2021-12-14,142.83,144.58,1.23,98.77
2021-12-15,145.34,144.55,0.55,99.45
2021-12-16,143.36,144.6,0.86,99.14
2021-12-17,140.66,141.69,0.73,99.27
2021-12-20,140.55,143.11,1.83,98.17
2021-12-21,142.4,143.69,0.91,99.09
2021-12-22,145.32,144.23,0.74,99.26
2021-12-23,145.81,145.35,0.32,99.68
2021-12-27,146.8,147.13,0.22,99.78
2021-12-28,145.59,144.36,0.84,99.16
2021-12-29,145.56,144.3,0.86,99.14
2021-12-30,145.1,144.17,0.64,99.36
2021-12-31,143.77,142.51,0.88,99.12
2022-01-03,143.9,144.63,0.51,99.49
2022-01-04,143.32,144.11,0.55,99.45
2022-01-05,136.74,137.46,0.52,99.48
2022-01-06,136.71,137.75,0.76,99.24
2022-01-07,135.99,139.53,2.6,97.4
2022-01-10,137.63,138.96,0.97,99.03
2022-01-11,138.69,139.02,0.24,99.76
2022-01-12,140.37,137.41,2.11,97.89
2022-01-13,137.55,136.61,0.68,99.32
2022-01-14,138.43,135.71,1.97,98.03
2022-01-18,134.98,134.48,0.37,99.63
2022-01-19,134.1,133.95,0.12,99.88
2022-01-20,132.31,131.01,0.98,99.02
2022-01-21,129.37,128.38,0.77,99.23
2022-01-24,129.82,129.83,0.01,99.99
2022-01-25,125.98,124.99,0.79,99.21
2022-01-26,128.26,129.58,1.03,98.97
2022-01-27,128.04,129.53,1.17,98.83
2022-01-28,132.35,134.69,1.77,98.23
2022-01-31,134.29,134.62,0.25,99.75
2022-02-01,136.61,136.27,0.25,99.75
2022-02-02,146.89,140.49,4.35,95.65
2022-02-03,142.02,140.3,1.21,98.79
2022-02-04,142.22,139.96,1.59,98.41
2022-02-07,138.16,137.29,0.63,99.37
2022-02-08,138.35,137.88,0.34,99.66
2022-02-09,140.53,140.4,0.09,99.91
2022-02-10,137.58,139.0,1.03,98.97
2022-02-11,133.28,134.52,0.93,99.07
2022-02-14,134.51,136.47,1.45,98.55
2022-02-15,135.58,136.47,0.65,99.35
2022-02-16,136.71,136.85,0.11,99.89
2022-02-17,131.55,132.53,0.75,99.25
2022-02-18,129.43,131.18,1.36,98.64
2022-02-22,128.84,130.56,1.33,98.67
2022-02-23,126.63,123.01,2.86,97.14
2022-02-24,131.7,130.01,1.28,98.72
2022-02-25,133.45,131.65,1.35,98.65
2022-02-28,134.04,134.12,0.06,99.94
2022-03-01,133.06,133.45,0.3,99.7
2022-03-02,133.56,133.33,0.17,99.83
2022-03-03,132.9,132.97,0.06,99.94
2022-03-04,130.92,132.11,0.91,99.09
2022-03-07,125.43,128.62,2.54,97.46
2022-03-08,126.15,126.88,0.58,99.42
2022-03-09,132.42,131.92,0.38,99.62
2022-03-10,131.44,132.97,1.17,98.83
2022-03-11,128.9,132.65,2.91,97.09
2022-03-14,125.01,129.93,3.94,96.06
2022-03-15,128.23,131.63,2.66,97.34
2022-03-16,132.28,131.75,0.4,99.6
2022-03-17,132.84,131.58,0.94,99.06
2022-03-18,135.1,133.6,1.11,98.89
2022-03-21,135.08,133.6,1.09,98.91
2022-03-22,138.82,135.27,2.56,97.44
2022-03-23,137.24,135.74,1.09,98.91
2022-03-24,140.51,138.57,1.38,98.62
2022-03-25,140.61,139.76,0.6,99.4
2022-03-28,140.39,138.87,1.08,98.92
2022-03-29,141.44,139.38,1.45,98.55
2022-03-30,140.87,138.77,1.49,98.51
2022-03-31,138.02,138.65,0.45,99.55
2022-04-01,139.1,139.82,0.52,99.48
2022-04-04,141.9,140.11,1.26,98.74
2022-04-05,139.54,139.21,0.23,99.77
2022-04-06,135.52,137.26,1.28,98.72
2022-04-07,134.87,134.9,0.02,99.98
2022-04-08,132.29,132.8,0.38,99.62
2022-04-11,127.86,127.78,0.06,99.94
2022-04-12,126.76,127.3,0.43,99.57
2022-04-13,128.92,127.4,1.18,98.82
2022-04-14,125.78,125.33,0.36,99.64
2022-04-18,126.72,126.2,0.41,99.59
2022-04-19,129.03,126.79,1.74,98.26
2022-04-20,127.08,126.12,0.76,99.24
2022-04-21,123.88,123.99,0.09,99.91
2022-04-22,118.74,119.56,0.69,99.31
2022-04-25,122.15,122.23,0.06,99.94
2022-04-26,117.76,118.34,0.5,99.5
2022-04-27,113.44,116.89,3.05,96.95
2022-04-28,117.63,117.47,0.14,99.86
2022-04-29,113.25,115.08,1.61,98.39
2022-05-02,115.71,116.91,1.04,98.96
2022-05-03,116.45,116.92,0.4,99.6
2022-05-04,121.34,117.56,3.12,96.88
2022-05-05,115.63,115.87,0.21,99.79
2022-05-06,114.88,114.43,0.39,99.61
2022-05-09,111.67,110.79,0.79,99.21
2022-05-10,113.54,113.04,0.44,99.56
2022-05-11,112.75,112.11,0.57,99.43
2022-05-12,112.0,112.82,0.74,99.26
2022-05-13,115.18,112.82,2.05,97.95
2022-05-16,113.59,113.07,0.46,99.54
2022-05-17,115.6,115.15,0.39,99.61
2022-05-18,111.06,111.41,0.32,99.68
2022-05-19,109.56,111.84,2.09,97.91
2022-05-20,108.09,110.16,1.92,98.08
2022-05-23,110.65,111.02,0.33,99.67
2022-05-24,105.18,106.75,1.5,98.5
2022-05-25,105.01,107.31,2.19,97.81
2022-05-26,106.98,110.14,2.95,97.05
2022-05-27,111.47,112.18,0.64,99.36
2022-05-31,112.91,112.34,0.5,99.5
2022-06-01,113.04,111.87,1.03,98.97
2022-06-02,116.74,114.64,1.8,98.2
2022-06-03,113.68,112.65,0.91,99.09
2022-06-06,115.94,114.56,1.2,98.8
2022-06-07,116.27,113.24,2.61,97.39
2022-06-08,116.32,115.04,1.1,98.9
2022-06-09,113.97,115.58,1.41,98.59
2022-06-10,110.33,113.5,2.87,97.13
2022-06-13,105.59,109.39,3.59,96.41
2022-06-14,105.92,111.66,5.42,94.58
2022-06-15,108.94,112.35,3.13,96.87
2022-06-16,105.24,109.17,3.73,96.27
2022-06-17,106.34,108.43,1.96,98.04
2022-06-21,110.71,110.42,0.26,99.74
2022-06-22,110.65,110.42,0.21,99.79
2022-06-23,111.4,109.99,1.27,98.73
2022-06-24,117.09,114.34,2.35,97.65
2022-06-27,114.96,111.69,2.85,97.15
2022-06-28,111.17,111.69,0.47,99.53
2022-06-29,110.86,109.95,0.82,99.18
2022-06-30,108.15,109.18,0.95,99.05
2022-07-01,107.92,108.86,0.87,99.13
2022-07-05,112.41,112.27,0.12,99.88
2022-07-06,113.71,113.76,0.04,99.96
2022-07-07,117.89,115.15,2.33,97.67
2022-07-08,118.46,117.09,1.16,98.84
2022-07-11,114.81,115.88,0.93,99.07
2022-07-12,113.17,112.24,0.82,99.18
2022-07-13,110.52,109.8,0.65,99.35
2022-07-14,109.54,110.39,0.78,99.22
2022-07-15,110.94,109.73,1.09,98.91
2022-07-18,108.21,108.86,0.6,99.4
2022-07-19,112.96,112.33,0.55,99.45
2022-07-20,113.05,112.26,0.69,99.31
2022-07-21,113.48,114.15,0.59,99.41
2022-07-22,107.09,109.74,2.47,97.53
2022-07-25,106.7,109.08,2.23,97.77
2022-07-26,104.23,107.57,3.2,96.8
2022-07-27,112.21,109.2,2.68,97.32
2022-07-28,113.36,110.94,2.14,97.86
2022-07-29,115.45,112.97,2.14,97.86
2022-08-01,114.0,112.97,0.9,99.1
2022-08-02,114.27,114.73,0.41,99.59
2022-08-03,117.19,116.35,0.72,99.28
2022-08-04,117.3,115.99,1.12,98.88
2022-08-05,116.59,117.83,1.07,98.93
2022-08-08,116.42,115.58,0.72,99.28
2022-08-09,115.76,116.42,0.58,99.42
2022-08-10,118.8,116.45,1.98,98.02
2022-08-11,117.95,118.99,0.88,99.12
2022-08-12,120.77,120.42,0.29,99.71
2022-08-15,121.16,119.94,1.01,98.99
2022-08-16,120.79,120.34,0.37,99.63
2022-08-17,118.65,120.23,1.33,98.67
2022-08-18,119.27,118.94,0.28,99.72
2022-08-19,116.33,117.97,1.41,98.59
2022-08-22,113.38,114.92,1.35,98.65
2022-08-23,113.01,113.63,0.55,99.45
2022-08-24,112.84,113.24,0.35,99.65
2022-08-25,115.78,113.62,1.86,98.14
2022-08-26,109.51,111.29,1.63,98.37
2022-08-29,108.6,111.29,2.48,97.52
2022-08-30,108.12,108.07,0.05,99.95
2022-08-31,107.41,108.07,0.61,99.39
2022-09-01,108.92,107.67,1.14,98.86
2022-09-02,107.04,106.64,0.38,99.62
2022-09-06,106.01,105.84,0.16,99.84
2022-09-07,108.63,107.74,0.82,99.18
2022-09-08,107.57,107.2,0.34,99.66
2022-09-09,109.82,108.32,1.36,98.64
2022-09-12,110.03,106.49,3.22,96.78
2022-09-13,103.54,102.99,0.53,99.47
2022-09-14,104.21,104.34,0.12,99.88
2022-09-15,102.14,102.66,0.51,99.49
2022-09-16,102.03,102.47,0.43,99.57
2022-09-19,102.3,103.82,1.49,98.51
2022-09-20,100.38,102.23,1.84,98.16
2022-09-21,98.54,99.88,1.37,98.63
2022-09-22,99.39,99.77,0.39,99.61
2022-09-23,98.0,99.31,1.33,98.67
2022-09-26,97.43,97.39,0.05,99.95
2022-09-27,96.77,95.58,1.23,98.77
2022-09-28,99.3,96.15,3.17,96.83
2022-09-29,96.69,95.02,1.72,98.28
2022-09-30,94.93,95.09,0.16,99.84
2022-10-03,97.9,96.43,1.51,98.49
2022-10-04,100.88,99.38,1.48,98.52
2022-10-05,100.67,99.38,1.28,98.72
2022-10-06,100.66,99.38,1.27,98.73
2022-10-07,97.94,98.03,0.09,99.91
2022-10-10,97.13,98.39,1.3,98.7
2022-10-11,96.45,96.09,0.37,99.63
2022-10-12,96.83,96.09,0.76,99.24
2022-10-13,98.32,98.59,0.27,99.73
2022-10-14,95.84,96.09,0.27,99.73
2022-10-17,99.22,99.65,0.43,99.57
2022-10-18,100.01,99.24,0.77,99.23
2022-10-19,98.88,99.65,0.77,99.23
2022-10-20,99.22,100.08,0.87,99.13
2022-10-21,100.37,99.57,0.79,99.21
2022-10-24,101.75,99.53,2.18,97.82
2022-10-25,103.7,99.9,3.66,96.34
2022-10-26,94.22,93.5,0.76,99.24
2022-10-27,91.53,92.81,1.4,98.6
2022-10-28,95.57,95.4,0.18,99.82
2022-10-31,93.8,95.4,1.7,98.3
2022-11-01,89.79,92.06,2.53,97.47
2022-11-02,86.32,89.97,4.23,95.77
2022-11-03,82.8,88.29,6.62,93.38
2022-11-04,85.93,88.29,2.74,97.26
2022-11-07,87.83,87.95,0.15,99.85
2022-11-08,88.23,89.19,1.09,98.91
2022-11-09,86.67,87.5,0.97,99.03
2022-11-10,93.24,92.27,1.03,98.97
2022-11-11,95.69,92.27,3.57,96.43
2022-11-14,94.98,91.85,3.3,96.7
2022-11-15,97.7,95.89,1.86,98.14
2022-11-16,98.11,96.4,1.74,98.26
2022-11-17,97.62,97.02,0.62,99.38
2022-11-18,96.7,97.11,0.43,99.57
2022-11-21,94.88,96.5,1.71,98.29
2022-11-22,96.32,98.46,2.22,97.78
2022-11-23,97.72,100.18,2.52,97.48
2022-11-25,96.73,99.53,2.89,97.11
2022-11-28,95.33,97.37,2.14,97.86
2022-11-29,94.48,96.51,2.16,97.84
2022-11-30,100.23,101.95,1.72,98.28
2022-12-01,100.23,101.08,0.85,99.15
2022-12-02,99.69,99.14,0.55,99.45
2022-12-05,98.73,98.55,0.18,99.82
2022-12-06,96.25,94.6,1.72,98.28
2022-12-07,94.23,93.72,0.54,99.46
2022-12-08,93.01,92.28,0.78,99.22
2022-12-09,92.13,92.28,0.16,99.84
2022-12-12,92.61,94.54,2.09,97.91
2022-12-13,94.91,94.54,0.39,99.61
2022-12-14,94.36,92.56,1.9,98.1
2022-12-15,90.18,89.54,0.71,99.29
2022-12-16,89.58,89.54,0.05,99.95
2022-12-19,87.78,88.66,1.01,98.99
2022-12-20,88.35,88.17,0.21,99.79
2022-12-21,88.91,87.83,1.21,98.79
2022-12-22,87.1,87.9,0.91,99.09
2022-12-23,88.56,87.7,0.97,99.03
2022-12-27,86.73,87.7,1.12,98.88
2022-12-28,85.37,87.03,1.94,98.06
2022-12-29,87.79,88.2,0.47,99.53
2022-12-30,87.57,89.29,1.97,98.03
2023-01-03,88.45,87.54,1.03,98.97
2023-01-04,87.42,86.51,1.04,98.96
2023-01-05,85.55,85.86,0.36,99.64
2023-01-06,86.69,87.42,0.85,99.15
2023-01-09,87.36,88.21,0.97,99.03
2023-01-10,87.76,88.3,0.61,99.39
2023-01-11,90.83,90.01,0.9,99.1
2023-01-12,90.45,90.01,0.48,99.52
2023-01-13,91.43,90.63,0.87,99.13
2023-01-17,90.61,90.01,0.65,99.35
2023-01-18,90.44,90.63,0.22,99.78
2023-01-19,92.35,93.15,0.87,99.13
2023-01-20,97.28,97.04,0.25,99.75
2023-01-23,99.04,98.34,0.71,99.29
2023-01-24,96.97,96.8,0.17,99.83
2023-01-25,94.51,95.34,0.88,99.12
2023-01-26,96.79,97.81,1.06,98.94
2023-01-27,98.62,99.22,0.61,99.39
2023-01-30,96.21,97.17,1.0,99.0
2023-01-31,98.1,98.79,0.7,99.3
2023-02-01,99.68,98.46,1.22,98.78
2023-02-02,106.93,103.17,3.52,96.48
2023-02-03,103.99,101.98,1.94,98.06
2023-02-06,102.13,102.22,0.09,99.91
2023-02-07,106.83,103.68,2.95,97.05
2023-02-08,98.62,98.84,0.22,99.78
2023-02-09,94.3,95.18,0.94,99.06
2023-02-10,93.86,95.18,1.41,98.59
2023-02-13,93.9,95.18,1.36,98.64
2023-02-14,93.97,96.13,2.3,97.7
2023-02-15,96.21,96.13,0.08,99.92
2023-02-16,94.79,95.18,0.41,99.59
2023-02-17,93.64,94.1,0.49,99.51
2023-02-21,91.1,93.23,2.33,97.67
2023-02-22,90.96,91.51,0.6,99.4
2023-02-23,90.21,88.43,1.97,98.03
2023-02-24,88.46,88.43,0.03,99.97
2023-02-27,89.2,88.26,1.06,98.94
2023-02-28,89.38,88.42,1.08,98.92
2023-03-01,89.68,88.35,1.49,98.51
2023-03-02,91.31,90.1,1.32,98.68
2023-03-03,92.95,92.54,0.44,99.56
2023-03-06,94.42,94.64,0.23,99.77
2023-03-07,93.16,92.1,1.14,98.86
2023-03-08,93.54,92.1,1.54,98.46
2023-03-09,91.63,89.75,2.05,97.95
2023-03-10,89.95,89.3,0.73,99.27
2023-03-13,90.43,91.56,1.25,98.75
2023-03-14,93.27,93.64,0.4,99.6
2023-03-15,95.39,95.55,0.17,99.83
2023-03-16,99.57,99.13,0.44,99.56
2023-03-17,100.86,100.41,0.44,99.56
2023-03-20,100.46,100.29,0.18,99.82
2023-03-21,104.13,102.68,1.4,98.6
2023-03-22,102.59,102.61,0.01,99.99
2023-03-23,104.81,102.8,1.92,98.08
2023-03-24,104.65,103.77,0.84,99.16
2023-03-27,101.69,102.22,0.52,99.48
2023-03-28,100.27,99.85,0.42,99.58
2023-03-29,100.63,101.8,1.16,98.84
2023-03-30,100.13,103.97,3.83,96.17
2023-03-31,102.95,104.22,1.23,98.77
2023-04-03,103.58,104.12,0.52,99.48
2023-04-04,103.93,103.4,0.51,99.49
2023-04-05,103.69,102.75,0.9,99.1
2023-04-06,107.61,105.95,1.54,98.46
2023-04-10,105.64,105.38,0.25,99.75
2023-04-11,104.56,104.08,0.46,99.54
2023-04-12,103.86,104.44,0.57,99.43
2023-04-13,106.62,104.71,1.79,98.21
2023-04-14,108.05,104.83,2.98,97.02
2023-04-17,105.18,105.37,0.19,99.81
2023-04-18,103.72,107.2,3.36,96.64
2023-04-19,103.4,107.2,3.68,96.32
2023-04-20,104.5,107.57,2.94,97.06
2023-04-21,104.62,105.26,0.61,99.39
2023-04-24,105.18,104.88,0.28,99.72
2023-04-25,103.07,103.84,0.74,99.26
2023-04-26,102.93,103.84,0.88,99.12
2023-04-27,106.78,104.08,2.53,97.47
2023-04-28,106.54,105.23,1.22,98.78
2023-05-01,106.4,105.68,0.68,99.32
2023-05-02,104.53,105.32,0.76,99.24
2023-05-03,104.62,102.97,1.58,98.42
2023-05-04,103.9,102.72,1.14,98.86
2023-05-05,104.78,105.75,0.93,99.07
2023-05-08,106.96,106.58,0.36,99.64
2023-05-09,106.54,107.95,1.32,98.68
2023-05-10,110.91,111.42,0.46,99.54
2023-05-11,115.7,112.93,2.39,97.61
2023-05-12,116.63,113.14,2.99,97.01
2023-05-15,115.64,113.14,2.16,97.84
2023-05-16,118.61,116.39,1.87,98.13
2023-05-17,119.93,117.72,1.85,98.15
2023-05-18,121.91,118.86,2.5,97.5
2023-05-19,121.84,119.21,2.16,97.84
2023-05-22,124.11,121.8,1.86,98.14
2023-05-23,121.64,121.07,0.47,99.53
2023-05-24,119.99,122.61,2.18,97.82
2023-05-25,122.55,122.96,0.33,99.67
2023-05-26,123.68,123.77,0.08,99.92
2023-05-30,122.74,123.61,0.7,99.3
2023-05-31,121.95,124.29,1.92,98.08
2023-06-01,122.79,123.4,0.49,99.51
2023-06-02,123.74,123.89,0.12,99.88
2023-06-05,125.07,124.72,0.28,99.72
2023-06-06,126.36,125.26,0.87,99.13
2023-06-07,121.58,122.58,0.82,99.18
2023-06-08,121.22,121.81,0.48,99.52
2023-06-09,121.31,121.81,0.41,99.59
2023-06-12,122.71,121.91,0.65,99.35
2023-06-13,122.9,122.54,0.3,99.7
2023-06-14,122.74,122.9,0.13,99.87
2023-06-15,124.15,123.13,0.83,99.17
2023-06-16,122.6,121.91,0.57,99.43
2023-06-20,122.18,123.07,0.73,99.27
2023-06-21,119.65,121.91,1.89,98.11
2023-06-22,122.23,121.91,0.26,99.74
2023-06-23,121.42,122.01,0.48,99.52
2023-06-26,117.45,116.48,0.82,99.18
2023-06-27,117.44,116.03,1.21,98.79
2023-06-28,119.28,120.85,1.32,98.68
2023-06-29,118.21,118.6,0.34,99.66
2023-06-30,118.8,118.93,0.11,99.89
2023-07-03,119.0,118.5,0.42,99.58
2023-07-05,120.84,118.93,1.57,98.43
2023-07-06,119.21,117.44,1.49,98.51
2023-07-07,118.58,116.27,1.95,98.05
2023-07-10,115.58,114.94,0.55,99.45
2023-07-11,116.26,116.63,0.32,99.68
2023-07-12,118.04,117.64,0.34,99.66
2023-07-13,123.61,119.94,2.97,97.03
2023-07-14,124.48,120.9,2.87,97.13
2023-07-17,123.72,122.83,0.72,99.28
2023-07-18,122.83,123.47,0.52,99.48
2023-07-19,121.11,121.31,0.16,99.84
2023-07-20,118.31,120.06,1.48,98.52
2023-07-21,119.12,121.15,1.7,98.3
2023-07-24,120.62,121.68,0.88,99.12
2023-07-25,121.29,121.64,0.28,99.72
2023-07-26,128.3,125.1,2.5,97.5
2023-07-27,128.43,125.9,1.97,98.03
2023-07-28,131.59,127.88,2.81,97.19
2023-07-31,131.72,128.18,2.69,97.31
2023-08-01,130.56,128.57,1.53,98.47
2023-08-02,127.42,128.32,0.7,99.3
2023-08-03,127.49,128.32,0.65,99.35
2023-08-04,127.15,128.32,0.92,99.08
2023-08-07,130.54,130.75,0.15,99.85
2023-08-08,130.41,130.75,0.26,99.74
2023-08-09,128.69,131.08,1.86,98.14
2023-08-10,128.72,130.96,1.74,98.26
2023-08-11,128.59,130.59,1.56,98.44
2023-08-14,130.35,130.71,0.28,99.72
2023-08-15,128.81,128.34,0.36,99.64
2023-08-16,127.73,128.14,0.32,99.68
2023-08-17,128.95,128.45,0.39,99.61
2023-08-18,126.5,124.85,1.31,98.69
2023-08-21,127.41,128.34,0.73,99.27
2023-08-22,128.11,130.3,1.71,98.29
2023-08-23,131.38,131.7,0.25,99.75
2023-08-24,128.81,130.23,1.11,98.89
2023-08-25,128.91,129.45,0.42,99.58
2023-08-28,130.03,130.07,0.04,99.96
2023-08-29,133.56,132.69,0.65,99.35
2023-08-30,134.86,133.61,0.93,99.07
2023-08-31,135.15,133.93,0.9,99.1
2023-09-01,134.64,133.47,0.87,99.13
2023-09-05,134.75,134.66,0.07,99.93
2023-09-06,133.45,134.55,0.82,99.18
2023-09-07,134.25,134.16,0.07,99.93
2023-09-08,135.36,136.13,0.57,99.43
2023-09-11,135.89,136.35,0.34,99.66
2023-09-12,134.33,135.89,1.17,98.83
2023-09-13,135.68,135.6,0.06,99.94
2023-09-14,137.06,136.69,0.27,99.73
2023-09-15,136.37,137.08,0.52,99.48
2023-09-18,137.17,138.75,1.15,98.85
2023-09-19,137.0,137.55,0.4,99.6
2023-09-20,132.74,132.27,0.35,99.65
2023-09-21,129.46,128.64,0.64,99.36
2023-09-22,129.27,128.14,0.87,99.13
2023-09-25,130.13,129.95,0.14,99.86
2023-09-26,127.61,128.41,0.63,99.37
2023-09-27,129.56,129.81,0.19,99.81
2023-09-28,131.32,130.93,0.3,99.7
2023-09-29,129.88,129.29,0.45,99.55
2023-10-02,133.16,133.28,0.09,99.91
2023-10-03,131.44,131.35,0.07,99.93
2023-10-04,134.23,132.13,1.56,98.44
2023-10-05,134.06,133.22,0.63,99.37
2023-10-06,136.55,133.84,1.98,98.02
2023-10-09,137.38,134.97,1.76,98.24
2023-10-10,137.02,137.52,0.36,99.64
2023-10-11,139.5,138.49,0.72,99.28
2023-10-12,137.93,138.54,0.45,99.55
2023-10-13,136.33,137.82,1.09,98.91
2023-10-16,138.06,138.86,0.58,99.42
2023-10-17,138.67,138.2,0.34,99.66
2023-10-18,136.93,137.5,0.42,99.58
2023-10-19,136.72,138.37,1.21,98.79
2023-10-20,134.58,134.74,0.11,99.89
2023-10-23,135.48,135.74,0.2,99.8
2023-10-24,137.77,137.44,0.24,99.76
2023-10-25,124.67,128.09,2.74,97.26
2023-10-26,121.36,123.82,2.02,97.98
2023-10-27,121.25,123.51,1.86,98.14
2023-10-30,123.53,123.72,0.16,99.84
2023-10-31,123.15,123.48,0.26,99.74
2023-11-01,125.5,124.37,0.9,99.1
2023-11-02,126.53,126.63,0.07,99.93
2023-11-03,128.13,126.65,1.16,98.84
2023-11-06,129.27,126.98,1.78,98.22
2023-11-07,129.99,129.03,0.73,99.27
2023-11-08,130.85,128.89,1.5,98.5
2023-11-09,129.26,128.78,0.37,99.63
2023-11-10,131.6,129.61,1.51,98.49
2023-11-13,131.1,128.94,1.64,98.36
2023-11-14,132.62,133.23,0.46,99.54
2023-11-15,133.61,133.08,0.4,99.6
2023-11-16,135.9,134.97,0.69,99.31
2023-11-17,134.3,135.85,1.15,98.85
2023-11-20,135.23,136.05,0.61,99.39
2023-11-21,135.94,136.67,0.53,99.47
2023-11-22,137.45,137.2,0.18,99.82
2023-11-24,135.66,136.44,0.57,99.43
2023-11-27,135.39,135.85,0.34,99.66
2023-11-28,136.17,135.97,0.15,99.85
2023-11-29,133.98,135.53,1.16,98.84
2023-11-30,131.54,133.83,1.75,98.25
2023-12-01,130.87,131.51,0.49,99.51
2023-12-04,128.3,130.64,1.82,98.18
2023-12-05,130.01,130.64,0.49,99.51
2023-12-06,129.04,129.58,0.42,99.58
2023-12-07,135.9,133.66,1.65,98.35
2023-12-08,133.98,134.06,0.06,99.94
2023-12-11,132.29,132.55,0.2,99.8
2023-12-12,131.53,131.55,0.02,99.98
2023-12-13,131.58,130.8,0.59,99.41
2023-12-14,130.95,131.26,0.24,99.76
2023-12-15,131.61,131.26,0.26,99.74
2023-12-18,134.78,133.62,0.86,99.14
2023-12-19,135.63,134.63,0.74,99.26
2023-12-20,137.3,136.9,0.29,99.71
2023-12-21,139.37,138.57,0.57,99.43
2023-12-22,140.43,139.67,0.54,99.46
2023-12-26,140.46,139.55,0.64,99.36
2023-12-27,139.32,139.5,0.13,99.87
2023-12-28,139.18,137.48,1.22,98.78
2023-12-29,138.64,138.37,0.2,99.8
2024-01-02,137.13,138.2,0.78,99.22
2024-01-03,137.88,139.13,0.91,99.09
2024-01-04,135.37,136.78,1.04,98.96
2024-01-05,134.71,137.03,1.72,98.28
2024-01-08,137.8,138.93,0.82,99.18
2024-01-09,139.89,139.18,0.51,99.49
2024-01-10,141.21,139.18,1.44,98.56
2024-01-11,141.01,139.44,1.12,98.88
2024-01-12,141.58,139.82,1.24,98.76
2024-01-16,141.42,139.07,1.66,98.34
2024-01-17,140.41,139.13,0.91,99.09
2024-01-18,142.4,141.09,0.92,99.08
2024-01-19,145.28,143.52,1.21,98.79
2024-01-22,144.9,144.69,0.14,99.86
2024-01-23,145.94,146.02,0.06,99.94
2024-01-24,147.58,146.02,1.06,98.94
2024-01-25,150.73,149.29,0.96,99.04
2024-01-26,151.05,150.52,0.35,99.65
2024-01-29,152.36,150.19,1.43,98.57
2024-01-30,150.32,150.04,0.19,99.81
2024-01-31,139.05,142.33,2.36,97.64
2024-02-01,140.1,142.33,1.59,98.41
2024-02-02,141.31,142.46,0.81,99.19
2024-02-05,142.6,142.68,0.05,99.95
2024-02-06,143.02,142.96,0.04,99.96
2024-02-07,144.45,142.82,1.13,98.87
2024-02-08,144.82,144.48,0.23,99.77
2024-02-09,147.88,146.0,1.27,98.73
2024-02-12,146.42,145.43,0.68,99.32
2024-02-13,144.05,143.9,0.11,99.89
2024-02-14,144.85,143.49,0.94,99.06
2024-02-15,141.7,141.04,0.46,99.54
2024-02-16,139.47,138.52,0.68,99.32
2024-02-20,140.06,138.7,0.97,99.03
2024-02-21,141.48,144.5,2.13,97.87
2024-02-22,143.01,144.26,0.87,99.13
2024-02-23,142.88,142.64,0.17,99.83
2024-02-26,136.54,138.52,1.45,98.55
2024-02-27,137.84,138.96,0.82,99.18
2024-02-28,135.36,135.93,0.42,99.58
2024-02-29,137.42,137.9,0.35,99.65
2024-03-01,136.11,136.91,0.59,99.41
2024-03-04,132.35,133.9,1.17,98.83
2024-03-05,131.68,131.79,0.08,99.92
2024-03-06,130.41,132.16,1.34,98.66
2024-03-07,133.37,134.39,0.76,99.24
2024-03-08,134.39,136.22,1.36,98.64
2024-03-11,136.64,136.63,0.0,100.0
2024-03-12,137.46,136.6,0.63,99.37
2024-03-13,138.74,137.76,0.7,99.3
2024-03-14,142.03,140.14,1.33,98.67
2024-03-15,140.12,141.18,0.76,99.24
2024-03-18,146.57,143.88,1.84,98.16
2024-03-19,145.93,145.08,0.58,99.42
2024-03-20,147.62,145.67,1.33,98.67
2024-03-21,146.49,146.63,0.09,99.91
2024-03-22,149.64,148.1,1.03,98.97
2024-03-25,148.94,149.05,0.07,99.93
2024-03-26,149.54,148.64,0.6,99.4
2024-03-27,149.74,150.28,0.36,99.64
2024-03-28,149.8,150.31,0.34,99.66
2024-04-01,154.32,152.27,1.33,98.67
2024-04-02,153.4,152.68,0.47,99.53
2024-04-03,153.76,156.83,2.0,98.0
2024-04-04,149.4,151.46,1.38,98.62
2024-04-05,151.36,152.55,0.79,99.21
2024-04-08,153.69,151.65,1.33,98.67
2024-04-09,155.43,152.84,1.66,98.34
2024-04-10,154.97,152.21,1.78,98.22
2024-04-11,158.21,158.33,0.07,99.93
2024-04-12,156.55,156.62,0.05,99.95
2024-04-15,153.7,154.49,0.51,99.49
2024-04-16,153.24,154.15,0.59,99.41
2024-04-17,154.3,154.49,0.12,99.88
2024-04-18,154.84,156.51,1.08,98.92
2024-04-19,152.93,151.57,0.89,99.11
2024-04-22,155.11,154.26,0.55,99.45
2024-04-23,157.07,155.46,1.03,98.97
2024-04-24,157.94,162.9,3.14,96.86
2024-04-25,154.83,157.14,1.49,98.51
2024-04-26,170.66,164.41,3.66,96.34
2024-04-29,164.9,162.17,1.66,98.34
2024-04-30,161.56,161.5,0.04,99.96
2024-05-01,162.63,159.64,1.84,98.16
2024-05-02,165.37,163.59,1.08,98.92
2024-05-03,165.99,164.23,1.06,98.94
2024-05-06,166.84,165.88,0.58,99.42
2024-05-07,169.97,167.68,1.35,98.65
2024-05-08,168.11,168.71,0.36,99.64
2024-05-09,168.69,168.67,0.01,99.99
2024-05-10,167.39,167.77,0.23,99.77
2024-05-13,167.87,167.56,0.18,99.82
2024-05-14,169.06,169.16,0.06,99.94
2024-05-15,171.22,171.56,0.2,99.8
2024-05-16,172.87,167.83,2.92,97.08
2024-05-17,174.74,172.45,1.31,98.69
2024-05-20,175.59,176.77,0.67,99.33
2024-05-21,176.52,179.49,1.69,98.31
2024-05-22,175.06,176.89,1.05,98.95
2024-05-23,172.25,175.02,1.61,98.39
2024-05-24,173.68,176.15,1.42,98.58
2024-05-28,175.08,174.15,0.53,99.47
2024-05-29,174.58,174.79,0.12,99.88
2024-05-30,170.82,170.77,0.03,99.97
2024-05-31,171.21,171.62,0.24,99.76
2024-06-03,171.87,171.31,0.33,99.67
2024-06-04,172.49,173.78,0.75,99.25
2024-06-05,174.09,175.23,0.65,99.35
2024-06-06,175.4,175.54,0.08,99.92
2024-06-07,173.15,171.87,0.74,99.26
2024-06-10,173.9,173.15,0.43,99.57
2024-06-11,175.5,174.1,0.8,99.2
2024-06-12,176.66,176.1,0.31,99.69
2024-06-13,174.05,175.98,1.11,98.89
2024-06-14,175.67,176.27,0.34,99.66
2024-06-17,176.11,174.58,0.87,99.13
2024-06-18,173.98,172.63,0.77,99.23
2024-06-20,175.18,175.45,0.16,99.84
2024-06-21,178.49,179.32,0.47,99.53
2024-06-24,178.08,179.15,0.6,99.4
2024-06-25,182.86,182.12,0.4,99.6
2024-06-26,182.71,182.03,0.37,99.63
2024-06-27,184.23,184.27,0.02,99.98
2024-06-28,180.99,183.09,1.16,98.84
2024-07-01,181.83,183.67,1.02,98.98
2024-07-02,184.06,183.63,0.24,99.76
2024-07-03,184.64,183.58,0.57,99.43
2024-07-05,189.39,188.45,0.5,99.5
2024-07-08,187.83,188.03,0.11,99.89
2024-07-09,187.78,187.48,0.16,99.84
2024-07-10,189.96,192.72,1.45,98.55
2024-07-11,184.39,186.64,1.22,98.78
2024-07-12,183.89,183.88,0.0,100.0
2024-07-15,185.34,184.89,0.25,99.75
2024-07-16,182.75,185.29,1.39,98.61
2024-07-17,179.87,181.55,0.93,99.07
2024-07-18,176.56,174.88,0.95,99.05
2024-07-19,176.53,176.22,0.17,99.83
2024-07-22,180.51,180.8,0.16,99.84
2024-07-23,180.63,177.34,1.83,98.17
2024-07-24,171.53,172.4,0.5,99.5
2024-07-25,166.22,165.47,0.45,99.55
2024-07-26,165.94,165.47,0.28,99.72
2024-07-29,168.45,169.49,0.61,99.39
2024-07-30,169.21,167.14,1.22,98.78
2024-07-31,170.45,169.0,0.85,99.15
2024-08-01,169.67,169.53,0.08,99.92
2024-08-02,165.6,167.05,0.88,99.12
2024-08-05,158.24,159.67,0.91,99.09
2024-08-06,157.28,156.13,0.73,99.27
2024-08-07,157.93,160.02,1.32,98.68
2024-08-08,161.0,159.47,0.95,99.05
2024-08-09,162.63,158.54,2.51,97.49
2024-08-12,161.26,159.53,1.07,98.93
2024-08-13,163.12,161.68,0.88,99.12
2024-08-14,159.35,160.83,0.93,99.07
2024-08-15,160.27,160.6,0.21,99.79
2024-08-16,161.92,158.56,2.08,97.92
2024-08-19,165.61,162.77,1.72,98.28
2024-08-20,166.12,163.14,1.79,98.21
2024-08-21,164.8,162.94,1.13,98.87
2024-08-22,162.76,162.37,0.24,99.76
2024-08-23,164.57,166.75,1.33,98.67
2024-08-26,165.1,165.25,0.09,99.91
2024-08-27,163.63,165.97,1.43,98.57
2024-08-28,161.81,163.35,0.95,99.05
2024-08-29,160.75,159.91,0.52,99.48
2024-08-30,162.34,162.65,0.19,99.81
2024-09-03,156.36,155.52,0.54,99.46
2024-09-04,155.45,157.0,0.99,99.01
2024-09-05,156.24,156.83,0.38,99.62
2024-09-06,149.96,150.96,0.67,99.33
2024-09-09,147.96,146.84,0.76,99.24
2024-09-10,147.91,146.67,0.84,99.16
2024-09-11,150.4,150.83,0.29,99.71
2024-09-12,153.91,154.58,0.44,99.56
2024-09-13,156.67,155.64,0.66,99.34
2024-09-16,157.26,154.5,1.75,98.25
2024-09-17,158.52,155.69,1.78,98.22
2024-09-18,159.0,158.27,0.46,99.54
2024-09-19,161.32,161.11,0.13,99.87
2024-09-20,162.77,160.88,1.16,98.84
2024-09-23,161.03,164.68,2.26,97.74
2024-09-24,161.47,163.04,0.97,99.03
2024-09-25,160.68,162.77,1.31,98.69
2024-09-26,161.91,162.75,0.52,99.48
2024-09-27,163.12,163.37,0.15,99.85
2024-09-30,165.01,165.77,0.46,99.54
2024-10-01,166.15,165.84,0.19,99.81
2024-10-02,165.02,167.06,1.23,98.77
2024-10-03,165.02,166.24,0.74,99.26
2024-10-04,166.22,166.33,0.07,99.93
2024-10-07,162.16,166.49,2.67,97.33
2024-10-08,163.55,165.99,1.49,98.51
2024-10-09,161.04,160.3,0.46,99.54
2024-10-10,161.26,159.81,0.9,99.1
2024-10-11,162.42,162.35,0.04,99.96
2024-10-14,164.13,164.25,0.08,99.92
2024-10-15,164.63,165.76,0.69,99.31
2024-10-16,164.33,164.85,0.32,99.68
2024-10-17,162.11,163.33,0.76,99.24
2024-10-18,162.6,161.79,0.49,99.51
2024-10-21,163.24,161.32,1.18,98.82
2024-10-22,164.31,164.42,0.07,99.93
2024-10-23,161.96,161.43,0.33,99.67
2024-10-24,161.9,159.87,1.25,98.75
2024-10-25,164.44,165.46,0.62,99.38
2024-10-28,165.88,165.1,0.47,99.53
2024-10-29,168.82,170.03,0.72,99.28
2024-10-30,173.58,171.14,1.4,98.6
2024-10-31,170.25,167.6,1.55,98.45
2024-11-01,170.43,169.05,0.81,99.19
2024-11-04,168.39,170.1,1.01,98.99
2024-11-05,168.88,170.58,1.01,98.99
2024-11-06,175.62,175.41,0.12,99.88
2024-11-07,179.84,177.72,1.18,98.82
2024-11-08,177.45,176.13,0.74,99.26
2024-11-11,179.44,177.44,1.12,98.88
2024-11-12,180.7,181.51,0.45,99.55
2024-11-13,177.98,179.41,0.81,99.19
2024-11-14,174.69,175.32,0.36,99.64
2024-11-15,171.62,173.51,1.1,98.9
2024-11-18,174.42,174.44,0.01,99.99
2024-11-19,177.22,175.45,1.0,99.0
2024-11-20,175.09,174.06,0.59,99.41
2024-11-21,166.78,170.2,2.04,97.96
2024-11-22,163.93,166.05,1.29,98.71
2024-11-25,166.8,170.31,2.1,97.9
2024-11-26,168.27,170.13,1.11,98.89
2024-11-27,168.38,168.01,0.22,99.78
2024-11-29,168.1,168.73,0.38,99.62
2024-12-02,170.63,168.81,1.06,98.94
2024-12-03,170.48,168.81,0.98,99.02
2024-12-04,173.49,170.23,1.88,98.12
2024-12-05,171.77,171.82,0.03,99.97
2024-12-06,173.83,175.45,0.93,99.07
2024-12-09,174.69,175.14,0.26,99.74
2024-12-10,184.45,180.34,2.23,97.77
2024-12-11,194.64,187.79,3.52,96.48
2024-12-12,191.21,189.29,1.01,98.99
2024-12-13,189.08,189.48,0.21,99.79
2024-12-16,195.89,193.3,1.33,98.67
2024-12-17,194.66,194.37,0.15,99.85
2024-12-18,187.67,188.89,0.65,99.35
2024-12-19,187.77,188.65,0.46,99.54
2024-12-20,190.66,190.83,0.09,99.91
2024-12-23,193.87,193.01,0.44,99.56
2024-12-24,195.34,192.69,1.36,98.64
2024-12-26,194.84,193.07,0.91,99.09
2024-12-27,192.01,191.36,0.34,99.66
2024-12-30,190.49,192.62,1.12,98.88
2024-12-31,188.56,190.2,0.87,99.13
2025-01-02,188.69,186.34,1.25,98.75
2025-01-03,191.04,190.85,0.1,99.9
2025-01-06,196.1,196.13,0.02,99.98
2025-01-07,194.73,190.68,2.08,97.92
2025-01-08,193.19,192.39,0.42,99.58
2025-01-10,191.29,194.19,1.52,98.48
2025-01-13,190.26,192.36,1.1,98.9
2025-01-14,188.92,191.21,1.21,98.79
2025-01-15,194.79,192.55,1.15,98.85
2025-01-16,192.16,189.05,1.62,98.38
2025-01-17,195.24,192.55,1.38,98.62
2025-01-21,197.28,197.19,0.04,99.96
2025-01-22,197.6,197.06,0.27,99.73
2025-01-23,197.21,196.94,0.14,99.86
2025-01-24,199.43,200.54,0.56,99.44
2025-01-27,191.06,193.4,1.22,98.78
2025-01-28,194.54,193.35,0.61,99.39
2025-01-29,194.65,193.8,0.44,99.56
2025-01-30,200.09,198.88,0.6,99.4
2025-01-31,203.22,202.28,0.46,99.54
2025-02-03,200.44,200.42,0.01,99.99
2025-02-04,205.57,200.98,2.23,97.77
2025-02-05,190.58,192.63,1.07,98.93
2025-02-06,190.85,195.22,2.29,97.71
2025-02-07,184.62,187.49,1.55,98.45
2025-02-10,185.74,187.49,0.94,99.06
2025-02-11,184.6,185.61,0.55,99.45
2025-02-12,182.89,185.79,1.58,98.42
2025-02-13,185.41,184.75,0.36,99.64
2025-02-14,184.51,186.46,1.06,98.94
2025-02-18,183.05,184.53,0.81,99.19
2025-02-19,184.55,184.53,0.01,99.99
2025-02-20,183.84,182.21,0.89,99.11
2025-02-21,178.96,175.46,1.96,98.04
2025-02-24,178.55,175.92,1.47,98.53
2025-02-25,174.74,170.94,2.17,97.83
2025-02-26,172.06,169.24,1.64,98.36
2025-02-27,167.84,168.01,0.1,99.9
2025-02-28,169.62,170.18,0.33,99.67
2025-03-03,166.36,165.66,0.42,99.58
2025-03-04,170.25,170.31,0.03,99.97
2025-03-05,172.35,171.76,0.34,99.66
2025-03-06,171.68,171.03,0.38,99.62
2025-03-07,173.18,172.18,0.58,99.42
2025-03-10,165.41,167.58,1.31,98.69
2025-03-11,163.59,165.59,1.22,98.78
2025-03-12,166.65,167.59,0.56,99.44
2025-03-13,162.31,164.52,1.36,98.64
2025-03-14,165.03,165.81,0.47,99.53
2025-03-17,163.84,164.93,0.66,99.34
2025-03-18,160.23,163.17,1.83,98.17
2025-03-19,163.44,164.35,0.56,99.44
2025-03-20,162.35,161.51,0.52,99.48
2025-03-21,163.54,164.57,0.63,99.37
2025-03-24,167.22,167.36,0.08,99.92
2025-03-25,170.09,168.08,1.18,98.82
2025-03-26,164.61,165.1,0.3,99.7
2025-03-27,161.79,162.37,0.36,99.64
2025-03-28,153.9,157.84,2.56,97.44
2025-03-31,154.21,158.06,2.49,97.51
2025-04-01,156.64,158.7,1.31,98.69
2025-04-02,156.61,159.75,2.01,97.99
2025-04-03,150.3,151.51,0.8,99.2
2025-04-04,145.2,150.01,3.31,96.69
2025-04-07,146.35,149.1,1.88,98.12
2025-04-08,144.3,147.03,1.89,98.11
2025-04-09,158.27,157.32,0.6,99.4
2025-04-10,152.4,155.88,2.29,97.71
2025-04-11,156.71,155.98,0.46,99.54
2025-04-14,158.63,155.85,1.75,98.25
2025-04-15,155.88,153.75,1.37,98.63
2025-04-16,152.91,152.32,0.39,99.61
2025-04-17,150.74,152.72,1.31,98.69
2025-04-21,147.26,152.18,3.34,96.66
2025-04-22,151.05,152.1,0.69,99.31
2025-04-23,154.92,152.33,1.68,98.32
2025-04-24,158.84,159.44,0.38,99.62
2025-04-25,161.51,160.77,0.46,99.54
2025-04-28,160.17,160.52,0.22,99.78
2025-04-29,159.72,160.77,0.66,99.34
2025-04-30,158.36,157.0,0.86,99.14
2025-05-01,160.86,160.21,0.4,99.6
2025-05-02,163.58,160.69,1.77,98.23
2025-05-05,163.76,160.77,1.82,98.18
2025-05-06,162.78,160.41,1.46,98.54
2025-05-07,150.96,155.15,2.77,97.23
2025-05-08,153.86,157.19,2.17,97.83
2025-05-09,152.33,158.01,3.73,96.27
2025-05-12,158.02,160.08,1.3,98.7
2025-05-13,159.09,160.41,0.83,99.17
2025-05-14,164.91,164.25,0.41,99.59
2025-05-15,163.51,162.25,0.77,99.23
2025-05-16,165.73,163.73,1.21,98.79
2025-05-19,166.08,164.19,1.14,98.86
2025-05-20,163.53,162.67,0.53,99.47
2025-05-21,168.1,165.8,1.36,98.64
2025-05-22,170.4,167.63,1.63,98.37
2025-05-23,168.01,167.03,0.58,99.42
2025-05-27,172.42,168.38,2.35,97.65
2025-05-28,171.89,169.16,1.59,98.41
2025-05-29,171.39,172.03,0.38,99.62
2025-05-30,171.27,173.57,1.35,98.65
2025-06-02,168.56,170.94,1.41,98.59
2025-06-03,165.72,169.06,2.01,97.99
2025-06-04,167.59,167.63,0.03,99.97
2025-06-05,167.75,168.93,0.7,99.3
2025-06-06,173.2,170.47,1.58,98.42
2025-06-09,175.82,175.63,0.11,99.89
2025-06-10,178.32,178.21,0.07,99.93
2025-06-11,177.08,176.74,0.19,99.81
2025-06-12,175.43,173.09,1.33,98.67
2025-06-13,174.4,173.15,0.72,99.28
2025-06-16,176.5,173.5,1.7,98.3
2025-06-17,175.68,173.32,1.34,98.66
2025-06-18,173.05,172.7,0.2,99.8
2025-06-20,166.38,167.1,0.43,99.57
2025-06-23,164.93,166.01,0.65,99.35
2025-06-24,166.51,169.76,1.95,98.05
2025-06-25,170.42,171.98,0.92,99.08
2025-06-26,173.27,173.17,0.06,99.94
2025-06-27,178.25,176.88,0.77,99.23
2025-06-30,175.96,175.14,0.47,99.53
2025-07-01,175.57,174.42,0.66,99.34
2025-07-02,178.36,178.06,0.17,99.83
2025-07-03,179.25,178.71,0.3,99.7
2025-07-07,176.52,177.07,0.31,99.69
2025-07-08,174.09,174.74,0.37,99.63
2025-07-09,176.35,174.88,0.83,99.17
2025-07-10,177.35,175.47,1.06,98.94
2025-07-11,179.91,181.35,0.8,99.2
2025-07-14,181.28,181.39,0.06,99.94
2025-07-15,181.72,183.68,1.08,98.92
2025-07-16,182.69,183.85,0.64,99.36
2025-07-17,183.3,184.61,0.72,99.28
2025-07-18,184.77,183.02,0.95,99.05
2025-07-21,189.81,188.83,0.51,99.49
2025-07-22,191.04,189.67,0.72,99.28
2025-07-23,189.94,188.45,0.78,99.22
2025-07-24,191.87,188.89,1.55,98.45
2025-07-25,192.88,195.15,1.18,98.82
2025-07-28,192.28,199.37,3.68,96.32
2025-07-29,195.45,199.37,2.01,97.99
2025-07-30,196.23,199.72,1.78,98.22
2025-07-31,191.6,193.98,1.24,98.76
2025-08-01,188.84,190.34,0.79,99.21
2025-08-04,194.74,191.96,1.43,98.57
2025-08-05,194.37,193.36,0.52,99.48
2025-08-06,195.79,194.34,0.74,99.26
2025-08-07,196.22,197.09,0.44,99.56
2025-08-08,201.11,201.5,0.19,99.81
2025-08-11,200.69,201.26,0.29,99.71
2025-08-12,203.03,204.89,0.92,99.08
2025-08-13,201.65,202.13,0.24,99.76
2025-08-14,202.63,202.13,0.25,99.75
2025-08-15,203.58,200.42,1.55,98.45
2025-08-18,203.19,200.12,1.51,98.49
2025-08-19,201.26,199.82,0.72,99.28
2025-08-20,199.01,199.25,0.12,99.88
2025-08-21,199.44,201.54,1.05,98.95
2025-08-22,205.77,201.37,2.14,97.86
2025-08-25,208.17,218.0,4.73,95.27
2025-08-26,206.82,210.26,1.66,98.34
2025-08-27,207.16,210.26,1.5,98.5
2025-08-28,211.31,210.58,0.35,99.65
2025-08-29,212.58,216.45,1.82,98.18
2025-09-02,211.02,213.78,1.31,98.69
2025-09-03,230.3,231.89,0.69,99.31
2025-09-04,231.94,232.36,0.18,99.82
2025-09-05,234.64,235.96,0.56,99.44
2025-09-08,233.89,233.93,0.02,99.98
2025-09-09,239.47,239.42,0.02,99.98
2025-09-10,239.01,239.86,0.35,99.65
2025-09-11,240.21,239.86,0.15,99.85
2025-09-12,240.64,239.82,0.34,99.66
2025-09-15,251.45,239.86,4.61,95.39
2025-09-16,251.0,251.43,0.17,99.83
2025-09-17,249.37,250.19,0.33,99.67
2025-09-18,251.87,250.19,0.67,99.33
2025-09-19,254.55,250.19,1.72,98.28
2025-09-22,252.36,252.34,0.01,99.99
2025-09-23,251.5,245.7,2.31,97.69
2025-09-24,246.98,250.35,1.37,98.63
2025-09-25,245.63,248.93,1.34,98.66
2025-09-26,246.38,245.87,0.21,99.79
2025-09-29,243.89,246.16,0.93,99.07
2025-09-30,242.94,244.08,0.47,99.53
2025-10-01,244.74,244.4,0.14,99.86
2025-10-02,245.53,244.27,0.51,99.49
2025-10-03,245.19,242.24,1.2,98.8
2025-10-06,250.27,243.84,2.57,97.43
2025-10-07,245.6,248.24,1.07,98.93
2025-10-08,244.46,239.39,2.08,97.92
2025-10-09,241.37,238.19,1.32,98.68
2025-10-10,236.42,242.94,2.76,97.24
2025-10-13,244.15,246.33,0.89,99.11
2025-10-14,245.45,245.12,0.14,99.86
2025-10-15,251.03,248.93,0.84,99.16
2025-10-16,251.46,248.4,1.22,98.78
2025-10-17,253.3,247.77,2.18,97.82
2025-10-20,256.55,255.45,0.43,99.57
2025-10-21,250.46,253.9,1.37,98.63
2025-10-22,251.69,254.21,1.0,99.0
2025-10-23,253.08,250.36,1.07,98.93
2025-10-24,259.92,264.69,1.84,98.16
2025-10-27,269.27,268.04,0.46,99.54
2025-10-28,267.47,267.04,0.16,99.84
2025-10-29,274.57,279.19,1.68,98.32
2025-10-30,281.48,284.21,0.97,99.03
2025-10-31,281.19,284.05,1.02,98.98
2025-11-03,283.72,284.21,0.17,99.83
2025-11-04,277.54,276.54,0.36,99.64
2025-11-05,284.31,279.66,1.64,98.36
2025-11-06,284.75,276.53,2.89,97.11
2025-11-07,278.83,275.07,1.35,98.65
2025-11-10,290.1,290.6,0.17,99.83
2025-11-11,291.31,290.6,0.24,99.76
2025-11-12,286.71,289.87,1.1,98.9
2025-11-13,278.57,283.15,1.64,98.36
2025-11-14,276.41,282.93,2.36,97.64
2025-11-17,285.02,286.24,0.43,99.57
2025-11-18,284.28,285.83,0.55,99.45
2025-11-19,292.81,285.83,2.38,97.62
2025-11-20,289.45,287.38,0.71,99.29
2025-11-21,299.66,303.99,1.44,98.56
2025-11-24,318.58,318.61,0.01,99.99
2025-11-25,323.44,318.61,1.49,98.51
2025-11-26,319.95,314.71,1.64,98.36
2025-11-28,320.18,321.27,0.34,99.66
2025-12-01,314.89,314.31,0.19,99.81
2025-12-02,315.81,317.43,0.51,99.49
2025-12-03,319.63,321.37,0.54,99.46
2025-12-04,317.62,323.77,1.94,98.06
2025-12-05,321.27,323.97,0.84,99.16
2025-12-08,313.72,316.58,0.91,99.09
2025-12-09,317.08,318.63,0.49,99.51
2025-12-10,320.21,317.52,0.84,99.16
2025-12-11,312.43,315.72,1.05,98.95
2025-12-12,309.29,312.78,1.13,98.87
2025-12-15,308.22,302.3,1.92,98.08
2025-12-16,306.57,300.33,2.04,97.96
2025-12-17,296.72,296.99,0.09,99.91
2025-12-18,302.46,301.1,0.45,99.55
2025-12-19,307.16,309.25,0.68,99.32
2025-12-22,309.78,311.41,0.53,99.47
2025-12-23,314.35,312.56,0.57,99.43
2025-12-24,314.09,314.44,0.11,99.89
2025-12-26,313.51,308.39,1.63,98.37
2025-12-29,313.56,314.42,0.28,99.72
2025-12-30,313.85,313.49,0.11,99.89
2025-12-31,313.0,307.43,1.78,98.22
2026-01-02,315.15,314.42,0.23,99.77
2026-01-05,316.54,315.86,0.22,99.78
2026-01-06,314.34,315.37,0.33,99.67
2026-01-07,321.98,322.55,0.18,99.82
2026-01-08,325.44,332.81,2.26,97.74
2026-01-09,328.57,333.82,1.6,98.4
2026-01-12,331.86,333.84,0.6,99.4
2026-01-13,335.97,333.92,0.61,99.39
2026-01-14,335.84,333.94,0.57,99.43
2026-01-15,332.78,329.83,0.89,99.11
2026-01-16,330.0,327.45,0.77,99.23
2026-01-20,322.0,326.22,1.31,98.69
2026-01-21,328.38,328.45,0.02,99.98
2026-01-22,330.54,332.89,0.71,99.29
2026-01-23,327.93,330.66,0.83,99.17
2026-01-26,333.26,332.76,0.15,99.85
2026-01-27,334.55,332.89,0.5,99.5
2026-01-28,336.01,332.92,0.92,99.08
2026-01-29,338.25,333.3,1.46,98.54
2026-01-30,338.0,331.02,2.07,97.93
2026-02-02,343.69,338.46,1.52,98.48
2026-02-03,339.71,335.93,1.11,98.89
2026-02-04,333.04,333.48,0.13,99.87
2026-02-05,331.25,335.58,1.31,98.69
2026-02-06,322.86,326.83,1.23,98.77
2026-02-09,324.32,332.42,2.5,97.5
2026-02-10,318.58,321.94,1.05,98.95
2026-02-11,310.96,317.23,2.02,97.98
2026-02-12,309.0,317.72,2.82,97.18
2026-02-13,305.72,307.03,0.43,99.57
2026-02-17,302.02,304.13,0.7,99.3
2026-02-18,303.33,303.95,0.2,99.8
2026-02-19,302.85,303.91,0.35,99.65
2026-02-20,314.98,311.38,1.14,98.86
2026-02-23,311.49,309.06,0.78,99.22
2026-02-24,310.9,306.85,1.3,98.7
2026-02-25,312.9,308.68,1.35,98.65
2026-02-26,307.38,306.27,0.36,99.64
2026-02-27,311.76,311.14,0.2,99.8
2026-03-02,306.52,307.48,0.31,99.69
2026-03-03,303.58,304.03,0.15,99.85
2026-03-04,303.13,305.91,0.92,99.08
2026-03-05,300.88,300.08,0.26,99.74
2026-03-06,298.52,301.59,1.03,98.97
2026-03-09,306.36,309.11,0.9,99.1
2026-03-10,307.04,309.15,0.69,99.31
2026-03-11,308.7,311.67,0.96,99.04
2026-03-12,303.55,300.61,0.97,99.03
2026-03-13,302.28,302.11,0.06,99.94
2026-03-16,305.56,302.29,1.07,98.93
2026-03-17,310.92,309.82,0.35,99.65
2026-03-18,307.69,309.26,0.51,99.49
2026-03-19,307.13,302.29,1.57,98.43
2026-03-20,301.0,300.14,0.29,99.71
2026-03-23,302.06,306.57,1.49,98.51
2026-03-24,290.44,293.06,0.9,99.1
2026-03-25,290.93,294.07,1.08,98.92
2026-03-26,280.92,287.55,2.36,97.64
2026-03-27,274.34,281.33,2.55,97.45
2026-03-30,273.5,284.5,4.02,95.98
2026-03-31,287.56,291.35,1.32,98.68
2026-04-01,297.39,300.33,0.99,99.01
2026-04-02,295.77,296.1,0.11,99.89
2026-04-06,299.99,299.89,0.03,99.97
2026-04-07,305.46,299.89,1.82,98.18
2026-04-08,317.32,311.09,1.96,98.04
2026-04-09,318.49,311.75,2.12,97.88
2026-04-10,317.24,312.19,1.59,98.41
2026-04-13,321.31,319.34,0.61,99.39
2026-04-14,332.91,326.81,1.83,98.17
2026-04-15,337.12,331.48,1.67,98.33
2026-04-16,336.02,336.8,0.23,99.77
2026-04-17,341.68,341.44,0.07,99.93
2026-04-20,337.42,341.44,1.19,98.81
2026-04-21,332.29,335.89,1.08,98.92
2026-04-22,339.32,336.47,0.84,99.16
2026-04-23,338.89,339.77,0.26,99.74
2026-04-24,344.4,340.9,1.02,98.98
2026-04-27,350.34,354.89,1.3,98.7
2026-04-28,349.78,350.74,0.28,99.72
2026-04-29,349.94,361.69,3.36,96.64
2026-04-30,384.8,376.66,2.12,97.88
2026-05-01,385.69,376.42,2.4,97.6
2026-05-04,383.25,384.5,0.33,99.67
2026-05-05,388.43,384.5,1.01,98.99
2026-05-06,398.04,391.16,1.73,98.27
2026-05-07,397.99,390.94,1.77,98.23
2026-05-08,400.8,397.99,0.7,99.3
2026-05-11,388.64,396.36,1.99,98.01
2026-05-12,387.35,392.06,1.22,98.78
2026-05-13,402.62,396.55,1.51,98.49
2026-05-14,401.07,396.03,1.26,98.74
2026-05-15,396.78,393.85,0.74,99.26
2026-05-18,396.94,394.86,0.52,99.48
2026-05-19,387.66,393.6,1.53,98.47
2026-05-20,388.91,386.06,0.73,99.27
2026-05-21,387.66,391.36,0.96,99.04
2026-05-22,382.97,391.36,2.19,97.81
2026-05-26,388.88,391.36,0.64,99.36
2026-05-27,388.83,376.26,3.23,96.77
2026-05-28,390.13,391.59,0.37,99.63
2026-05-29,380.34,373.4,1.82,98.18
2026-06-01,376.37,374.96,0.38,99.62
2026-06-02,361.85,370.46,2.38,97.62
2026-06-03,358.99,365.26,1.75,98.25
2026-06-04,372.19,367.82,1.17,98.83
2026-06-05,368.53,367.82,0.19,99.81
2026-06-08,363.31,366.86,0.98,99.02
2026-06-09,364.26,361.27,0.82,99.18
2026-06-10,356.38,356.73,0.1,99.9
2026-06-11,357.77,357.7,0.02,99.98
2026-06-12,359.68,359.61,0.02,99.98
2026-06-15,369.35,361.46,2.13,97.87
2026-06-16,373.25,366.35,1.85,98.15
2026-06-17,363.79,357.22,1.81,98.19
2026-06-18,368.03,367.9,0.04,99.96
2026-06-22,349.68,357.22,2.15,97.85
2026-06-23,346.13,354.31,2.36,97.64
2026-06-24,345.29,354.31,2.61,97.39
2026-06-25,343.71,346.58,0.83,99.17
2026-06-26,337.39,339.58,0.65,99.35
2026-06-29,353.65,353.78,0.04,99.96
2026-06-30,357.37,353.78,1.01,98.99
2026-07-01,361.21,361.57,0.1,99.9
2026-07-02,359.91,361.51,0.44,99.56
2026-07-06,366.46,358.8,2.09,97.91
2026-07-07,367.03,360.51,1.78,98.22
2026-07-08,361.92,359.34,0.71,99.29
2026-07-09,358.89,360.51,0.45,99.55
2026-07-10,357.18,358.07,0.25,99.75
2026-07-13,352.51,353.1,0.17,99.83
2026-07-14,359.51,361.7,0.61,99.39
2026-07-15,370.92,366.51,1.19,98.81
2026-07-16,354.46,355.73,0.36,99.64
2026-07-17,346.77,352.75,1.72,98.28
2026-07-20,351.99,351.83,0.04,99.96
2026-07-21,347.15,348.73,0.45,99.55
2026-07-22,342.09,334.05,2.35,97.65
2026-07-23,317.69,324.01,1.99,98.01
2026-07-24,319.74,325.03,1.66,98.34
2026-07-27,326.56,333.28,2.06,97.94
2026-07-28,333.71,337.11,1.02,98.98
2026-07-29,336.71,338.72,0.6,99.4
2026-07-30,333.66,335.94,0.68,99.32
2026-07-31,356.13,355.6,0.15,99.85
2026-08-03,373.51,356.8,4.48,95.52
2026-08-04,377.65,369.64,2.12,97.88
2026-08-05,362.43,368.99,1.81,98.19
2026-08-06,357.75,365.85,2.26,97.74
2026-08-07,354.3,351.08,0.91,99.09
2026-08-10,357.52,361.71,1.17,98.83
2026-08-11,343.8,342.58,0.36,99.64
2026-08-12,343.54,351.37,2.28,97.72
2026-08-13,346.36,351.37,1.45,98.55
2026-08-14,345.9,349.36,1.0,99.0
2026-08-17,344.0,344.42,0.12,99.88
2026-08-18,344.2,346.91,0.79,99.21
2026-08-19,344.72,344.42,0.09,99.91
2026-08-20,340.67,340.85,0.05,99.95
2026-08-21,344.82,337.07,2.25,97.75
2026-08-24,348.06,337.61,3.0,97.0
2026-08-25,346.96,341.13,1.68,98.32
