timestamp,Latest Actual Close,Predicted Close,Error (%),Accuracy (%)
1986-07-07,0.06,0.26,304.81,-204.81
1986-07-08,0.06,0.2,229.64,-129.64
1986-07-09,0.06,0.2,244.36,-144.36
1986-07-10,0.06,0.2,253.84,-153.84
1986-07-11,0.06,0.2,244.36,-144.36
1986-07-14,0.06,0.2,249.04,-149.04
1986-07-15,0.06,0.2,244.36,-144.36
1986-07-16,0.06,0.26,318.77,-218.77
1986-07-17,0.06,0.25,307.11,-207.11
1986-07-18,0.06,0.27,321.71,-221.71
1986-07-21,0.06,0.25,303.69,-203.69
1986-07-22,0.07,0.27,308.0,-208.0
1986-07-23,0.06,0.25,300.32,-200.32
1986-07-24,0.07,0.26,290.63,-190.63
1986-07-25,0.07,0.26,299.7,-199.7
1986-07-28,0.06,0.26,309.53,-209.53
1986-07-29,0.06,0.26,319.85,-219.85
1986-07-30,0.06,0.26,334.46,-234.46
1986-07-31,0.06,0.26,338.27,-238.27
1986-08-01,0.06,0.26,342.15,-242.15
1986-08-04,0.06,0.27,344.11,-244.11
1986-08-05,0.06,0.25,328.92,-228.92
1986-08-06,0.06,0.25,332.27,-232.27
1986-08-07,0.06,0.23,302.44,-202.44
1986-08-08,0.06,0.25,332.27,-232.27
1986-08-11,0.06,0.25,317.23,-217.23
1986-08-12,0.06,0.25,307.11,-207.11
1986-08-13,0.06,0.26,308.21,-208.21
1986-08-14,0.06,0.25,293.76,-193.76
1986-08-15,0.06,0.27,309.66,-209.66
1986-08-18,0.06,0.26,312.91,-212.91
1986-08-19,0.06,0.26,309.46,-209.46
1986-08-20,0.06,0.26,312.87,-212.87
1986-08-21,0.06,0.26,312.87,-212.87
1986-08-22,0.06,0.26,319.87,-219.87
1986-08-25,0.06,0.26,319.87,-219.87
1986-08-26,0.06,0.26,323.45,-223.45
1986-08-27,0.06,0.26,323.45,-223.45
1986-08-28,0.06,0.26,323.45,-223.45
1986-08-29,0.06,0.25,321.4,-221.4
1986-09-02,0.06,0.2,247.47,-147.47
1986-09-03,0.06,0.18,206.82,-106.82
1986-09-04,0.06,0.26,315.19,-215.19
1986-09-05,0.06,0.26,297.03,-197.03
1986-09-08,0.06,0.27,314.74,-214.74
1986-09-09,0.07,0.26,306.2,-206.2
1986-09-10,0.06,0.27,314.74,-214.74
1986-09-11,0.06,0.25,314.13,-214.13
1986-09-12,0.06,0.25,325.12,-225.12
1986-09-15,0.06,0.25,317.73,-217.73
1986-09-16,0.06,0.26,321.2,-221.2
1986-09-17,0.06,0.27,325.28,-225.28
1986-09-18,0.06,0.27,321.71,-221.71
1986-09-19,0.06,0.26,319.85,-219.85
1986-09-22,0.06,0.26,323.41,-223.41
1986-09-23,0.06,0.26,312.87,-212.87
1986-09-24,0.06,0.27,323.49,-223.49
1986-09-25,0.06,0.26,318.04,-218.04
1986-09-26,0.06,0.26,318.77,-218.77
1986-09-29,0.06,0.2,241.32,-141.32
1986-09-30,0.06,0.23,291.76,-191.76
1986-10-01,0.06,0.26,333.72,-233.72
1986-10-02,0.06,0.25,328.92,-228.92
1986-10-03,0.06,0.25,325.12,-225.12
1986-10-06,0.06,0.26,306.1,-206.1
1986-10-07,0.07,0.26,297.95,-197.95
1986-10-08,0.07,0.26,287.07,-187.07
1986-10-09,0.07,0.27,292.47,-192.47
1986-10-10,0.07,0.33,349.71,-249.71
1986-10-13,0.07,0.26,275.34,-175.34
1986-10-14,0.07,0.26,269.74,-169.74
1986-10-15,0.07,0.33,343.28,-243.28
1986-10-16,0.07,0.33,343.28,-243.28
1986-10-17,0.08,0.33,338.11,-238.11
1986-10-20,0.08,0.33,335.09,-235.09
1986-10-21,0.08,0.33,311.54,-211.54
1986-10-22,0.08,0.33,311.54,-211.54
1986-10-23,0.08,0.33,311.54,-211.54
1986-10-24,0.08,0.33,320.58,-220.58
1986-10-27,0.08,0.33,307.01,-207.01
1986-10-28,0.08,0.33,298.03,-198.03
1986-10-29,0.08,0.31,275.93,-175.93
1986-10-30,0.08,0.28,233.58,-133.58
1986-10-31,0.08,0.33,300.38,-200.38
1986-11-03,0.08,0.33,292.78,-192.78
1986-11-04,0.09,0.33,278.41,-178.41
1986-11-05,0.09,0.33,262.57,-162.57
1986-11-06,0.09,0.33,254.42,-154.42
1986-11-07,0.09,0.33,256.42,-156.42
1986-11-10,0.09,0.26,191.44,-91.44
1986-11-11,0.09,0.26,189.73,-89.73
1986-11-12,0.09,0.26,189.73,-89.73
1986-11-13,0.09,0.26,194.03,-94.03
1986-11-14,0.09,0.26,191.44,-91.44
1986-11-17,0.09,0.26,189.73,-89.73
1986-11-18,0.09,0.26,208.41,-108.41
1986-11-19,0.09,0.26,197.4,-97.4
1986-11-20,0.1,0.26,173.73,-73.73
1986-11-21,0.1,0.28,180.06,-80.06
1986-11-24,0.11,0.31,186.61,-86.61
1986-11-25,0.11,0.28,156.73,-56.73
1986-11-26,0.11,0.26,145.27,-45.27
1986-11-28,0.11,0.26,148.97,-48.97
1986-12-01,0.1,0.26,154.07,-54.07
1986-12-02,0.1,0.26,152.78,-52.78
1986-12-03,0.1,0.26,154.73,-54.73
1986-12-04,0.1,0.27,162.97,-62.97
1986-12-05,0.1,0.26,152.78,-52.78
1986-12-08,0.1,0.26,155.38,-55.38
1986-12-09,0.1,0.31,199.97,-99.97
1986-12-10,0.1,0.29,181.98,-81.98
1986-12-11,0.1,0.26,152.78,-52.78
1986-12-12,0.1,0.27,165.52,-65.52
1986-12-15,0.1,0.19,91.53,8.47
1986-12-16,0.1,0.19,89.47,10.53
1986-12-17,0.1,0.2,105.15,-5.15
1986-12-18,0.1,0.25,153.2,-53.2
1986-12-19,0.1,0.26,149.68,-49.68
1986-12-22,0.1,0.27,156.04,-56.04
1986-12-23,0.1,0.26,152.34,-52.34
1986-12-24,0.1,0.27,154.1,-54.1
1986-12-26,0.1,0.27,154.74,-54.74
1986-12-29,0.1,0.25,154.17,-54.17
1986-12-30,0.1,0.26,153.6,-53.6
1986-12-31,0.1,0.26,150.97,-50.97
1987-01-02,0.1,0.25,151.51,-51.51
1987-01-05,0.11,0.26,145.27,-45.27
1987-01-06,0.11,0.29,167.54,-67.54
1987-01-07,0.11,0.33,187.31,-87.31
1987-01-08,0.12,0.33,178.29,-78.29
1987-01-09,0.12,0.33,171.93,-71.93
1987-01-12,0.13,0.33,155.41,-55.41
1987-01-13,0.13,0.33,158.58,-58.58
1987-01-14,0.13,0.31,141.23,-41.23
1987-01-15,0.13,0.33,145.29,-45.29
1987-01-16,0.13,0.31,134.39,-34.39
1987-01-19,0.14,0.33,146.44,-46.44
1987-01-20,0.14,0.33,142.64,-42.64
1987-01-21,0.14,0.33,132.79,-32.79
1987-01-22,0.16,0.35,121.44,-21.44
1987-01-23,0.14,0.28,93.97,6.03
1987-01-26,0.15,0.28,90.44,9.56
1987-01-27,0.15,0.28,83.12,16.88
1987-01-28,0.15,0.28,82.48,17.52
1987-01-29,0.15,0.26,80.16,19.84
1987-01-30,0.15,0.26,69.38,30.62
1987-02-02,0.15,0.26,69.67,30.33
1987-02-03,0.15,0.26,72.63,27.37
1987-02-04,0.15,0.26,72.03,27.97
1987-02-05,0.15,0.26,73.23,26.77
1987-02-06,0.15,0.26,81.35,18.65
1987-02-09,0.14,0.26,83.01,16.99
1987-02-10,0.14,0.27,83.15,16.85
1987-02-11,0.15,0.25,67.38,32.62
1987-02-12,0.16,0.26,61.38,38.62
1987-02-13,0.16,0.26,62.97,37.03
1987-02-17,0.16,0.26,63.28,36.72
1987-02-18,0.15,0.27,74.86,25.14
1987-02-19,0.15,0.27,82.49,17.51
1987-02-20,0.14,0.26,78.59,21.41
1987-02-23,0.15,0.26,67.61,32.39
1987-02-24,0.16,0.26,64.89,35.11
1987-02-25,0.16,0.26,67.66,32.34
1987-02-26,0.16,0.26,61.69,38.31
1987-02-27,0.16,0.26,61.38,38.62
1987-03-02,0.16,0.26,67.66,32.34
1987-03-03,0.16,0.26,67.66,32.34
1987-03-04,0.17,0.26,56.62,43.38
1987-03-05,0.18,0.26,49.59,50.41
1987-03-06,0.18,0.26,50.04,49.96
1987-03-09,0.17,0.26,52.79,47.21
1987-03-10,0.18,0.26,47.02,52.98
1987-03-11,0.18,0.33,81.46,18.54
1987-03-12,0.18,0.33,80.67,19.33
1987-03-13,0.18,0.26,49.68,50.32
1987-03-16,0.17,0.26,50.59,49.41
1987-03-17,0.18,0.26,45.72,54.28
1987-03-18,0.19,0.28,46.29,53.71
1987-03-19,0.19,0.29,50.26,49.74
1987-03-20,0.19,0.33,71.91,28.09
1987-03-23,0.19,0.31,61.49,38.51
1987-03-24,0.19,0.28,45.07,54.93
1987-03-25,0.19,0.26,37.81,62.19
1987-03-26,0.19,0.26,38.78,61.22
1987-03-27,0.19,0.28,42.7,57.3
1987-03-30,0.2,0.31,49.6,50.4
1987-03-31,0.2,0.29,41.72,58.28
1987-04-01,0.19,0.26,37.26,62.74
1987-04-02,0.2,0.26,30.38,69.62
1987-04-03,0.21,0.31,45.1,54.9
1987-04-06,0.21,0.28,31.92,68.08
1987-04-07,0.2,0.26,32.88,67.12
1987-04-08,0.2,0.26,29.1,70.9
1987-04-09,0.2,0.26,31.48,68.52
1987-04-10,0.2,0.26,30.62,69.38
1987-04-13,0.2,0.26,35.03,64.97
1987-04-14,0.2,0.26,32.88,67.12
1987-04-15,0.2,0.28,38.37,61.63
1987-04-16,0.21,0.28,34.86,65.14
1987-04-20,0.2,0.27,34.75,65.25
1987-04-21,0.21,0.28,37.16,62.84
1987-04-22,0.21,0.28,34.86,65.14
1987-04-23,0.21,0.28,34.86,65.14
1987-04-24,0.21,0.27,30.33,69.67
1987-04-27,0.21,0.27,30.33,69.67
1987-04-28,0.22,0.3,32.57,67.43
1987-04-29,0.22,0.28,28.66,71.34
1987-04-30,0.22,0.28,28.64,71.36
1987-05-01,0.22,0.28,27.42,72.58
1987-05-04,0.23,0.35,54.28,45.72
1987-05-05,0.24,0.35,44.83,55.17
1987-05-06,0.24,0.33,36.87,63.13
1987-05-07,0.25,0.33,30.79,69.21
1987-05-08,0.27,0.36,34.79,65.21
1987-05-11,0.26,0.35,34.21,65.79
1987-05-12,0.25,0.3,18.62,81.38
1987-05-13,0.26,0.3,15.69,84.31
1987-05-14,0.26,0.3,14.75,85.25
1987-05-15,0.25,0.28,12.19,87.81
1987-05-18,0.24,0.28,15.26,84.74
1987-05-19,0.24,0.28,19.4,80.6
1987-05-20,0.23,0.28,21.31,78.69
1987-05-21,0.24,0.28,19.14,80.86
1987-05-22,0.23,0.28,23.22,76.78
1987-05-26,0.23,0.27,16.92,83.08
1987-05-27,0.23,0.27,16.92,83.08
1987-05-28,0.25,0.27,10.99,89.01
1987-05-29,0.24,0.28,16.05,83.95
1987-06-01,0.24,0.28,18.36,81.64
1987-06-02,0.24,0.29,22.61,77.39
1987-06-03,0.24,0.28,18.1,81.9
1987-06-04,0.24,0.27,15.37,84.63
1987-06-05,0.23,0.27,18.8,81.2
1987-06-08,0.23,0.27,17.88,82.12
1987-06-09,0.23,0.27,17.46,82.54
1987-06-10,0.22,0.27,25.0,75.0
1987-06-11,0.21,0.22,7.03,92.97
1987-06-12,0.21,0.25,20.71,79.29
1987-06-15,0.21,0.22,6.21,93.79
1987-06-16,0.21,0.27,28.27,71.73
1987-06-17,0.22,0.22,0.58,99.42
1987-06-18,0.22,0.22,0.5,99.5
1987-06-19,0.22,0.26,18.59,81.41
1987-06-22,0.22,0.25,14.32,85.68
1987-06-23,0.22,0.22,1.56,98.44
1987-06-24,0.22,0.27,22.09,77.91
1987-06-25,0.22,0.27,23.8,76.2
1987-06-26,0.22,0.27,23.51,76.49
1987-06-29,0.22,0.27,24.1,75.9
1987-06-30,0.22,0.27,25.52,74.48
1987-07-01,0.22,0.28,30.52,69.48
1987-07-02,0.21,0.28,32.84,67.16
1987-07-06,0.21,0.27,32.33,67.67
1987-07-07,0.19,0.22,15.63,84.37
1987-07-08,0.2,0.22,11.91,88.09
1987-07-09,0.2,0.22,8.98,91.02
1987-07-10,0.21,0.27,31.84,68.16
1987-07-13,0.21,0.27,29.0,71.0
1987-07-14,0.22,0.28,26.51,73.49
1987-07-15,0.22,0.27,25.21,74.79
1987-07-16,0.22,0.27,25.52,74.48
1987-07-17,0.22,0.27,25.21,74.79
1987-07-20,0.21,0.27,28.67,71.33
1987-07-21,0.21,0.27,29.0,71.0
1987-07-22,0.21,0.27,28.03,71.97
1987-07-23,0.21,0.27,30.97,69.03
1987-07-24,0.21,0.28,35.42,64.58
1987-07-27,0.21,0.28,34.12,65.88
1987-07-28,0.21,0.28,34.46,65.54
1987-07-29,0.21,0.28,33.84,66.16
1987-07-30,0.21,0.28,37.52,62.48
1987-07-31,0.2,0.27,37.41,62.59
1987-08-03,0.19,0.19,1.06,98.94
1987-08-04,0.2,0.22,11.31,88.69
1987-08-05,0.21,0.27,33.03,66.97
1987-08-06,0.21,0.27,27.75,72.25
1987-08-07,0.22,0.28,28.35,71.65
1987-08-10,0.22,0.28,28.35,71.65
1987-08-11,0.21,0.28,31.42,68.58
1987-08-12,0.21,0.28,32.84,67.16
1987-08-13,0.22,0.28,28.97,71.03
1987-08-14,0.22,0.28,28.35,71.65
1987-08-17,0.22,0.28,27.42,72.58
1987-08-18,0.22,0.28,29.6,70.4
1987-08-19,0.22,0.28,29.6,70.4
1987-08-20,0.22,0.3,33.83,66.17
1987-08-21,0.23,0.35,54.28,45.72
1987-08-24,0.24,0.31,32.21,67.79
1987-08-25,0.24,0.35,43.86,56.14
1987-08-26,0.24,0.35,42.92,57.08
1987-08-27,0.24,0.33,33.62,66.38
1987-08-28,0.25,0.35,37.28,62.72
1987-08-31,0.25,0.35,41.18,58.82
1987-09-01,0.24,0.3,24.1,75.9
1987-09-02,0.24,0.3,21.25,78.75
1987-09-03,0.24,0.28,16.08,83.92
1987-09-04,0.24,0.28,19.45,80.55
1987-09-08,0.24,0.28,19.99,80.01
1987-09-09,0.24,0.28,18.66,81.34
1987-09-10,0.24,0.28,16.85,83.15
1987-09-11,0.25,0.28,15.09,84.91
1987-09-14,0.25,0.28,12.19,87.81
1987-09-15,0.25,0.28,12.69,87.31
1987-09-16,0.25,0.28,14.25,85.75
1987-09-17,0.25,0.29,20.04,79.96
1987-09-18,0.24,0.29,17.59,82.41
1987-09-21,0.23,0.23,3.0,97.0
1987-09-22,0.24,0.29,21.62,78.38
1987-09-23,0.26,0.29,15.1,84.9
1987-09-24,0.26,0.29,13.22,86.78
1987-09-25,0.26,0.3,12.62,87.38
1987-09-28,0.27,0.3,9.1,90.9
1987-09-29,0.27,0.3,8.67,91.33
1987-09-30,0.28,0.31,9.66,90.34
1987-10-01,0.29,0.32,11.24,88.76
1987-10-02,0.31,0.35,14.62,85.38
1987-10-05,0.33,0.37,9.7,90.3
1987-10-06,0.31,0.34,9.61,90.39
1987-10-07,0.31,0.34,9.76,90.24
1987-10-08,0.3,0.33,7.36,92.64
1987-10-09,0.3,0.39,29.54,70.46
1987-10-12,0.3,0.36,17.38,82.62
1987-10-13,0.31,0.34,10.36,89.64
1987-10-14,0.3,0.33,8.49,91.51
1987-10-15,0.3,0.33,9.65,90.35
1987-10-16,0.27,0.33,19.08,80.92
1987-10-19,0.19,0.24,25.84,74.16
1987-10-20,0.2,0.27,33.47,66.53
1987-10-21,0.24,0.29,22.65,77.35
1987-10-22,0.23,0.28,25.32,74.68
1987-10-23,0.2,0.2,3.63,96.37
1987-10-26,0.17,0.2,18.47,81.53
1987-10-27,0.17,0.21,19.1,80.9
1987-10-28,0.17,0.21,19.1,80.9
1987-10-29,0.2,0.24,19.25,80.75
1987-10-30,0.21,0.28,34.13,65.87
1987-11-02,0.21,0.27,27.5,72.5
1987-11-03,0.2,0.26,27.37,72.63
1987-11-04,0.21,0.27,30.87,69.13
1987-11-05,0.21,0.28,31.73,68.27
1987-11-06,0.2,0.29,46.39,53.61
1987-11-09,0.2,0.28,41.17,58.83
1987-11-10,0.2,0.28,39.95,60.05
1987-11-11,0.21,0.27,30.64,69.36
1987-11-12,0.21,0.28,33.39,66.61
1987-11-13,0.2,0.28,38.64,61.36
1987-11-16,0.2,0.28,40.09,59.91
1987-11-17,0.2,0.28,42.07,57.93
1987-11-18,0.2,0.28,38.95,61.05
1987-11-19,0.2,0.27,39.86,60.14
1987-11-20,0.2,0.27,34.77,65.23
1987-11-23,0.2,0.27,35.11,64.89
1987-11-24,0.2,0.27,34.77,65.23
1987-11-25,0.19,0.27,39.0,61.0
1987-11-27,0.19,0.27,41.47,58.53
1987-11-30,0.19,0.27,43.05,56.95
1987-12-01,0.19,0.27,47.86,52.14
1987-12-02,0.19,0.22,18.58,81.42
1987-12-03,0.17,0.19,12.41,87.59
1987-12-04,0.18,0.22,24.23,75.77
1987-12-07,0.18,0.25,38.68,61.32
1987-12-08,0.2,0.27,32.06,67.94
1987-12-09,0.2,0.25,29.83,70.17
1987-12-10,0.2,0.28,39.83,60.17
1987-12-11,0.2,0.28,38.95,61.05
1987-12-14,0.21,0.28,30.87,69.13
1987-12-15,0.22,0.28,29.6,70.4
1987-12-16,0.23,0.28,23.31,76.69
1987-12-17,0.22,0.28,28.64,71.36
1987-12-18,0.22,0.28,28.64,71.36
1987-12-21,0.22,0.28,29.89,70.11
1987-12-22,0.22,0.28,27.42,72.58
1987-12-23,0.23,0.35,55.0,45.0
1987-12-24,0.23,0.35,55.0,45.0
1987-12-28,0.22,0.28,30.52,69.48
1987-12-29,0.23,0.28,22.74,77.26
1987-12-30,0.24,0.33,38.71,61.29
1987-12-31,0.23,0.28,23.31,76.69
1988-01-04,0.24,0.28,19.45,80.55
1988-01-05,0.24,0.28,17.36,82.64
1988-01-06,0.25,0.28,14.35,85.65
1988-01-07,0.26,0.28,10.57,89.43
1988-01-08,0.24,0.28,18.6,81.4
1988-01-11,0.24,0.28,15.58,84.42
1988-01-12,0.24,0.28,17.04,82.96
1988-01-13,0.24,0.28,17.04,82.96
1988-01-14,0.24,0.28,18.08,81.92
1988-01-15,0.24,0.28,15.01,84.99
1988-01-18,0.24,0.28,16.85,83.15
1988-01-19,0.24,0.28,16.02,83.98
1988-01-20,0.23,0.27,18.54,81.46
1988-01-21,0.23,0.28,21.26,78.74
1988-01-22,0.23,0.27,18.82,81.18
1988-01-25,0.24,0.27,14.82,85.18
1988-01-26,0.23,0.27,18.69,81.31
1988-01-27,0.24,0.27,14.69,85.31
1988-01-28,0.24,0.28,18.04,81.96
1988-01-29,0.24,0.27,14.82,85.18
1988-02-01,0.23,0.27,15.86,84.14
1988-02-02,0.24,0.27,14.82,85.18
1988-02-03,0.22,0.27,22.63,77.37
1988-02-04,0.22,0.22,2.31,97.69
1988-02-05,0.22,0.26,20.32,79.68
1988-02-08,0.22,0.27,24.24,75.76
1988-02-09,0.22,0.27,21.35,78.65
1988-02-10,0.23,0.27,19.1,80.9
1988-02-11,0.23,0.28,21.82,78.18
1988-02-12,0.23,0.27,16.76,83.24
1988-02-16,0.24,0.28,15.51,84.49
1988-02-17,0.24,0.28,15.51,84.49
1988-02-18,0.25,0.28,14.51,85.49
1988-02-19,0.25,0.28,13.05,86.95
1988-02-22,0.25,0.28,13.86,86.14
1988-02-23,0.25,0.28,12.43,87.57
1988-02-24,0.25,0.35,40.0,60.0
1988-02-25,0.25,0.35,44.21,55.79
1988-02-26,0.25,0.35,43.9,56.1
1988-02-29,0.25,0.35,41.18,58.82
1988-03-01,0.25,0.35,39.89,60.11
1988-03-02,0.25,0.35,38.72,61.28
1988-03-03,0.26,0.35,35.31,64.69
1988-03-04,0.26,0.34,32.12,67.88
1988-03-07,0.27,0.34,28.16,71.84
1988-03-08,0.27,0.36,33.8,66.2
1988-03-09,0.27,0.36,33.54,66.46
1988-03-10,0.27,0.3,11.27,88.73
1988-03-11,0.26,0.3,11.72,88.28
1988-03-14,0.27,0.3,9.74,90.26
1988-03-15,0.26,0.29,10.96,89.04
1988-03-16,0.27,0.34,23.95,76.05
1988-03-17,0.27,0.3,9.31,90.69
1988-03-18,0.25,0.28,14.92,85.08
1988-03-21,0.25,0.29,14.8,85.2
1988-03-22,0.26,0.29,15.56,84.44
1988-03-23,0.25,0.28,13.46,86.54
1988-03-24,0.24,0.29,22.92,77.08
1988-03-25,0.24,0.28,18.9,81.1
1988-03-28,0.24,0.24,0.12,99.88
1988-03-29,0.24,0.24,0.78,99.22
1988-03-30,0.23,0.24,4.0,96.0
1988-03-31,0.24,0.29,21.61,78.39
1988-04-04,0.23,0.24,3.06,96.94
1988-04-05,0.24,0.29,23.33,76.67
1988-04-06,0.25,0.29,18.82,81.18
1988-04-07,0.24,0.28,17.43,82.57
1988-04-08,0.25,0.29,16.28,83.72
1988-04-11,0.24,0.28,16.42,83.58
1988-04-12,0.24,0.28,19.95,80.05
1988-04-13,0.24,0.28,17.44,82.56
1988-04-14,0.22,0.29,27.58,72.42
1988-04-15,0.23,0.27,18.0,82.0
1988-04-18,0.23,0.27,16.92,83.08
1988-04-19,0.23,0.27,18.0,82.0
1988-04-20,0.23,0.27,18.37,81.63
1988-04-21,0.23,0.27,17.73,82.27
1988-04-22,0.23,0.28,20.71,79.29
1988-04-25,0.23,0.27,16.12,83.88
1988-04-26,0.24,0.28,18.46,81.54
1988-04-27,0.23,0.27,15.34,84.66
1988-04-28,0.23,0.27,16.82,83.18
1988-04-29,0.23,0.27,17.33,82.67
1988-05-02,0.23,0.27,16.39,83.61
1988-05-03,0.24,0.27,14.18,85.82
1988-05-04,0.24,0.33,35.37,64.63
1988-05-05,0.24,0.28,17.36,82.64
1988-05-06,0.24,0.28,16.85,83.15
1988-05-09,0.24,0.31,28.42,71.58
1988-05-10,0.24,0.28,17.36,82.64
1988-05-11,0.24,0.28,19.14,80.86
1988-05-12,0.24,0.28,18.6,81.4
1988-05-13,0.24,0.28,17.04,82.96
1988-05-16,0.25,0.28,14.84,85.16
1988-05-17,0.25,0.28,15.33,84.67
1988-05-18,0.24,0.28,17.04,82.96
1988-05-19,0.24,0.28,17.36,82.64
1988-05-20,0.24,0.28,18.08,81.92
1988-05-23,0.23,0.28,20.07,79.93
1988-05-24,0.24,0.27,13.68,86.32
1988-05-25,0.24,0.27,14.82,85.18
1988-05-26,0.24,0.27,14.06,85.94
1988-05-27,0.23,0.27,15.34,84.66
1988-05-31,0.25,0.28,14.51,85.49
1988-06-01,0.25,0.28,12.9,87.1
1988-06-02,0.25,0.28,12.57,87.43
1988-06-03,0.25,0.28,11.63,88.37
1988-06-06,0.26,0.29,14.15,85.85
1988-06-07,0.26,0.29,13.69,86.31
1988-06-08,0.26,0.3,12.62,87.38
1988-06-09,0.26,0.3,13.07,86.93
1988-06-10,0.26,0.32,22.81,77.19
1988-06-13,0.26,0.33,23.13,76.87
1988-06-14,0.27,0.36,35.66,64.34
1988-06-15,0.27,0.35,29.13,70.87
1988-06-16,0.27,0.35,32.0,68.0
1988-06-17,0.27,0.35,33.05,66.95
1988-06-20,0.27,0.37,40.73,59.27
1988-06-21,0.27,0.37,37.98,62.02
1988-06-22,0.28,0.37,31.49,68.51
1988-06-23,0.28,0.37,33.8,66.2
1988-06-24,0.28,0.31,11.36,88.64
1988-06-27,0.27,0.33,21.53,78.47
1988-06-28,0.28,0.33,18.3,81.7
1988-06-29,0.28,0.33,18.3,81.7
1988-06-30,0.28,0.33,16.09,83.91
1988-07-01,0.29,0.33,14.38,85.62
1988-07-05,0.29,0.34,16.79,83.21
1988-07-06,0.29,0.33,13.13,86.87
1988-07-07,0.29,0.33,13.13,86.87
1988-07-08,0.29,0.33,13.55,86.45
1988-07-11,0.28,0.33,16.52,83.48
1988-07-12,0.28,0.32,14.43,85.57
1988-07-13,0.28,0.31,8.14,91.86
1988-07-14,0.28,0.32,12.08,87.92
1988-07-15,0.28,0.32,12.08,87.92
1988-07-18,0.29,0.33,15.23,84.77
1988-07-19,0.28,0.32,14.2,85.8
1988-07-20,0.27,0.3,12.01,87.99
1988-07-21,0.26,0.25,1.89,98.11
1988-07-22,0.26,0.25,3.08,96.92
1988-07-25,0.26,0.21,18.34,81.66
1988-07-26,0.25,0.21,14.82,85.18
1988-07-27,0.24,0.21,14.26,85.74
1988-07-28,0.25,0.2,20.17,79.83
1988-07-29,0.25,0.24,4.3,95.7
1988-08-01,0.25,0.24,2.66,97.34
1988-08-02,0.24,0.2,19.13,80.87
1988-08-03,0.24,0.2,17.33,82.67
1988-08-04,0.23,0.2,16.22,83.78
1988-08-05,0.23,0.2,13.08,86.92
1988-08-08,0.23,0.2,12.68,87.32
1988-08-09,0.22,0.2,10.14,89.86
1988-08-10,0.21,0.2,7.92,92.08
1988-08-11,0.22,0.2,10.14,89.86
1988-08-12,0.22,0.2,10.58,89.42
1988-08-15,0.21,0.2,6.95,93.05
1988-08-16,0.22,0.25,12.95,87.05
1988-08-17,0.22,0.22,0.62,99.38
1988-08-18,0.22,0.22,1.09,98.91
1988-08-19,0.21,0.19,10.13,89.87
1988-08-22,0.2,0.19,5.44,94.56
1988-08-23,0.21,0.22,5.67,94.33
1988-08-24,0.22,0.27,25.6,74.4
1988-08-25,0.21,0.27,26.14,73.86
1988-08-26,0.22,0.27,24.6,75.4
1988-08-29,0.22,0.28,27.95,72.05
1988-08-30,0.22,0.28,30.14,69.86
1988-08-31,0.21,0.27,28.03,71.97
1988-09-01,0.21,0.28,35.12,64.88
1988-09-02,0.22,0.28,29.5,70.5
1988-09-06,0.22,0.27,24.06,75.94
1988-09-07,0.22,0.27,24.66,75.34
1988-09-08,0.22,0.27,24.06,75.94
1988-09-09,0.23,0.28,23.0,77.0
1988-09-12,0.23,0.28,24.45,75.55
1988-09-13,0.23,0.28,23.88,76.12
1988-09-14,0.23,0.28,23.0,77.0
1988-09-15,0.22,0.28,27.12,72.88
1988-09-16,0.22,0.28,28.26,71.74
1988-09-19,0.22,0.27,24.66,75.34
1988-09-20,0.23,0.28,24.73,75.27
1988-09-21,0.23,0.28,24.45,75.55
1988-09-22,0.23,0.33,41.89,58.11
1988-09-23,0.23,0.28,23.57,76.43
1988-09-26,0.22,0.28,27.34,72.66
1988-09-27,0.22,0.28,28.26,71.74
1988-09-28,0.22,0.28,25.32,74.68
1988-09-29,0.22,0.27,20.78,79.22
1988-09-30,0.22,0.27,22.51,77.49
1988-10-03,0.22,0.27,24.46,75.54
1988-10-04,0.22,0.27,25.07,74.93
1988-10-05,0.21,0.27,28.73,71.27
1988-10-06,0.21,0.27,29.37,70.63
1988-10-07,0.21,0.27,30.02,69.98
1988-10-10,0.21,0.22,5.94,94.06
1988-10-11,0.21,0.22,4.88,95.12
1988-10-12,0.21,0.22,3.06,96.94
1988-10-13,0.22,0.27,24.16,75.84
1988-10-14,0.22,0.27,24.91,75.09
1988-10-17,0.22,0.28,28.26,71.74
1988-10-18,0.22,0.27,21.93,78.07
1988-10-19,0.23,0.28,25.25,74.75
1988-10-20,0.23,0.28,24.15,75.85
1988-10-21,0.22,0.28,25.32,74.68
1988-10-24,0.22,0.28,27.73,72.27
1988-10-25,0.21,0.28,32.07,67.93
1988-10-26,0.21,0.27,29.67,70.33
1988-10-27,0.21,0.27,30.33,69.67
1988-10-28,0.21,0.28,34.74,65.26
1988-10-31,0.21,0.27,30.64,69.36
1988-11-01,0.21,0.27,32.47,67.53
1988-11-02,0.2,0.22,10.43,89.57
1988-11-03,0.2,0.22,10.43,89.57
1988-11-04,0.2,0.19,2.39,97.61
1988-11-07,0.2,0.19,2.92,97.08
1988-11-08,0.21,0.22,7.3,92.7
1988-11-09,0.21,0.22,4.88,95.12
1988-11-10,0.21,0.22,6.48,93.52
1988-11-11,0.2,0.22,9.56,90.44
1988-11-14,0.21,0.27,33.37,66.63
1988-11-15,0.2,0.27,36.05,63.95
1988-11-16,0.2,0.27,38.25,61.75
1988-11-17,0.19,0.27,39.0,61.0
1988-11-18,0.2,0.27,38.74,61.26
1988-11-21,0.19,0.27,40.62,59.38
1988-11-22,0.19,0.27,39.16,60.84
1988-11-23,0.2,0.27,37.63,62.37
1988-11-25,0.2,0.27,39.11,60.89
1988-11-28,0.2,0.28,41.9,58.1
1988-11-29,0.2,0.27,34.77,65.23
1988-11-30,0.2,0.27,35.33,64.67
1988-12-01,0.21,0.28,36.11,63.89
1988-12-02,0.21,0.28,33.5,66.5
1988-12-05,0.21,0.28,34.18,65.82
1988-12-06,0.21,0.28,34.46,65.54
1988-12-07,0.21,0.28,35.83,64.17
1988-12-08,0.21,0.28,36.52,63.48
1988-12-09,0.21,0.28,36.52,63.48
1988-12-12,0.2,0.28,40.2,59.8
1988-12-13,0.2,0.28,39.1,60.9
1988-12-14,0.2,0.28,37.3,62.7
1988-12-15,0.21,0.28,36.52,63.48
1988-12-16,0.21,0.28,34.46,65.54
1988-12-19,0.21,0.28,31.81,68.19
1988-12-20,0.22,0.3,37.42,62.58
1988-12-21,0.22,0.28,28.03,71.97
1988-12-22,0.22,0.28,28.64,71.36
1988-12-23,0.22,0.28,28.64,71.36
1988-12-27,0.22,0.28,29.26,70.74
1988-12-28,0.22,0.28,28.03,71.97
1988-12-29,0.23,0.33,45.22,54.78
1988-12-30,0.23,0.33,45.22,54.78
1989-01-03,0.23,0.37,63.08,36.92
1989-01-04,0.23,0.37,61.2,38.8
1989-01-05,0.23,0.35,57.04,42.96
1989-01-06,0.22,0.33,45.91,54.09
1989-01-09,0.22,0.28,27.42,72.58
1989-01-10,0.22,0.28,27.73,72.27
1989-01-11,0.22,0.28,26.51,73.49
1989-01-12,0.22,0.28,27.04,72.96
1989-01-13,0.22,0.28,25.32,74.68
1989-01-16,0.22,0.28,25.02,74.98
1989-01-17,0.22,0.27,25.27,74.73
1989-01-18,0.22,0.27,24.3,75.7
1989-01-19,0.23,0.28,24.66,75.34
1989-01-20,0.23,0.28,22.71,77.29
1989-01-23,0.22,0.27,20.78,79.22
1989-01-24,0.22,0.27,21.35,78.65
1989-01-25,0.22,0.27,21.72,78.28
1989-01-26,0.23,0.28,22.43,77.57
1989-01-27,0.23,0.28,20.8,79.2
1989-01-30,0.25,0.33,32.19,67.81
1989-01-31,0.25,0.35,38.43,61.57
1989-02-01,0.25,0.33,30.52,69.48
1989-02-02,0.26,0.33,27.03,72.97
1989-02-03,0.26,0.33,26.77,73.23
1989-02-06,0.26,0.35,38.55,61.45
1989-02-07,0.26,0.35,34.93,65.07
1989-02-08,0.26,0.35,34.12,65.88
1989-02-09,0.27,0.35,31.49,68.51
1989-02-10,0.26,0.35,33.39,66.61
1989-02-13,0.26,0.37,44.18,55.82
1989-02-14,0.26,0.32,26.47,73.53
1989-02-15,0.26,0.34,27.37,72.63
1989-02-16,0.27,0.32,21.43,78.57
1989-02-17,0.26,0.31,16.26,83.74
1989-02-21,0.26,0.31,16.9,83.1
1989-02-22,0.25,0.31,20.77,79.23
1989-02-23,0.26,0.29,11.71,88.29
1989-02-24,0.25,0.28,13.95,86.05
1989-02-27,0.25,0.3,17.74,82.26
1989-02-28,0.25,0.3,18.52,81.48
1989-03-01,0.25,0.3,17.77,82.23
1989-03-02,0.26,0.3,16.08,83.92
1989-03-03,0.26,0.3,13.92,86.08
1989-03-06,0.26,0.31,16.54,83.46
1989-03-07,0.23,0.26,16.32,83.68
1989-03-08,0.22,0.21,6.42,93.58
1989-03-09,0.22,0.2,10.14,89.86
1989-03-10,0.22,0.2,10.14,89.86
1989-03-13,0.22,0.24,7.95,92.05
1989-03-14,0.22,0.24,7.95,92.05
1989-03-15,0.21,0.2,7.46,92.54
1989-03-16,0.22,0.24,11.11,88.89
1989-03-17,0.2,0.2,1.55,98.45
1989-03-20,0.2,0.2,1.55,98.45
1989-03-21,0.21,0.22,4.61,95.39
1989-03-22,0.21,0.22,6.48,93.52
1989-03-23,0.21,0.22,3.83,96.17
1989-03-27,0.21,0.22,4.88,95.12
1989-03-28,0.21,0.27,30.02,69.98
1989-03-29,0.21,0.28,33.42,66.58
1989-03-30,0.21,0.27,28.35,71.65
1989-03-31,0.21,0.27,28.35,71.65
1989-04-03,0.21,0.27,27.39,72.61
1989-04-04,0.21,0.28,32.08,67.92
1989-04-05,0.21,0.28,32.4,67.6
1989-04-06,0.22,0.28,30.14,69.86
1989-04-07,0.22,0.35,61.05,38.95
1989-04-10,0.22,0.35,60.66,39.34
1989-04-11,0.22,0.28,30.21,69.79
1989-04-12,0.2,0.27,33.02,66.98
1989-04-13,0.21,0.27,32.69,67.31
1989-04-14,0.21,0.28,30.87,69.13
1989-04-17,0.22,0.28,28.97,71.03
1989-04-18,0.23,0.28,25.62,74.38
1989-04-19,0.23,0.3,27.05,72.95
1989-04-20,0.24,0.3,25.77,74.23
1989-04-21,0.23,0.28,21.07,78.93
1989-04-24,0.23,0.28,21.35,78.65
1989-04-25,0.23,0.28,22.18,77.82
1989-04-26,0.23,0.28,23.0,77.0
1989-04-27,0.23,0.28,22.18,77.82
1989-04-28,0.24,0.28,19.72,80.28
1989-05-01,0.23,0.28,21.59,78.41
1989-05-02,0.23,0.3,30.42,69.58
1989-05-03,0.23,0.28,23.88,76.12
1989-05-04,0.22,0.28,26.51,73.49
1989-05-05,0.22,0.28,28.26,71.74
1989-05-08,0.22,0.27,24.3,75.7
1989-05-09,0.22,0.28,24.61,75.39
1989-05-10,0.23,0.28,22.3,77.7
1989-05-11,0.23,0.27,18.54,81.46
1989-05-12,0.23,0.27,18.0,82.0
1989-05-15,0.23,0.28,21.82,78.18
1989-05-16,0.24,0.28,18.08,81.92
1989-05-17,0.24,0.28,15.76,84.24
1989-05-18,0.25,0.28,14.02,85.98
1989-05-19,0.25,0.28,14.84,85.16
1989-05-22,0.25,0.33,30.52,69.48
1989-05-23,0.24,0.28,17.3,82.7
1989-05-24,0.24,0.28,16.34,83.66
1989-05-25,0.24,0.3,22.48,77.52
1989-05-26,0.25,0.35,40.19,59.81
1989-05-30,0.25,0.33,31.07,68.93
1989-05-31,0.26,0.35,36.43,63.57
1989-06-01,0.25,0.33,28.89,71.11
1989-06-02,0.25,0.28,14.84,85.16
1989-06-05,0.24,0.28,17.04,82.96
1989-06-06,0.25,0.28,13.54,86.46
1989-06-07,0.25,0.29,16.06,83.94
1989-06-08,0.25,0.29,16.06,83.94
1989-06-09,0.25,0.29,16.06,83.94
1989-06-12,0.25,0.29,14.31,85.69
1989-06-13,0.24,0.29,21.62,78.38
1989-06-14,0.24,0.29,20.56,79.44
1989-06-15,0.24,0.28,17.96,82.04
1989-06-16,0.24,0.29,21.53,78.47
1989-06-19,0.24,0.29,19.67,80.33
1989-06-20,0.23,0.23,1.11,98.89
1989-06-21,0.23,0.23,0.19,99.81
1989-06-22,0.23,0.29,21.64,78.36
1989-06-23,0.23,0.28,20.89,79.11
1989-06-26,0.23,0.23,0.65,99.35
1989-06-27,0.23,0.19,17.1,82.9
1989-06-28,0.22,0.19,13.96,86.04
1989-06-29,0.22,0.19,12.72,87.28
1989-06-30,0.22,0.19,14.37,85.63
1989-07-03,0.23,0.26,14.75,85.25
1989-07-05,0.23,0.27,16.89,83.11
1989-07-06,0.22,0.26,17.47,82.53
1989-07-07,0.23,0.27,19.52,80.48
1989-07-10,0.23,0.27,16.65,83.35
1989-07-11,0.23,0.27,19.65,80.35
1989-07-12,0.23,0.27,20.21,79.79
1989-07-13,0.22,0.28,24.61,75.39
1989-07-14,0.22,0.27,22.63,77.37
1989-07-17,0.23,0.27,20.21,79.79
1989-07-18,0.23,0.27,20.58,79.42
1989-07-19,0.23,0.28,22.71,77.29
1989-07-20,0.23,0.28,24.15,75.85
1989-07-21,0.23,0.28,20.21,79.79
1989-07-24,0.23,0.28,20.21,79.79
1989-07-25,0.22,0.27,24.19,75.81
1989-07-26,0.22,0.28,26.44,73.56
1989-07-27,0.23,0.28,24.08,75.92
1989-07-28,0.23,0.27,18.0,82.0
1989-07-31,0.23,0.28,21.31,78.69
1989-08-01,0.23,0.28,22.43,77.57
1989-08-02,0.23,0.28,22.43,77.57
1989-08-03,0.23,0.28,20.76,79.24
1989-08-04,0.24,0.28,17.36,82.64
1989-08-07,0.24,0.28,15.83,84.17
1989-08-08,0.25,0.28,13.38,86.62
1989-08-09,0.25,0.28,13.86,86.14
1989-08-10,0.25,0.28,14.35,85.65
1989-08-11,0.24,0.28,15.01,84.99
1989-08-14,0.24,0.33,35.67,64.33
1989-08-15,0.24,0.31,27.86,72.14
1989-08-16,0.24,0.28,18.87,81.13
1989-08-17,0.24,0.28,17.56,82.44
1989-08-18,0.24,0.28,16.34,83.66
1989-08-21,0.24,0.28,18.34,81.66
1989-08-22,0.25,0.28,14.59,85.41
1989-08-23,0.25,0.28,12.9,87.1
1989-08-24,0.25,0.28,12.57,87.43
1989-08-25,0.25,0.29,17.79,82.21
1989-08-28,0.25,0.29,17.76,82.24
1989-08-29,0.25,0.29,15.29,84.71
1989-08-30,0.25,0.29,17.04,82.96
1989-08-31,0.25,0.29,18.04,81.96
1989-09-01,0.25,0.29,15.82,84.18
1989-09-05,0.25,0.29,15.58,84.42
1989-09-06,0.25,0.3,17.85,82.15
1989-09-07,0.25,0.29,19.05,80.95
1989-09-08,0.25,0.29,17.54,82.46
1989-09-11,0.25,0.3,17.6,82.4
1989-09-12,0.26,0.29,15.1,84.9
1989-09-13,0.26,0.3,12.17,87.83
1989-09-14,0.27,0.31,15.07,84.93
1989-09-15,0.27,0.3,11.27,88.73
1989-09-18,0.27,0.3,9.96,90.04
1989-09-19,0.26,0.3,11.72,88.28
1989-09-20,0.28,0.3,7.42,92.58
1989-09-21,0.28,0.32,16.72,83.28
1989-09-22,0.28,0.32,15.45,84.55
1989-09-25,0.28,0.34,18.34,81.66
1989-09-26,0.28,0.37,31.31,68.69
1989-09-27,0.28,0.37,32.54,67.46
1989-09-28,0.29,0.34,17.12,82.88
1989-09-29,0.29,0.34,16.27,83.73
1989-10-02,0.29,0.34,14.39,85.61
1989-10-03,0.29,0.35,20.44,79.56
1989-10-04,0.32,0.37,14.78,85.22
1989-10-05,0.34,0.41,22.18,77.82
1989-10-06,0.34,0.41,21.41,78.59
1989-10-09,0.35,0.43,24.33,75.67
1989-10-10,0.34,0.43,25.09,74.91
1989-10-11,0.34,0.41,22.51,77.49
1989-10-12,0.33,0.39,18.4,81.6
1989-10-13,0.31,0.35,12.13,87.87
1989-10-16,0.32,0.35,8.8,91.2
1989-10-17,0.33,0.35,4.82,95.18
1989-10-18,0.34,0.36,5.89,94.11
1989-10-19,0.36,0.38,5.69,94.31
1989-10-20,0.36,0.36,0.82,99.18
1989-10-23,0.35,0.35,0.85,99.15
1989-10-24,0.34,0.34,1.41,98.59
1989-10-25,0.34,0.34,0.32,99.68
1989-10-26,0.33,0.32,1.83,98.17
1989-10-27,0.33,0.31,4.27,95.73
1989-10-30,0.34,0.33,3.52,96.48
1989-10-31,0.35,0.37,6.67,93.33
1989-11-01,0.35,0.37,5.85,94.15
1989-11-02,0.32,0.37,14.0,86.0
1989-11-03,0.33,0.37,11.09,88.91
1989-11-06,0.33,0.36,8.76,91.24
1989-11-07,0.34,0.37,7.66,92.34
1989-11-08,0.35,0.36,0.92,99.08
1989-11-09,0.35,0.36,0.32,99.68
1989-11-10,0.36,0.37,3.2,96.8
1989-11-13,0.37,0.38,1.69,98.31
1989-11-14,0.37,0.38,3.05,96.95
1989-11-15,0.37,0.38,1.26,98.74
1989-11-16,0.37,0.38,2.42,97.58
1989-11-17,0.37,0.38,3.15,96.85
1989-11-20,0.37,0.37,0.5,99.5
1989-11-21,0.37,0.38,1.15,98.85
1989-11-22,0.37,0.45,19.27,80.73
1989-11-24,0.37,0.44,18.0,82.0
1989-11-27,0.37,0.44,19.19,80.81
1989-11-28,0.37,0.41,11.23,88.77
1989-11-29,0.36,0.4,10.04,89.96
1989-11-30,0.37,0.41,10.69,89.31
1989-12-01,0.36,0.37,2.59,97.41
1989-12-04,0.37,0.35,3.16,96.84
1989-12-05,0.37,0.37,0.52,99.48
1989-12-06,0.36,0.34,6.8,93.2
1989-12-07,0.36,0.35,2.32,97.68
1989-12-08,0.36,0.35,1.45,98.55
1989-12-11,0.35,0.33,5.05,94.95
1989-12-12,0.35,0.26,25.25,74.75
1989-12-13,0.34,0.22,35.96,64.04
1989-12-14,0.33,0.22,34.32,65.68
1989-12-15,0.33,0.22,33.47,66.53
1989-12-18,0.33,0.26,21.19,78.81
1989-12-19,0.34,0.31,8.63,91.37
1989-12-20,0.35,0.34,3.86,96.14
1989-12-21,0.35,0.35,0.02,99.98
1989-12-22,0.36,0.36,2.02,97.98
1989-12-26,0.36,0.35,2.32,97.68
1989-12-27,0.37,0.37,1.11,98.89
1989-12-28,0.36,0.36,1.44,98.56
1989-12-29,0.37,0.37,0.08,99.92
1990-01-02,0.38,0.38,0.97,99.03
1990-01-03,0.38,0.38,0.41,99.59
1990-01-04,0.39,0.48,22.36,77.64
1990-01-05,0.38,0.48,25.43,74.57
1990-01-08,0.39,0.5,29.1,70.9
1990-01-09,0.38,0.48,23.88,76.12
1990-01-10,0.37,0.41,9.66,90.34
1990-01-11,0.37,0.4,8.77,91.23
1990-01-12,0.36,0.4,9.25,90.75
1990-01-15,0.36,0.4,9.57,90.43
1990-01-16,0.38,0.4,6.01,93.99
1990-01-17,0.37,0.4,7.53,92.47
1990-01-18,0.4,0.41,1.87,98.13
1990-01-19,0.4,0.41,2.81,97.19
1990-01-22,0.38,0.4,3.68,96.32
1990-01-23,0.38,0.4,5.14,94.86
1990-01-24,0.38,0.39,0.47,99.53
1990-01-25,0.38,0.4,3.98,96.02
1990-01-26,0.38,0.39,0.47,99.53
1990-01-29,0.39,0.4,3.13,96.87
1990-01-30,0.39,0.4,3.11,96.89
1990-01-31,0.39,0.41,4.62,95.38
1990-02-01,0.4,0.41,3.22,96.78
1990-02-02,0.4,0.41,3.22,96.78
1990-02-05,0.4,0.41,2.68,97.32
1990-02-06,0.4,0.41,2.95,97.05
1990-02-07,0.39,0.38,2.76,97.24
1990-02-08,0.4,0.4,0.12,99.88
1990-02-09,0.4,0.42,6.15,93.85
1990-02-12,0.4,0.5,23.99,76.01
1990-02-13,0.4,0.48,18.65,81.35
1990-02-14,0.4,0.48,18.33,81.67
1990-02-15,0.41,0.5,21.11,78.89
1990-02-16,0.41,0.5,19.88,80.12
1990-02-20,0.42,0.51,20.81,79.19
1990-02-21,0.41,0.41,0.67,99.33
1990-02-22,0.41,0.41,0.08,99.92
1990-02-23,0.41,0.44,6.59,93.41
1990-02-26,0.42,0.51,20.79,79.21
1990-02-27,0.41,0.48,15.47,84.53
1990-02-28,0.42,0.51,21.4,78.6
1990-03-01,0.42,0.51,19.88,80.12
1990-03-02,0.44,0.52,18.96,81.04
1990-03-05,0.45,0.55,23.82,76.18
1990-03-06,0.44,0.52,18.1,81.9
1990-03-07,0.43,0.51,16.68,83.32
1990-03-08,0.45,0.51,12.83,87.17
1990-03-09,0.45,0.51,12.57,87.43
1990-03-12,0.46,0.51,10.75,89.25
1990-03-13,0.45,0.52,16.16,83.84
1990-03-14,0.46,0.55,20.81,79.19
1990-03-15,0.47,0.55,17.41,82.59
1990-03-16,0.48,0.57,18.88,81.12
1990-03-19,0.49,0.6,20.68,79.32
1990-03-20,0.48,0.54,11.96,88.04
1990-03-21,0.48,0.52,8.98,91.02
1990-03-22,0.47,0.48,2.15,97.85
1990-03-23,0.47,0.47,0.64,99.36
1990-03-26,0.47,0.48,1.92,98.08
1990-03-27,0.48,0.51,6.56,93.44
1990-03-28,0.47,0.47,0.04,99.96
1990-03-29,0.47,0.47,0.41,99.59
1990-03-30,0.47,0.47,0.18,99.82
1990-04-02,0.47,0.48,1.49,98.51
1990-04-03,0.49,0.51,3.35,96.65
1990-04-04,0.5,0.52,5.88,94.12
1990-04-05,0.48,0.51,6.09,93.91
1990-04-06,0.48,0.5,3.1,96.9
1990-04-09,0.48,0.51,5.85,94.15
1990-04-10,0.5,0.52,4.58,95.42
1990-04-11,0.51,0.57,10.47,89.53
1990-04-12,0.51,0.59,16.41,83.59
1990-04-16,0.51,0.59,15.69,84.31
1990-04-17,0.52,0.59,13.36,86.64
1990-04-18,0.51,0.57,10.24,89.76
1990-04-19,0.5,0.55,9.35,90.65
1990-04-20,0.5,0.55,9.81,90.19
1990-04-23,0.5,0.52,4.99,95.01
1990-04-24,0.49,0.51,4.72,95.28
1990-04-25,0.49,0.5,1.97,98.03
1990-04-26,0.49,0.51,5.86,94.14
1990-04-27,0.48,0.5,4.7,95.3
1990-04-30,0.49,0.51,4.48,95.52
1990-05-01,0.48,0.5,3.1,96.9
1990-05-02,0.49,0.48,2.3,97.7
1990-05-03,0.5,0.5,0.18,99.82
1990-05-04,0.52,0.51,1.86,98.14
1990-05-07,0.54,0.51,5.31,94.69
1990-05-08,0.53,0.51,3.43,96.57
1990-05-09,0.53,0.52,1.67,98.33
1990-05-10,0.55,0.55,0.88,99.12
1990-05-11,0.55,0.55,0.66,99.34
1990-05-14,0.56,0.65,17.07,82.93
1990-05-15,0.55,0.61,10.82,89.18
1990-05-16,0.55,0.62,13.55,86.45
1990-05-17,0.55,0.67,22.9,77.1
1990-05-18,0.58,0.67,16.6,83.4
1990-05-21,0.59,0.7,17.91,82.09
1990-05-22,0.61,0.69,14.01,85.99
1990-05-23,0.64,0.69,7.44,92.56
1990-05-24,0.65,0.69,6.56,93.44
1990-05-25,0.63,0.65,3.67,96.33
1990-05-29,0.64,0.7,9.12,90.88
1990-05-30,0.64,0.7,8.76,91.24
1990-05-31,0.62,0.62,0.72,99.28
1990-06-01,0.64,0.62,2.13,97.87
1990-06-04,0.65,0.7,8.5,91.5
1990-06-05,0.62,0.67,8.61,91.39
1990-06-06,0.62,0.67,9.17,90.83
1990-06-07,0.61,0.65,6.35,93.65
1990-06-08,0.62,0.65,3.85,96.15
1990-06-11,0.63,0.66,4.59,95.41
1990-06-12,0.64,0.65,1.76,98.24
1990-06-13,0.65,0.65,1.11,98.89
1990-06-14,0.64,0.64,0.34,99.66
1990-06-15,0.64,0.59,8.85,91.15
1990-06-18,0.63,0.57,9.42,90.58
1990-06-19,0.63,0.57,9.57,90.43
1990-06-20,0.66,0.68,3.13,96.87
1990-06-21,0.65,0.67,2.23,97.77
1990-06-22,0.64,0.65,1.99,98.01
1990-06-25,0.63,0.67,5.66,94.34
1990-06-26,0.63,0.67,5.3,94.7
1990-06-27,0.65,0.68,4.99,95.01
1990-06-28,0.65,0.68,4.34,95.66
1990-06-29,0.64,0.67,3.57,96.43
1990-07-02,0.62,0.65,4.42,95.58
1990-07-03,0.61,0.61,0.2,99.8
1990-07-05,0.61,0.63,3.77,96.23
1990-07-06,0.62,0.64,3.35,96.65
1990-07-09,0.63,0.65,4.05,95.95
1990-07-10,0.62,0.65,4.42,95.58
1990-07-11,0.64,0.65,2.0,98.0
1990-07-12,0.66,0.67,1.75,98.25
1990-07-13,0.66,0.67,0.43,99.57
1990-07-16,0.67,0.7,4.96,95.04
1990-07-17,0.66,0.73,11.44,88.56
1990-07-18,0.64,0.72,12.1,87.9
1990-07-19,0.65,0.67,2.74,97.26
1990-07-20,0.62,0.65,5.13,94.87
1990-07-23,0.61,0.65,6.96,93.04
1990-07-24,0.59,0.64,8.64,91.36
1990-07-25,0.61,0.64,5.95,94.05
1990-07-26,0.58,0.62,6.94,93.06
1990-07-27,0.58,0.62,6.48,93.52
1990-07-30,0.58,0.62,7.57,92.43
1990-07-31,0.56,0.55,2.89,97.11
1990-08-01,0.57,0.5,11.07,88.93
1990-08-02,0.56,0.5,10.06,89.94
1990-08-03,0.54,0.49,9.29,90.71
1990-08-06,0.51,0.49,5.16,94.84
1990-08-07,0.52,0.49,6.32,93.68
1990-08-08,0.54,0.49,9.64,90.36
1990-08-09,0.55,0.53,3.88,96.12
1990-08-10,0.55,0.56,2.57,97.43
1990-08-13,0.55,0.54,2.23,97.77
1990-08-14,0.54,0.46,14.92,85.08
1990-08-15,0.54,0.51,5.77,94.23
1990-08-16,0.52,0.46,11.48,88.52
1990-08-17,0.51,0.46,9.27,90.73
1990-08-20,0.47,0.43,8.55,91.45
1990-08-21,0.46,0.42,8.86,91.14
1990-08-22,0.45,0.42,8.01,91.99
1990-08-23,0.44,0.42,4.46,95.54
1990-08-24,0.48,0.51,5.62,94.38
1990-08-27,0.51,0.51,0.06,99.94
1990-08-28,0.53,0.51,3.44,96.56
1990-08-29,0.51,0.56,8.41,91.59
1990-08-30,0.51,0.56,9.31,90.69
1990-08-31,0.52,0.56,6.65,93.35
1990-09-04,0.53,0.56,5.36,94.64
1990-09-05,0.5,0.51,2.48,97.52
1990-09-06,0.49,0.46,6.48,93.52
1990-09-07,0.49,0.46,6.89,93.11
1990-09-10,0.47,0.47,0.24,99.76
1990-09-11,0.47,0.47,0.21,99.79
1990-09-12,0.49,0.47,3.31,96.69
1990-09-13,0.49,0.48,1.6,98.4
1990-09-14,0.51,0.47,7.15,92.85
1990-09-17,0.51,0.47,8.45,91.55
1990-09-18,0.52,0.46,12.92,87.08
1990-09-19,0.52,0.51,2.26,97.74
1990-09-20,0.51,0.5,1.01,98.99
1990-09-21,0.51,0.5,2.65,97.35
1990-09-24,0.5,0.48,2.71,97.29
1990-09-25,0.51,0.51,0.37,99.63
1990-09-26,0.51,0.51,0.58,99.42
1990-09-27,0.5,0.51,2.28,97.72
1990-09-28,0.53,0.55,3.28,96.72
1990-10-01,0.57,0.59,4.7,95.3
1990-10-02,0.56,0.61,8.93,91.07
1990-10-03,0.56,0.61,9.14,90.86
1990-10-04,0.54,0.58,6.66,93.34
1990-10-05,0.55,0.57,3.92,96.08
1990-10-08,0.56,0.58,3.63,96.37
1990-10-09,0.53,0.57,7.03,92.97
1990-10-10,0.5,0.56,10.65,89.35
1990-10-11,0.49,0.56,13.08,86.92
1990-10-12,0.48,0.56,15.07,84.93
1990-10-15,0.48,0.5,4.24,95.76
1990-10-16,0.46,0.48,4.19,95.81
1990-10-17,0.48,0.5,4.24,95.76
1990-10-18,0.52,0.5,3.65,96.35
1990-10-19,0.52,0.48,8.21,91.79
1990-10-22,0.54,0.5,7.98,92.02
1990-10-23,0.54,0.5,8.33,91.67
1990-10-24,0.55,0.57,3.14,96.86
1990-10-25,0.55,0.57,4.14,95.86
1990-10-26,0.54,0.56,3.49,96.51
1990-10-29,0.53,0.56,5.34,94.66
1990-10-30,0.54,0.58,7.08,92.92
1990-10-31,0.54,0.61,12.56,87.44
1990-11-01,0.54,0.61,13.0,87.0
1990-11-02,0.55,0.62,13.11,86.89
1990-11-05,0.56,0.67,21.26,78.74
1990-11-06,0.54,0.62,14.43,85.57
1990-11-07,0.54,0.58,7.29,92.71
1990-11-08,0.54,0.57,5.97,94.03
1990-11-09,0.55,0.57,3.92,96.08
1990-11-12,0.58,0.58,0.35,99.65
1990-11-13,0.58,0.58,0.33,99.67
1990-11-14,0.59,0.61,3.25,96.75
1990-11-15,0.57,0.58,1.12,98.88
1990-11-16,0.58,0.61,5.53,94.47
1990-11-19,0.59,0.61,3.25,96.75
1990-11-20,0.58,0.58,0.56,99.44
1990-11-21,0.58,0.61,4.37,95.63
1990-11-23,0.58,0.58,0.17,99.83
1990-11-26,0.59,0.61,2.15,97.85
1990-11-27,0.61,0.65,7.1,92.9
1990-11-28,0.6,0.61,1.96,98.04
1990-11-29,0.6,0.62,3.19,96.81
1990-11-30,0.61,0.62,1.76,98.24
1990-12-03,0.63,0.61,2.87,97.13
1990-12-04,0.63,0.61,3.68,96.32
1990-12-05,0.64,0.61,4.64,95.36
1990-12-06,0.63,0.69,8.99,91.01
1990-12-07,0.63,0.66,5.07,94.93
1990-12-10,0.63,0.62,0.35,99.65
1990-12-11,0.61,0.6,2.09,97.91
1990-12-12,0.61,0.6,2.6,97.4
1990-12-13,0.62,0.6,2.93,97.07
1990-12-14,0.62,0.6,4.09,95.91
1990-12-17,0.63,0.59,6.39,93.61
1990-12-18,0.64,0.66,3.68,96.32
1990-12-19,0.63,0.62,1.52,98.48
1990-12-20,0.64,0.62,2.33,97.67
1990-12-21,0.64,0.6,7.09,92.91
1990-12-24,0.64,0.59,7.94,92.06
1990-12-26,0.63,0.57,9.57,90.43
1990-12-27,0.63,0.59,7.14,92.86
1990-12-28,0.63,0.59,7.63,92.37
1990-12-31,0.64,0.59,7.94,92.06
1991-01-02,0.63,0.66,3.9,96.1
1991-01-03,0.64,0.66,3.21,96.79
1991-01-04,0.64,0.66,2.82,97.18
1991-01-07,0.63,0.59,7.48,92.52
1991-01-08,0.62,0.57,8.07,91.93
1991-01-09,0.63,0.56,10.45,89.55
1991-01-10,0.66,0.62,5.76,94.24
1991-01-11,0.66,0.68,2.33,97.67
1991-01-14,0.65,0.67,2.56,97.44
1991-01-15,0.66,0.68,1.84,98.16
1991-01-16,0.7,0.81,15.98,84.02
1991-01-17,0.71,0.84,17.67,82.33
1991-01-18,0.72,0.84,15.94,84.06
1991-01-21,0.76,0.86,13.35,86.65
1991-01-22,0.75,0.86,14.14,85.86
1991-01-23,0.75,0.86,13.98,86.02
1991-01-24,0.77,0.86,12.09,87.91
1991-01-25,0.76,0.86,13.35,86.65
1991-01-28,0.78,0.88,12.07,87.93
1991-01-29,0.78,0.88,11.77,88.23
1991-01-30,0.81,0.89,8.77,91.23
1991-01-31,0.83,0.88,5.36,94.64
1991-02-01,0.84,0.9,6.06,93.94
1991-02-04,0.84,0.9,6.73,93.27
1991-02-05,0.86,1.03,20.73,79.27
1991-02-06,0.9,1.03,15.59,84.41
1991-02-07,0.87,0.96,10.25,89.75
1991-02-08,0.88,1.0,13.36,86.64
1991-02-11,0.88,0.96,8.93,91.07
1991-02-12,0.87,1.0,14.18,85.82
1991-02-13,0.89,1.0,11.75,88.25
1991-02-14,0.85,0.91,6.76,93.24
1991-02-15,0.87,0.91,4.18,95.82
1991-02-19,0.87,0.91,4.94,95.06
1991-02-20,0.87,0.88,1.41,98.59
1991-02-21,0.85,0.87,3.1,96.9
1991-02-22,0.87,0.87,0.83,99.17
1991-02-25,0.87,0.87,0.09,99.91
1991-02-26,0.86,0.87,1.46,98.54
1991-02-27,0.89,0.86,3.43,96.57
1991-02-28,0.88,0.87,0.5,99.5
1991-03-01,0.9,0.87,2.51,97.49
1991-03-04,0.91,0.87,3.65,96.35
1991-03-05,0.94,0.9,5.04,94.96
1991-03-06,0.91,0.89,2.4,97.6
1991-03-07,0.88,0.88,0.52,99.48
1991-03-08,0.87,0.87,0.57,99.43
1991-03-11,0.84,0.87,3.61,96.39
1991-03-12,0.81,0.85,5.33,94.67
1991-03-13,0.85,0.87,2.72,97.28
1991-03-14,0.83,0.86,3.46,96.54
1991-03-15,0.82,0.86,4.93,95.07
1991-03-18,0.84,0.86,2.16,97.84
1991-03-19,0.84,0.85,1.1,98.9
1991-03-20,0.84,0.86,2.42,97.58
1991-03-21,0.8,0.82,1.69,98.31
1991-03-22,0.79,0.77,3.5,96.5
1991-03-25,0.83,0.77,7.92,92.08
1991-03-26,0.89,0.86,3.31,96.69
1991-03-27,0.91,0.87,4.32,95.68
1991-03-28,0.9,0.87,2.85,97.15
1991-04-01,0.9,0.88,2.39,97.61
1991-04-02,0.95,0.96,0.92,99.08
1991-04-03,0.96,0.92,4.17,95.83
1991-04-04,0.96,0.97,0.95,99.05
1991-04-05,0.93,0.92,0.9,99.1
1991-04-08,0.94,0.92,2.13,97.87
1991-04-09,0.93,0.92,1.13,98.87
1991-04-10,0.91,0.89,1.73,98.27
1991-04-11,0.94,0.96,2.06,97.94
1991-04-12,0.91,0.92,1.64,98.36
1991-04-15,0.96,0.92,4.17,95.83
1991-04-16,0.95,0.89,5.88,94.12
1991-04-17,0.94,0.88,6.24,93.76
1991-04-18,0.93,1.02,9.37,90.63
1991-04-19,0.91,0.89,2.4,97.6
1991-04-22,0.86,0.83,4.24,95.76
1991-04-23,0.86,0.77,10.98,89.02
1991-04-24,0.87,0.83,5.05,94.95
1991-04-25,0.85,0.83,2.93,97.07
1991-04-26,0.85,0.81,5.35,94.65
1991-04-29,0.83,0.77,7.45,92.55
1991-04-30,0.84,0.85,1.49,98.51
1991-05-01,0.85,0.81,5.35,94.65
1991-05-02,0.85,0.85,0.02,99.98
1991-05-03,0.86,0.72,15.81,84.19
1991-05-06,0.87,0.77,11.95,88.05
1991-05-07,0.86,0.77,10.65,89.35
1991-05-08,0.87,0.83,5.05,94.95
1991-05-09,0.9,0.87,2.76,97.24
1991-05-10,0.87,0.89,1.88,98.12
1991-05-13,0.87,0.88,1.37,98.63
1991-05-14,0.86,0.87,1.57,98.43
1991-05-15,0.83,0.87,4.93,95.07
1991-05-16,0.84,0.87,3.48,96.52
1991-05-17,0.84,0.88,5.33,94.67
1991-05-20,0.84,0.87,4.14,95.86
1991-05-21,0.86,0.87,1.21,98.79
1991-05-22,0.9,0.89,1.04,98.96
1991-05-23,0.93,0.9,3.3,96.7
1991-05-24,0.93,0.9,3.74,96.26
1991-05-28,0.94,0.92,1.58,98.42
1991-05-29,0.93,0.9,3.96,96.04
1991-05-30,0.93,0.89,4.18,95.82
1991-05-31,0.93,0.92,0.68,99.32
1991-06-03,0.95,0.96,0.83,99.17
1991-06-04,0.96,1.01,5.61,94.39
1991-06-05,0.95,1.03,8.28,91.72
1991-06-06,0.94,1.03,9.67,90.33
1991-06-07,0.93,1.01,8.24,91.76
1991-06-10,0.94,1.01,8.0,92.0
1991-06-11,0.94,1.12,19.77,80.23
1991-06-12,0.94,1.06,12.28,87.72
1991-06-13,0.94,1.02,8.38,91.62
1991-06-14,0.96,1.06,9.93,90.07
1991-06-17,0.96,1.03,7.18,92.82
1991-06-18,0.94,1.02,7.9,92.1
1991-06-19,0.88,0.93,6.21,93.79
1991-06-20,0.85,0.9,5.44,94.56
1991-06-21,0.87,0.77,11.52,88.48
1991-06-24,0.83,0.72,13.13,86.87
1991-06-25,0.84,0.72,13.68,86.32
1991-06-26,0.85,0.77,10.21,89.79
1991-06-27,0.86,0.81,6.51,93.49
1991-06-28,0.86,0.81,6.68,93.32
1991-07-01,0.91,0.87,3.95,96.05
1991-07-02,0.86,0.85,1.67,98.33
1991-07-03,0.81,0.77,5.76,94.24
1991-07-05,0.78,0.77,2.33,97.67
1991-07-08,0.85,0.83,2.69,97.31
1991-07-09,0.86,0.85,0.94,99.06
1991-07-10,0.83,0.87,5.07,94.93
1991-07-11,0.84,0.87,3.73,96.27
1991-07-12,0.86,0.89,2.62,97.38
1991-07-15,0.89,0.88,0.26,99.74
1991-07-16,0.86,0.89,3.39,96.61
1991-07-17,0.86,0.89,3.0,97.0
1991-07-18,0.85,0.87,2.57,97.43
1991-07-19,0.86,0.86,0.02,99.98
1991-07-22,0.86,0.86,0.14,99.86
1991-07-23,0.84,0.86,1.65,98.35
1991-07-24,0.83,0.87,4.93,95.07
1991-07-25,0.84,0.88,5.25,94.75
1991-07-26,0.9,0.88,2.16,97.84
1991-07-29,0.89,0.88,0.79,99.21
1991-07-30,0.92,0.92,0.11,99.89
1991-07-31,0.93,0.92,1.13,98.87
1991-08-01,0.93,0.9,3.63,96.37
1991-08-02,0.93,0.89,3.85,96.15
1991-08-05,0.92,0.92,0.58,99.42
1991-08-06,0.95,0.94,0.21,99.79
1991-08-07,0.96,0.99,2.4,97.6
1991-08-08,1.0,1.01,0.71,99.29
1991-08-09,1.03,1.14,11.54,88.46
1991-08-12,1.05,1.17,11.12,88.88
1991-08-13,1.05,1.16,10.74,89.26
1991-08-14,1.05,1.16,10.74,89.26
1991-08-15,1.03,1.14,10.51,89.49
1991-08-16,1.04,1.17,12.24,87.76
1991-08-19,1.02,1.09,7.2,92.8
1991-08-20,1.02,1.09,6.87,93.13
1991-08-21,1.07,1.14,7.22,92.78
1991-08-22,1.07,1.14,7.22,92.78
1991-08-23,1.08,1.17,7.63,92.37
1991-08-26,1.08,1.11,2.26,97.74
1991-08-27,1.08,1.14,6.27,93.73
1991-08-28,1.09,1.11,1.68,98.32
1991-08-29,1.09,1.09,0.05,99.95
1991-08-30,1.08,1.03,5.06,94.94
1991-09-03,1.06,1.02,3.41,96.59
1991-09-04,1.05,1.02,2.82,97.18
1991-09-05,1.02,1.0,1.78,98.22
1991-09-06,1.03,1.0,2.09,97.91
1991-09-09,1.03,1.02,0.56,99.44
1991-09-10,1.02,1.01,0.96,99.04
1991-09-11,1.04,0.99,4.64,95.36
1991-09-12,1.09,1.02,6.33,93.67
1991-09-13,1.05,1.0,4.74,95.26
1991-09-16,1.05,1.0,4.74,95.26
1991-09-17,1.07,1.01,6.23,93.77
1991-09-18,1.08,1.01,6.51,93.49
1991-09-19,1.1,1.02,6.9,93.1
1991-09-20,1.1,1.02,7.28,92.72
1991-09-23,1.08,1.02,5.51,94.49
1991-09-24,1.12,1.15,2.53,97.47
1991-09-25,1.11,1.19,7.1,92.9
1991-09-26,1.13,1.21,6.62,93.38
1991-09-27,1.12,1.17,4.6,95.4
1991-09-30,1.13,1.21,6.92,93.08
1991-10-01,1.13,1.17,3.86,96.14
1991-10-02,1.1,1.13,2.68,97.32
1991-10-03,1.11,1.17,5.5,94.5
1991-10-04,1.12,1.17,4.75,95.25
1991-10-07,1.12,1.15,1.95,98.05
1991-10-08,1.13,1.17,3.43,96.57
1991-10-09,1.14,1.15,0.81,99.19
1991-10-10,1.14,1.15,0.53,99.47
1991-10-11,1.14,1.21,5.91,94.09
1991-10-14,1.17,1.17,0.06,99.94
1991-10-15,1.16,1.17,1.02,98.98
1991-10-16,1.15,1.13,1.56,98.44
1991-10-17,1.13,1.13,0.09,99.91
1991-10-18,1.14,1.13,0.74,99.26
1991-10-21,1.16,1.13,1.83,98.17
1991-10-22,1.16,1.21,3.89,96.11
1991-10-23,1.15,1.14,0.2,99.8
1991-10-24,1.15,1.14,0.2,99.8
1991-10-25,1.14,1.13,0.19,99.81
1991-10-28,1.15,1.13,1.02,98.98
1991-10-29,1.15,1.13,1.56,98.44
1991-10-30,1.2,1.24,2.97,97.03
1991-10-31,1.19,1.21,1.44,98.56
1991-11-01,1.18,1.2,1.94,98.06
1991-11-04,1.16,1.19,2.59,97.41
1991-11-05,1.19,1.13,4.71,95.29
1991-11-06,1.21,1.17,3.09,96.91
1991-11-07,1.2,1.15,4.77,95.23
1991-11-08,1.21,1.15,5.27,94.73
1991-11-11,1.24,1.17,5.32,94.68
1991-11-12,1.27,1.24,2.42,97.58
1991-11-13,1.28,1.24,3.5,96.5
1991-11-14,1.26,1.21,4.12,95.88
1991-11-15,1.21,1.13,5.97,94.03
1991-11-18,1.23,1.31,5.79,94.21
1991-11-19,1.22,1.3,6.13,93.87
1991-11-20,1.23,1.3,5.85,94.15
1991-11-21,1.23,1.31,5.79,94.21
1991-11-22,1.22,1.31,7.17,92.83
1991-11-25,1.21,1.3,6.82,93.18
1991-11-26,1.2,1.12,6.49,93.51
1991-11-27,1.21,1.14,6.12,93.88
1991-11-29,1.23,1.3,5.03,94.97
1991-12-02,1.29,1.36,5.82,94.18
1991-12-03,1.29,1.36,5.69,94.31
1991-12-04,1.3,1.36,5.13,94.87
1991-12-05,1.29,1.36,5.3,94.7
1991-12-06,1.32,1.46,10.57,89.43
1991-12-09,1.3,1.37,5.92,94.08
1991-12-10,1.29,1.4,8.22,91.78
1991-12-11,1.28,1.37,7.08,92.92
1991-12-12,1.3,1.37,5.92,94.08
1991-12-13,1.3,1.4,7.96,92.04
1991-12-16,1.3,1.42,9.47,90.53
1991-12-17,1.29,1.45,11.9,88.1
1991-12-18,1.31,1.45,10.81,89.19
1991-12-19,1.3,1.42,8.8,91.2
1991-12-20,1.31,1.37,4.48,95.52
1991-12-23,1.36,1.42,4.72,95.28
1991-12-24,1.35,1.4,3.64,96.36
1991-12-26,1.37,1.43,4.5,95.5
1991-12-27,1.4,1.43,2.14,97.86
1991-12-30,1.41,1.51,7.17,92.83
1991-12-31,1.41,1.51,6.69,93.31
1992-01-02,1.45,1.52,5.18,94.82
1992-01-03,1.43,1.5,4.69,95.31
1992-01-06,1.48,1.5,1.55,98.45
1992-01-07,1.52,1.61,5.97,94.03
1992-01-08,1.58,1.63,3.64,96.36
1992-01-09,1.62,1.63,1.19,98.81
1992-01-10,1.59,1.61,1.53,98.47
1992-01-13,1.61,1.61,0.03,99.97
1992-01-14,1.63,1.61,0.85,99.15
1992-01-15,1.67,1.69,1.17,98.83
1992-01-16,1.62,1.65,1.88,98.12
1992-01-17,1.61,1.63,1.51,98.49
1992-01-20,1.56,1.57,0.62,99.38
1992-01-21,1.52,1.54,1.38,98.62
1992-01-22,1.59,1.54,3.45,96.55
1992-01-23,1.59,1.54,3.06,96.94
1992-01-24,1.58,1.54,2.89,97.11
1992-01-27,1.53,1.51,1.54,98.46
1992-01-28,1.53,1.49,2.66,97.34
1992-01-29,1.58,1.49,5.59,94.41
1992-01-30,1.57,1.49,4.69,95.31
1992-01-31,1.53,1.48,3.35,96.65
1992-02-03,1.59,1.49,5.97,94.03
1992-02-04,1.58,1.48,6.29,93.71
1992-02-05,1.62,1.49,7.5,92.5
1992-02-06,1.6,1.49,6.77,93.23
1992-02-07,1.6,1.53,4.35,95.65
1992-02-10,1.58,1.53,3.39,96.61
1992-02-11,1.56,1.49,4.05,95.95
1992-02-12,1.6,1.64,2.46,97.54
1992-02-13,1.56,1.49,4.05,95.95
1992-02-14,1.5,1.49,0.81,99.19
1992-02-18,1.5,1.49,0.6,99.4
1992-02-19,1.46,1.44,1.56,98.44
1992-02-20,1.49,1.48,0.71,99.29
1992-02-21,1.45,1.48,1.89,98.11
1992-02-24,1.46,1.39,4.86,95.14
1992-02-25,1.47,1.37,7.08,92.92
1992-02-26,1.55,1.43,7.75,92.25
1992-02-27,1.59,1.49,5.74,94.26
1992-02-28,1.57,1.49,4.83,95.17
1992-03-02,1.56,1.49,4.31,95.69
1992-03-03,1.56,1.51,3.64,96.36
1992-03-04,1.56,1.49,4.05,95.95
1992-03-05,1.54,1.49,2.92,97.08
1992-03-06,1.5,1.49,0.46,99.54
1992-03-09,1.51,1.51,0.2,99.8
1992-03-10,1.55,1.54,0.47,99.53
1992-03-11,1.53,1.53,0.03,99.97
1992-03-12,1.54,1.54,0.04,99.96
1992-03-13,1.54,1.54,0.15,99.85
1992-03-16,1.58,1.57,0.8,99.2
1992-03-17,1.63,1.54,5.33,94.67
1992-03-18,1.6,1.53,4.82,95.18
1992-03-19,1.62,1.53,5.66,94.34
1992-03-20,1.63,1.67,2.14,97.86
1992-03-23,1.63,1.66,2.02,97.98
1992-03-24,1.62,1.66,2.82,97.18
1992-03-25,1.63,1.69,3.76,96.24
1992-03-26,1.59,1.69,6.67,93.33
1992-03-27,1.54,1.66,7.51,92.49
1992-03-30,1.52,1.62,6.35,93.65
1992-03-31,1.5,1.62,7.69,92.31
1992-04-01,1.53,1.49,2.32,97.68
1992-04-02,1.49,1.49,0.46,99.54
1992-04-03,1.49,1.45,2.83,97.17
1992-04-06,1.54,1.45,5.83,94.17
1992-04-07,1.47,1.39,5.78,94.22
1992-04-08,1.49,1.39,6.79,93.21
1992-04-09,1.52,1.45,4.85,95.15
1992-04-10,1.47,1.39,5.78,94.22
1992-04-13,1.49,1.45,2.83,97.17
1992-04-14,1.49,1.43,3.8,96.2
1992-04-15,1.64,1.53,6.67,93.33
1992-04-16,1.62,1.53,5.75,94.25
1992-04-20,1.5,1.49,0.36,99.64
1992-04-21,1.47,1.43,2.94,97.06
1992-04-22,1.49,1.43,4.32,95.68
1992-04-23,1.47,1.43,2.63,97.37
1992-04-24,1.43,1.43,0.26,99.74
1992-04-27,1.44,1.42,1.39,98.61
1992-04-28,1.38,1.43,3.25,96.75
1992-04-29,1.41,1.43,1.05,98.95
1992-04-30,1.4,1.41,0.88,99.12
1992-05-01,1.44,1.43,0.91,99.09
1992-05-04,1.45,1.37,5.03,94.97
1992-05-05,1.48,1.38,6.92,93.08
1992-05-06,1.47,1.33,9.47,90.53
1992-05-07,1.46,1.33,8.68,91.32
1992-05-08,1.45,1.44,1.08,98.92
1992-05-11,1.45,1.44,0.65,99.35
1992-05-12,1.45,1.44,0.87,99.13
1992-05-13,1.43,1.44,0.45,99.55
1992-05-14,1.41,1.44,2.27,97.73
1992-05-15,1.4,1.44,2.97,97.03
1992-05-18,1.43,1.45,1.46,98.54
1992-05-19,1.45,1.45,0.09,99.91
1992-05-20,1.48,1.49,0.54,99.46
1992-05-21,1.48,1.45,1.91,98.09
1992-05-22,1.47,1.45,1.17,98.83
1992-05-26,1.47,1.44,1.94,98.06
1992-05-27,1.46,1.44,1.51,98.49
1992-05-28,1.51,1.46,3.25,96.75
1992-05-29,1.54,1.49,3.0,97.0
1992-06-01,1.58,1.6,1.5,98.5
1992-06-02,1.56,1.57,0.31,99.69
1992-06-03,1.56,1.6,2.53,97.47
1992-06-04,1.56,1.65,6.13,93.87
1992-06-05,1.54,1.63,6.12,93.88
1992-06-08,1.5,1.54,2.47,97.53
1992-06-09,1.46,1.51,3.28,96.72
1992-06-10,1.43,1.48,3.7,96.3
1992-06-11,1.37,1.43,4.22,95.78
1992-06-12,1.43,1.49,4.48,95.52
1992-06-15,1.44,1.49,3.44,96.56
1992-06-16,1.39,1.37,0.79,99.21
1992-06-17,1.38,1.31,4.86,95.14
1992-06-18,1.38,1.27,7.71,92.29
1992-06-19,1.4,1.27,9.28,90.72
1992-06-22,1.41,1.27,10.19,89.81
1992-06-23,1.4,1.33,4.75,95.25
1992-06-24,1.38,1.33,3.1,96.9
1992-06-25,1.33,1.33,0.02,99.98
1992-06-26,1.27,1.3,2.28,97.72
1992-06-29,1.38,1.44,4.51,95.49
1992-06-30,1.33,1.43,7.04,92.96
1992-07-01,1.37,1.39,1.21,98.79
1992-07-02,1.33,1.36,2.03,97.97
1992-07-06,1.32,1.26,4.61,95.39
1992-07-07,1.3,1.27,2.27,97.73
1992-07-08,1.31,1.28,1.87,98.13
1992-07-09,1.31,1.35,2.42,97.58
1992-07-10,1.32,1.33,0.85,99.15
1992-07-13,1.33,1.33,0.13,99.87
1992-07-14,1.35,1.35,0.64,99.36
1992-07-15,1.36,1.35,1.01,98.99
1992-07-16,1.38,1.36,1.14,98.86
1992-07-17,1.34,1.36,1.68,98.32
1992-07-20,1.32,1.33,1.21,98.79
1992-07-21,1.37,1.36,0.45,99.55
1992-07-22,1.33,1.35,0.96,99.04
1992-07-23,1.35,1.36,0.6,99.4
1992-07-24,1.39,1.37,1.14,98.86
1992-07-27,1.39,1.4,0.56,99.44
1992-07-28,1.41,1.4,0.79,99.21
1992-07-29,1.41,1.4,0.79,99.21
1992-07-30,1.39,1.37,1.65,98.35
1992-07-31,1.39,1.36,1.82,98.18
1992-08-03,1.4,1.3,7.66,92.34
1992-08-04,1.41,1.36,3.31,96.69
1992-08-05,1.37,1.35,1.69,98.31
1992-08-06,1.36,1.36,0.1,99.9
1992-08-07,1.35,1.36,0.96,99.04
1992-08-10,1.35,1.35,0.29,99.71
1992-08-11,1.36,1.36,0.07,99.93
1992-08-12,1.35,1.36,0.69,99.31
1992-08-13,1.35,1.33,1.77,98.23
1992-08-14,1.35,1.3,3.62,96.38
1992-08-17,1.32,1.2,9.56,90.44
1992-08-18,1.32,1.2,9.56,90.44
1992-08-19,1.32,1.21,8.39,91.61
1992-08-20,1.34,1.3,2.76,97.24
1992-08-21,1.33,1.24,6.56,93.44
1992-08-24,1.31,1.2,8.91,91.09
1992-08-25,1.34,1.33,0.83,99.17
1992-08-26,1.36,1.36,0.19,99.81
1992-08-27,1.4,1.37,2.17,97.83
1992-08-28,1.42,1.4,1.29,98.71
1992-08-31,1.42,1.37,3.32,96.68
1992-09-01,1.42,1.4,1.46,98.54
1992-09-02,1.44,1.43,0.29,99.71
1992-09-03,1.46,1.45,0.82,99.18
1992-09-04,1.45,1.49,2.64,97.36
1992-09-08,1.46,1.49,1.63,98.37
1992-09-09,1.49,1.6,7.48,92.52
1992-09-10,1.5,1.6,6.29,93.71
1992-09-11,1.5,1.61,7.03,92.97
1992-09-14,1.56,1.63,5.01,94.99
1992-09-15,1.55,1.61,4.34,95.66
1992-09-16,1.53,1.62,5.8,94.2
1992-09-17,1.55,1.6,3.44,96.56
1992-09-18,1.52,1.55,1.69,98.31
1992-09-21,1.51,1.51,0.25,99.75
1992-09-22,1.48,1.54,3.77,96.23
1992-09-23,1.51,1.54,2.1,97.9
1992-09-24,1.53,1.54,0.53,99.47
1992-09-25,1.5,1.53,1.83,98.17
1992-09-28,1.47,1.51,2.83,97.17
1992-09-29,1.5,1.51,0.54,99.46
1992-09-30,1.53,1.53,0.39,99.61
1992-10-01,1.52,1.51,0.56,99.44
1992-10-02,1.5,1.48,1.23,98.77
1992-10-05,1.56,1.51,3.15,96.85
1992-10-06,1.57,1.53,2.8,97.2
1992-10-07,1.55,1.51,2.4,97.6
1992-10-08,1.59,1.53,3.82,96.18
1992-10-09,1.57,1.53,2.66,97.34
1992-10-12,1.6,1.54,3.69,96.31
1992-10-13,1.6,1.54,4.11,95.89
1992-10-14,1.59,1.53,3.97,96.03
1992-10-15,1.61,1.57,2.76,97.24
1992-10-16,1.63,1.6,1.53,98.47
1992-10-19,1.67,1.74,4.1,95.9
1992-10-20,1.67,1.73,3.32,96.68
1992-10-21,1.71,1.78,3.87,96.13
1992-10-22,1.71,1.78,4.16,95.84
1992-10-23,1.69,1.73,2.45,97.55
1992-10-26,1.71,1.73,0.88,99.12
1992-10-27,1.68,1.71,2.28,97.72
1992-10-28,1.69,1.71,1.23,98.77
1992-10-29,1.71,1.76,2.42,97.58
1992-10-30,1.69,1.71,0.95,99.05
1992-11-02,1.71,1.71,0.04,99.96
1992-11-03,1.68,1.68,0.06,99.94
1992-11-04,1.69,1.68,0.34,99.66
1992-11-05,1.75,1.71,2.49,97.51
1992-11-06,1.77,1.68,4.9,95.1
1992-11-09,1.75,1.7,3.02,96.98
1992-11-10,1.77,1.69,4.59,95.41
1992-11-11,1.79,1.7,4.96,95.04
1992-11-12,1.78,1.71,3.84,96.16
1992-11-13,1.78,1.7,4.45,95.55
1992-11-16,1.77,1.74,1.57,98.43
1992-11-17,1.71,1.69,1.54,98.46
1992-11-18,1.75,1.69,3.68,96.32
1992-11-19,1.79,1.74,2.88,97.12
1992-11-20,1.81,1.82,0.48,99.52
1992-11-23,1.69,1.67,1.01,98.99
1992-11-24,1.74,1.69,3.16,96.84
1992-11-25,1.74,1.65,4.64,95.36
1992-11-27,1.75,1.65,5.29,94.71
1992-11-30,1.77,1.75,1.46,98.54
1992-12-01,1.77,1.75,1.46,98.54
1992-12-02,1.73,1.73,0.21,99.79
1992-12-03,1.75,1.73,0.74,99.26
1992-12-04,1.75,1.73,0.88,99.12
1992-12-07,1.78,1.75,1.73,98.27
1992-12-08,1.76,1.77,0.3,99.7
1992-12-09,1.75,1.75,0.26,99.74
1992-12-10,1.7,1.72,1.2,98.8
1992-12-11,1.65,1.55,5.89,94.11
1992-12-14,1.66,1.65,0.39,99.61
1992-12-15,1.65,1.59,3.37,96.63
1992-12-16,1.66,1.63,1.45,98.55
1992-12-17,1.71,1.65,3.57,96.43
1992-12-18,1.71,1.64,4.22,95.78
1992-12-21,1.72,1.65,4.11,95.89
1992-12-22,1.67,1.65,1.1,98.9
1992-12-23,1.66,1.63,1.73,98.27
1992-12-24,1.66,1.63,1.73,98.27
1992-12-28,1.67,1.55,7.1,92.9
1992-12-29,1.65,1.55,6.03,93.97
1992-12-30,1.64,1.55,5.34,94.66
1992-12-31,1.63,1.61,0.97,99.03
1993-01-04,1.62,1.62,0.05,99.95
1993-01-05,1.65,1.62,1.52,98.48
1993-01-06,1.7,1.66,2.35,97.65
1993-01-07,1.66,1.64,1.55,98.45
1993-01-08,1.66,1.6,3.55,96.45
1993-01-11,1.7,1.62,4.54,95.46
1993-01-12,1.71,1.65,3.18,96.82
1993-01-13,1.74,1.71,1.47,98.53
1993-01-14,1.74,1.74,0.05,99.95
1993-01-15,1.71,1.69,1.27,98.73
1993-01-18,1.7,1.69,0.71,99.29
1993-01-19,1.68,1.69,0.27,99.73
1993-01-20,1.68,1.69,0.27,99.73
1993-01-21,1.7,1.71,0.45,99.55
1993-01-22,1.7,1.74,2.15,97.85
1993-01-25,1.69,1.69,0.13,99.87
1993-01-26,1.68,1.65,1.38,98.62
1993-01-27,1.64,1.65,0.62,99.38
1993-01-28,1.66,1.65,0.12,99.88
1993-01-29,1.65,1.63,0.88,99.12
1993-02-01,1.67,1.64,1.83,98.17
1993-02-02,1.7,1.64,3.48,96.52
1993-02-03,1.68,1.63,2.99,97.01
1993-02-04,1.62,1.52,6.37,93.63
1993-02-05,1.7,1.62,4.28,95.72
1993-02-08,1.63,1.62,0.78,99.22
1993-02-09,1.6,1.6,0.38,99.62
1993-02-10,1.63,1.61,1.17,98.83
1993-02-11,1.62,1.61,0.88,99.12
1993-02-12,1.59,1.6,0.68,99.32
1993-02-16,1.53,1.57,2.68,97.32
1993-02-17,1.53,1.6,4.71,95.29
1993-02-18,1.55,1.6,3.15,96.85
1993-02-19,1.52,1.58,3.87,96.13
1993-02-22,1.46,1.52,3.69,96.31
1993-02-23,1.51,1.56,2.84,97.16
1993-02-24,1.6,1.62,1.43,98.57
1993-02-25,1.61,1.62,0.97,99.03
1993-02-26,1.59,1.6,0.99,99.01
1993-03-01,1.55,1.62,4.39,95.61
1993-03-02,1.61,1.64,1.5,98.5
1993-03-03,1.61,1.62,0.52,99.48
1993-03-04,1.6,1.62,1.59,98.41
1993-03-05,1.58,1.62,2.95,97.05
1993-03-08,1.59,1.66,3.92,96.08
1993-03-09,1.6,1.66,3.15,96.85
1993-03-10,1.62,1.66,2.24,97.76
1993-03-11,1.65,1.67,1.16,98.84
1993-03-12,1.7,1.78,5.04,94.96
1993-03-15,1.67,1.71,2.72,97.28
1993-03-16,1.67,1.66,0.4,99.6
1993-03-17,1.63,1.64,0.61,99.39
1993-03-18,1.62,1.66,1.94,98.06
1993-03-19,1.6,1.66,3.15,96.85
1993-03-22,1.59,1.62,2.04,97.96
1993-03-23,1.58,1.62,2.35,97.65
1993-03-24,1.64,1.66,0.76,99.24
1993-03-25,1.66,1.67,0.15,99.85
1993-03-26,1.65,1.66,0.33,99.67
1993-03-29,1.66,1.66,0.11,99.89
1993-03-30,1.73,1.71,1.55,98.45
1993-03-31,1.76,1.71,3.15,96.85
1993-04-01,1.77,1.66,6.02,93.98
1993-04-02,1.71,1.66,3.17,96.83
1993-04-05,1.74,1.66,5.02,94.98
1993-04-06,1.71,1.66,2.62,97.38
1993-04-07,1.72,1.7,1.27,98.73
1993-04-08,1.7,1.7,0.12,99.88
1993-04-12,1.72,1.74,1.3,98.7
1993-04-13,1.69,1.71,1.16,98.84
1993-04-14,1.7,1.69,0.44,99.56
1993-04-15,1.66,1.65,0.26,99.74
1993-04-16,1.66,1.67,0.69,99.31
1993-04-19,1.66,1.67,0.69,99.31
1993-04-20,1.65,1.58,4.51,95.49
1993-04-21,1.62,1.52,6.24,93.76
1993-04-22,1.59,1.47,7.19,92.81
1993-04-23,1.55,1.47,5.06,94.94
1993-04-26,1.53,1.47,3.87,96.13
1993-04-27,1.57,1.52,3.54,96.46
1993-04-28,1.64,1.6,2.12,97.88
1993-04-29,1.63,1.6,1.52,98.48
1993-04-30,1.63,1.58,3.11,96.89
1993-05-03,1.64,1.61,1.89,98.11
1993-05-04,1.68,1.62,3.32,96.68
1993-05-05,1.7,1.66,2.63,97.37
1993-05-06,1.66,1.64,1.55,98.45
1993-05-07,1.66,1.64,1.27,98.73
1993-05-10,1.7,1.66,2.49,97.51
1993-05-11,1.67,1.66,0.96,99.04
1993-05-12,1.64,1.66,0.76,99.24
1993-05-13,1.63,1.66,1.92,98.08
1993-05-14,1.63,1.68,3.16,96.84
1993-05-17,1.65,1.66,1.04,98.96
1993-05-18,1.69,1.66,1.8,98.2
1993-05-19,1.76,1.71,3.15,96.85
1993-05-20,1.79,1.74,2.97,97.03
1993-05-21,1.76,1.71,2.8,97.2
1993-05-24,1.75,1.7,3.28,96.72
1993-05-25,1.74,1.69,2.89,97.11
1993-05-26,1.81,1.74,4.15,95.85
1993-05-27,1.79,1.74,3.01,96.99
1993-05-28,1.76,1.69,4.33,95.67
1993-06-01,1.83,1.74,5.15,94.85
1993-06-02,1.82,1.85,1.51,98.49
1993-06-03,1.8,1.82,0.88,99.12
1993-06-04,1.79,1.82,1.55,98.45
1993-06-07,1.78,1.79,0.88,99.12
1993-06-08,1.76,1.77,0.57,99.43
1993-06-09,1.73,1.73,0.06,99.94
1993-06-10,1.74,1.73,0.2,99.8
1993-06-11,1.7,1.72,1.11,98.89
1993-06-14,1.76,1.75,0.53,99.47
1993-06-15,1.76,1.77,0.3,99.7
1993-06-16,1.74,1.72,1.3,98.7
1993-06-17,1.73,1.72,0.56,99.44
1993-06-18,1.67,1.69,1.38,98.62
1993-06-21,1.69,1.55,8.28,91.72
1993-06-22,1.68,1.55,7.63,92.37
1993-06-23,1.69,1.55,8.28,91.72
1993-06-24,1.69,1.55,8.15,91.85
1993-06-25,1.69,1.59,5.69,94.31
1993-06-28,1.72,1.65,3.84,96.16
1993-06-29,1.7,1.65,2.49,97.51
1993-06-30,1.68,1.64,2.04,97.96
1993-07-01,1.66,1.65,0.39,99.61
1993-07-02,1.66,1.55,6.83,93.17
1993-07-06,1.64,1.55,5.48,94.52
1993-07-07,1.59,1.5,5.29,94.71
1993-07-08,1.62,1.55,4.23,95.77
1993-07-09,1.61,1.6,0.51,99.49
1993-07-12,1.6,1.52,4.98,95.02
1993-07-13,1.58,1.52,3.83,96.17
1993-07-14,1.6,1.57,2.34,97.66
1993-07-15,1.59,1.55,2.8,97.2
1993-07-16,1.55,1.52,1.9,98.1
1993-07-19,1.5,1.47,1.89,98.11
1993-07-20,1.53,1.52,1.14,98.86
1993-07-21,1.5,1.52,0.74,99.26
1993-07-22,1.48,1.52,2.52,97.48
1993-07-23,1.48,1.48,0.28,99.72
1993-07-26,1.49,1.45,2.55,97.45
1993-07-27,1.44,1.32,7.91,92.09
1993-07-28,1.49,1.35,9.12,90.88
1993-07-29,1.5,1.39,7.86,92.14
1993-07-30,1.41,1.32,6.04,93.96
1993-08-02,1.39,1.32,4.42,95.58
1993-08-03,1.39,1.32,4.75,95.25
1993-08-04,1.39,1.32,4.75,95.25
1993-08-05,1.42,1.39,2.62,97.38
1993-08-06,1.4,1.39,0.63,99.37
1993-08-09,1.39,1.27,8.66,91.34
1993-08-10,1.35,1.27,6.08,93.92
1993-08-11,1.38,1.4,1.23,98.77
1993-08-12,1.41,1.44,2.04,97.96
1993-08-13,1.43,1.44,0.34,99.66
1993-08-16,1.48,1.47,0.53,99.47
1993-08-17,1.47,1.44,2.11,97.89
1993-08-18,1.47,1.44,2.26,97.74
1993-08-19,1.41,1.45,2.8,97.2
1993-08-20,1.45,1.46,0.66,99.34
1993-08-23,1.47,1.46,0.32,99.68
1993-08-24,1.45,1.45,0.51,99.49
1993-08-25,1.41,1.44,1.84,98.16
1993-08-26,1.37,1.35,2.02,97.98
1993-08-27,1.37,1.35,1.68,98.32
1993-08-30,1.38,1.36,1.65,98.35
1993-08-31,1.43,1.45,1.52,98.48
1993-09-01,1.46,1.45,0.63,99.37
1993-09-02,1.46,1.45,0.47,99.53
1993-09-03,1.44,1.44,0.32,99.68
1993-09-07,1.42,1.44,1.01,98.99
1993-09-08,1.42,1.44,1.35,98.65
1993-09-09,1.45,1.45,0.02,99.98
1993-09-10,1.49,1.45,2.22,97.78
1993-09-13,1.45,1.44,0.99,99.01
1993-09-14,1.43,1.44,0.49,99.51
1993-09-15,1.46,1.45,0.31,99.69
1993-09-16,1.45,1.46,1.13,98.87
1993-09-17,1.45,1.46,1.13,98.87
1993-09-20,1.44,1.46,1.5,98.5
1993-09-21,1.45,1.45,0.35,99.65
1993-09-22,1.47,1.45,1.2,98.8
1993-09-23,1.5,1.45,3.16,96.84
1993-09-24,1.52,1.49,2.19,97.81
1993-09-27,1.57,1.58,0.61,99.39
1993-09-28,1.6,1.65,3.29,96.71
1993-09-29,1.58,1.6,1.1,98.9
1993-09-30,1.57,1.57,0.4,99.6
1993-10-01,1.56,1.6,2.34,97.66
1993-10-04,1.57,1.65,5.01,94.99
1993-10-05,1.59,1.63,2.83,97.17
1993-10-06,1.62,1.67,3.55,96.45
1993-10-07,1.6,1.65,3.14,96.86
1993-10-08,1.61,1.65,2.68,97.32
1993-10-11,1.6,1.65,3.29,96.71
1993-10-12,1.6,1.63,1.61,98.39
1993-10-13,1.59,1.57,1.29,98.71
1993-10-14,1.56,1.53,2.36,97.64
1993-10-15,1.54,1.49,2.96,97.04
1993-10-18,1.58,1.49,5.59,94.41
1993-10-19,1.53,1.48,3.45,96.55
1993-10-20,1.54,1.49,3.26,96.74
1993-10-21,1.51,1.49,1.44,98.56
1993-10-22,1.53,1.49,2.51,97.49
1993-10-25,1.53,1.48,3.38,96.62
1993-10-26,1.51,1.39,8.35,91.65
1993-10-27,1.52,1.45,4.7,95.3
1993-10-28,1.5,1.39,7.77,92.23
1993-10-29,1.53,1.47,3.51,96.49
1993-11-01,1.54,1.48,4.2,95.8
1993-11-02,1.53,1.48,3.45,96.55
1993-11-03,1.5,1.48,1.3,98.7
1993-11-04,1.46,1.47,1.06,98.94
1993-11-05,1.5,1.47,1.83,98.17
1993-11-08,1.5,1.49,0.18,99.82
1993-11-09,1.49,1.48,0.99,99.01
1993-11-10,1.55,1.53,1.46,98.54
1993-11-11,1.55,1.53,1.76,98.24
1993-11-12,1.56,1.53,2.06,97.94
1993-11-15,1.53,1.53,0.39,99.61
1993-11-16,1.57,1.53,2.51,97.49
1993-11-17,1.54,1.53,0.7,99.3
1993-11-18,1.53,1.51,1.34,98.66
1993-11-19,1.53,1.49,2.07,97.93
1993-11-22,1.47,1.48,1.01,98.99
1993-11-23,1.47,1.49,1.27,98.73
1993-11-24,1.5,1.53,1.83,98.17
1993-11-26,1.5,1.51,0.22,99.78
1993-11-29,1.51,1.53,0.86,99.14
1993-11-30,1.52,1.53,0.23,99.77
1993-12-01,1.55,1.51,2.85,97.15
1993-12-02,1.58,1.53,3.24,96.76
1993-12-03,1.63,1.54,5.91,94.09
1993-12-06,1.62,1.54,4.82,95.18
1993-12-07,1.63,1.54,5.64,94.36
1993-12-08,1.59,1.53,3.97,96.03
1993-12-09,1.55,1.51,2.4,97.6
1993-12-10,1.56,1.53,2.06,97.94
1993-12-13,1.55,1.54,0.73,99.27
1993-12-14,1.52,1.53,0.23,99.77
1993-12-15,1.52,1.53,0.55,99.45
1993-12-16,1.52,1.53,0.23,99.77
1993-12-17,1.53,1.53,0.39,99.61
1993-12-20,1.56,1.53,2.21,97.79
1993-12-21,1.57,1.53,2.8,97.2
1993-12-22,1.55,1.49,3.41,96.59
1993-12-23,1.54,1.39,9.91,90.09
1993-12-27,1.53,1.39,9.49,90.51
1993-12-28,1.58,1.48,6.37,93.63
1993-12-29,1.55,1.49,3.85,96.15
1993-12-30,1.55,1.51,2.55,97.45
1993-12-31,1.54,1.49,2.81,97.19
1994-01-03,1.53,1.49,2.2,97.8
1994-01-04,1.53,1.51,1.64,98.36
1994-01-05,1.57,1.54,1.91,98.09
1994-01-06,1.61,1.57,2.9,97.1
1994-01-07,1.62,1.57,3.61,96.39
1994-01-10,1.63,1.67,2.05,97.95
1994-01-11,1.62,1.66,2.52,97.48
1994-01-12,1.63,1.69,3.97,96.03
1994-01-13,1.63,1.69,4.12,95.88
1994-01-14,1.63,1.73,6.04,93.96
1994-01-17,1.61,1.66,3.12,96.88
1994-01-18,1.61,1.69,5.04,94.96
1994-01-19,1.59,1.66,4.98,95.02
1994-01-20,1.64,1.73,5.27,94.73
1994-01-21,1.64,1.76,7.05,92.95
1994-01-24,1.62,1.69,4.27,95.73
1994-01-25,1.62,1.67,2.79,97.21
1994-01-26,1.6,1.62,1.11,98.89
1994-01-27,1.6,1.62,0.98,99.02
1994-01-28,1.62,1.62,0.24,99.76
1994-01-31,1.62,1.62,0.08,99.92
1994-02-01,1.62,1.62,0.08,99.92
1994-02-02,1.6,1.62,1.28,98.72
1994-02-03,1.61,1.62,0.68,99.32
1994-02-04,1.55,1.58,1.95,98.05
1994-02-07,1.54,1.57,1.89,98.11
1994-02-08,1.5,1.55,3.07,96.93
1994-02-09,1.52,1.47,2.97,97.03
1994-02-10,1.51,1.47,2.66,97.34
1994-02-11,1.5,1.47,1.89,98.11
1994-02-14,1.51,1.34,10.85,89.15
1994-02-15,1.52,1.39,8.64,91.36
1994-02-16,1.5,1.39,7.48,92.52
1994-02-17,1.5,1.34,10.28,89.72
1994-02-18,1.52,1.39,8.92,91.08
1994-02-22,1.51,1.39,8.35,91.65
1994-02-23,1.54,1.48,4.35,95.65
1994-02-24,1.52,1.43,6.06,93.94
1994-02-25,1.54,1.49,3.12,96.88
1994-02-28,1.57,1.53,2.8,97.2
1994-03-01,1.59,1.57,1.29,98.71
1994-03-02,1.58,1.54,2.38,97.62
1994-03-03,1.54,1.53,1.0,99.0
1994-03-04,1.54,1.53,1.0,99.0
1994-03-07,1.55,1.53,1.31,98.69
1994-03-08,1.54,1.53,1.0,99.0
1994-03-09,1.54,1.54,0.24,99.76
1994-03-10,1.54,1.54,0.24,99.76
1994-03-11,1.56,1.53,1.91,98.09
1994-03-14,1.6,1.57,2.03,97.97
1994-03-15,1.62,1.57,3.18,96.82
1994-03-16,1.61,1.61,0.01,99.99
1994-03-17,1.61,1.69,5.2,94.8
1994-03-18,1.61,1.67,3.25,96.75
1994-03-21,1.59,1.64,3.18,96.82
1994-03-22,1.61,1.66,3.12,96.88
1994-03-23,1.64,1.76,7.05,92.95
1994-03-24,1.66,1.78,7.14,92.86
1994-03-25,1.67,1.78,6.84,93.16
1994-03-28,1.65,1.73,5.11,94.89
1994-03-29,1.57,1.66,5.34,94.66
1994-03-30,1.59,1.66,3.92,96.08
1994-03-31,1.61,1.66,2.55,97.45
1994-04-04,1.61,1.64,1.65,98.35
1994-04-05,1.67,1.66,0.96,99.04
1994-04-06,1.7,1.66,1.8,98.2
1994-04-07,1.71,1.68,1.73,98.27
1994-04-08,1.66,1.66,0.11,99.89
1994-04-11,1.66,1.66,0.11,99.89
1994-04-12,1.61,1.64,1.35,98.65
1994-04-13,1.62,1.62,0.24,99.76
1994-04-14,1.6,1.62,1.13,98.87
1994-04-15,1.62,1.62,0.24,99.76
1994-04-18,1.58,1.61,1.81,98.19
1994-04-19,1.68,1.68,0.09,99.91
1994-04-20,1.7,1.68,1.45,98.55
1994-04-21,1.74,1.68,3.61,96.39
1994-04-22,1.75,1.71,2.36,97.64
1994-04-25,1.79,1.68,5.92,94.08
1994-04-26,1.81,1.71,5.3,94.7
1994-04-28,1.75,1.69,3.81,96.19
1994-04-29,1.76,1.71,2.8,97.2
1994-05-02,1.82,1.74,4.4,95.6
1994-05-03,1.78,1.74,2.36,97.64
1994-05-04,1.81,1.76,2.85,97.15
1994-05-05,1.8,1.76,2.08,97.92
1994-05-06,1.76,1.71,2.8,97.2
1994-05-09,1.76,1.82,3.47,96.53
1994-05-10,1.79,1.79,0.07,99.93
1994-05-11,1.78,1.78,0.25,99.75
1994-05-12,1.8,1.77,1.83,98.17
1994-05-13,1.84,1.78,3.35,96.65
1994-05-16,1.81,1.77,2.34,97.66
1994-05-17,1.8,1.73,3.77,96.23
1994-05-18,1.85,1.79,3.09,96.91
1994-05-19,1.87,1.79,4.38,95.62
1994-05-20,1.86,1.77,5.09,94.91
1994-05-23,1.93,1.84,4.5,95.5
1994-05-24,1.95,1.82,6.65,93.35
1994-05-25,2.0,1.88,5.82,94.18
1994-05-26,1.98,1.91,3.8,96.2
1994-05-27,2.0,2.13,6.52,93.48
1994-05-31,2.05,2.13,3.79,96.21
1994-06-01,2.02,2.13,5.26,94.74
1994-06-02,1.99,2.07,4.2,95.8
1994-06-03,2.01,2.07,2.81,97.19
1994-06-06,2.08,2.28,9.77,90.23
1994-06-07,2.04,2.26,10.48,89.52
1994-06-08,1.98,2.16,9.3,90.7
1994-06-09,1.99,2.15,8.0,92.0
1994-06-10,2.0,2.1,4.96,95.04
1994-06-13,2.01,2.09,3.58,96.42
1994-06-14,2.04,2.09,2.25,97.75
1994-06-15,2.07,2.14,3.57,96.43
1994-06-16,2.04,1.99,2.64,97.36
1994-06-17,2.02,1.97,2.55,97.45
1994-06-20,2.04,1.95,4.13,95.87
1994-06-21,2.0,1.95,2.53,97.47
1994-06-22,1.96,1.95,0.51,99.49
1994-06-23,1.91,1.93,1.17,98.83
1994-06-24,1.89,1.85,2.04,97.96
1994-06-27,1.98,1.95,1.23,98.77
1994-06-28,1.95,1.95,0.15,99.85
1994-06-29,1.96,1.95,0.27,99.73
1994-06-30,1.97,1.95,0.75,99.25
1994-07-01,1.91,1.93,1.09,98.91
1994-07-05,1.87,1.85,1.3,98.7
1994-07-06,1.84,1.85,0.36,99.64
1994-07-07,1.92,1.93,0.81,99.19
1994-07-08,1.89,1.93,2.45,97.55
1994-07-11,1.84,1.85,0.23,99.77
1994-07-12,1.83,1.89,3.28,96.72
1994-07-13,1.89,1.95,3.51,96.49
1994-07-14,1.86,1.95,5.1,94.9
1994-07-15,1.85,1.95,5.37,94.63
1994-07-18,1.92,1.95,1.46,98.54
1994-07-19,1.91,1.95,2.22,97.78
1994-07-20,1.84,1.93,5.0,95.0
1994-07-21,1.82,1.91,4.96,95.04
1994-07-22,1.93,1.97,2.14,97.86
1994-07-25,1.95,1.99,1.88,98.12
1994-07-26,1.92,1.77,7.92,92.08
1994-07-27,1.89,1.73,8.14,91.86
1994-07-28,1.89,1.75,7.31,92.69
1994-07-29,1.96,1.78,9.45,90.55
1994-08-01,2.03,2.04,0.22,99.78
1994-08-02,2.01,2.0,0.79,99.21
1994-08-03,2.03,2.04,0.22,99.78
1994-08-04,2.01,2.01,0.09,99.91
1994-08-05,2.0,1.99,0.67,99.33
1994-08-08,2.02,2.0,1.14,98.86
1994-08-09,2.04,2.06,1.03,98.97
1994-08-10,2.06,2.1,2.0,98.0
1994-08-11,2.1,2.23,5.84,94.16
1994-08-12,2.1,2.21,5.13,94.87
1994-08-15,2.07,2.21,6.7,93.3
1994-08-16,2.09,2.28,9.02,90.98
1994-08-17,2.13,2.28,7.07,92.93
1994-08-18,2.11,2.23,5.37,94.63
1994-08-19,2.09,2.14,2.39,97.61
1994-08-22,2.08,2.15,3.31,96.69
1994-08-23,2.11,2.16,2.4,97.6
1994-08-24,2.12,2.21,4.19,95.81
1994-08-25,2.14,2.24,4.69,95.31
1994-08-26,2.17,2.24,3.42,96.58
1994-08-29,2.17,2.23,2.48,97.52
1994-08-30,2.22,2.26,1.49,98.51
1994-08-31,2.21,2.19,1.03,98.97
1994-09-01,2.14,2.14,0.11,99.89
1994-09-02,2.13,2.14,0.33,99.67
1994-09-06,2.13,2.14,0.33,99.67
1994-09-07,2.17,2.14,1.21,98.79
1994-09-08,2.21,2.16,1.91,98.09
1994-09-09,2.17,2.15,0.78,99.22
1994-09-12,2.14,2.14,0.11,99.89
1994-09-13,2.19,2.15,1.96,98.04
1994-09-14,2.2,2.14,2.5,97.5
1994-09-15,2.22,2.15,3.12,96.88
1994-09-16,2.17,2.12,2.1,97.9
1994-09-19,2.17,2.11,2.72,97.28
1994-09-20,2.13,2.09,2.11,97.89
1994-09-21,2.18,2.11,3.45,96.55
1994-09-22,2.17,2.14,1.43,98.57
1994-09-23,2.13,2.12,0.57,99.43
1994-09-26,2.12,2.11,0.42,99.58
1994-09-27,2.15,2.11,2.07,97.93
1994-09-28,2.17,2.11,3.03,96.97
1994-09-29,2.15,2.11,2.07,97.93
1994-09-30,2.14,2.12,0.79,99.21
1994-10-03,2.13,2.09,1.87,98.13
1994-10-04,2.1,2.06,1.54,98.46
1994-10-05,2.11,2.05,2.94,97.06
1994-10-06,2.08,2.06,0.64,99.36
1994-10-07,2.07,2.06,0.41,99.59
1994-10-10,2.09,2.11,0.95,99.05
1994-10-11,2.13,2.09,1.49,98.51
1994-10-12,2.14,2.11,1.74,98.26
1994-10-13,2.18,2.14,1.86,98.14
1994-10-14,2.13,2.12,0.46,99.54
1994-10-17,2.1,2.11,0.27,99.73
1994-10-18,2.16,2.11,2.29,97.71
1994-10-19,2.2,2.14,2.5,97.5
1994-10-20,2.27,2.16,4.68,95.32
1994-10-21,2.26,2.16,4.28,95.72
1994-10-24,2.24,2.19,2.29,97.71
1994-10-25,2.27,2.19,3.62,96.38
1994-10-26,2.32,2.26,2.88,97.12
1994-10-27,2.35,2.28,2.92,97.08
1994-10-28,2.37,2.28,3.7,96.3
1994-10-31,2.4,2.28,5.04,94.96
1994-11-01,2.39,2.26,5.59,94.41
1994-11-02,2.4,2.24,6.63,93.37
1994-11-03,2.39,2.28,4.47,95.53
1994-11-04,2.34,2.28,2.73,97.27
1994-11-07,2.36,2.26,4.25,95.75
1994-11-08,2.42,2.33,3.89,96.11
1994-11-09,2.43,2.28,6.19,93.81
1994-11-10,2.43,2.58,6.32,93.68
1994-11-11,2.37,2.53,6.7,93.3
1994-11-14,2.46,2.57,4.45,95.55
1994-11-15,2.46,2.53,2.88,97.12
1994-11-16,2.46,2.53,2.78,97.22
1994-11-17,2.45,2.49,1.67,98.33
1994-11-18,2.44,2.45,0.16,99.84
1994-11-21,2.42,2.45,1.14,98.86
1994-11-22,2.36,2.41,2.12,97.88
1994-11-23,2.34,2.41,2.95,97.05
1994-11-25,2.37,2.45,3.17,96.83
1994-11-28,2.41,2.45,1.34,98.66
1994-11-29,2.44,2.43,0.63,99.37
1994-11-30,2.4,2.41,0.69,99.31
1994-12-01,2.38,2.41,1.2,98.8
1994-12-02,2.41,2.45,1.54,98.46
1994-12-05,2.41,2.41,0.0,100.0
1994-12-06,2.41,2.41,0.1,99.9
1994-12-07,2.4,2.4,0.03,99.97
1994-12-08,2.38,2.39,0.59,99.41
1994-12-09,2.4,2.41,0.3,99.7
1994-12-12,2.4,2.4,0.36,99.64
1994-12-13,2.39,2.43,1.6,98.4
1994-12-14,2.41,2.45,1.67,98.33
1994-12-15,2.42,2.44,0.88,99.12
1994-12-16,2.41,2.42,0.29,99.71
1994-12-19,2.39,2.37,0.49,99.51
1994-12-20,2.28,2.29,0.36,99.64
1994-12-21,2.34,2.39,2.18,97.82
1994-12-22,2.31,2.35,1.81,98.19
1994-12-23,2.32,2.35,1.39,98.61
1994-12-27,2.31,2.35,1.6,98.4
1994-12-28,2.32,2.38,2.29,97.71
1994-12-29,2.35,2.39,1.66,98.34
1994-12-30,2.33,2.38,2.09,97.91
1995-01-03,2.29,2.35,2.55,97.45
1995-01-04,2.31,2.38,2.93,97.07
1995-01-05,2.27,2.32,2.11,97.89
1995-01-06,2.31,2.37,2.79,97.21
1995-01-09,2.3,2.35,2.44,97.56
1995-01-10,2.32,2.39,3.02,96.98
1995-01-11,2.34,2.43,3.88,96.12
1995-01-12,2.33,2.4,2.69,97.31
1995-01-13,2.39,2.44,1.99,98.01
1995-01-16,2.44,2.48,1.51,98.49
1995-01-17,2.46,2.48,0.73,99.27
1995-01-18,2.48,2.5,0.91,99.09
1995-01-19,2.42,2.43,0.4,99.6
1995-01-20,2.35,2.41,2.64,97.36
1995-01-23,2.39,2.44,1.89,98.11
1995-01-24,2.36,2.43,2.8,97.2
1995-01-25,2.35,2.43,3.25,96.75
1995-01-26,2.28,2.39,4.95,95.05
1995-01-27,2.28,2.4,5.05,94.95
1995-01-30,2.25,2.39,6.51,93.49
1995-01-31,2.26,2.41,6.63,93.37
1995-02-01,2.25,2.41,7.08,92.92
1995-02-02,2.25,2.06,8.33,91.67
1995-02-03,2.29,2.02,11.86,88.14
1995-02-06,2.32,2.06,11.16,88.84
1995-02-07,2.32,2.02,13.12,86.88
1995-02-08,2.36,2.12,9.91,90.09
1995-02-09,2.36,2.43,2.98,97.02
1995-02-10,2.36,2.41,2.12,97.88
1995-02-13,2.36,2.41,2.02,97.98
1995-02-14,2.36,2.41,2.22,97.78
1995-02-15,2.31,2.43,4.95,95.05
1995-02-16,2.32,2.43,4.73,95.27
1995-02-17,2.3,2.44,6.0,94.0
1995-02-21,2.28,2.14,5.96,94.04
1995-02-22,2.34,2.19,6.46,93.54
1995-02-23,2.35,2.48,5.63,94.37
1995-02-24,2.33,2.43,4.09,95.91
1995-02-27,2.35,2.43,3.25,96.75
1995-02-28,2.4,2.45,2.22,97.78
1995-03-01,2.41,2.44,1.19,98.81
1995-03-02,2.43,2.45,1.02,98.98
1995-03-03,2.42,2.44,0.59,99.41
1995-03-06,2.45,2.45,0.14,99.86
1995-03-07,2.49,2.48,0.38,99.62
1995-03-08,2.61,2.67,2.21,97.79
1995-03-09,2.59,2.62,1.24,98.76
1995-03-10,2.61,2.67,2.12,97.88
1995-03-13,2.63,2.68,1.81,98.19
1995-03-14,2.73,2.68,2.09,97.91
1995-03-15,2.69,2.67,0.68,99.32
1995-03-16,2.67,2.67,0.15,99.85
1995-03-17,2.66,2.95,10.61,89.39
1995-03-20,2.71,2.95,8.77,91.23
1995-03-21,2.68,2.92,9.01,90.99
1995-03-22,2.7,2.92,8.24,91.76
1995-03-23,2.77,2.95,6.34,93.66
1995-03-24,2.81,2.95,4.72,95.28
1995-03-27,2.78,2.94,5.6,94.4
1995-03-28,2.8,2.89,3.13,96.87
1995-03-29,2.75,2.87,4.32,95.68
1995-03-30,2.75,2.84,3.54,96.46
1995-03-31,2.71,2.79,2.88,97.12
1995-04-03,2.67,2.74,2.79,97.21
1995-04-04,2.66,2.74,2.98,97.02
1995-04-05,2.69,2.77,2.9,97.1
1995-04-06,2.67,2.77,3.82,96.18
1995-04-07,2.65,2.74,3.35,96.65
1995-04-10,2.7,2.77,2.44,97.56
1995-04-11,2.75,2.79,1.46,98.54
1995-04-12,2.73,2.74,0.46,99.54
1995-04-13,2.76,2.74,0.75,99.25
1995-04-17,2.95,2.84,3.49,96.51
1995-04-18,2.92,2.8,4.34,95.66
1995-04-19,2.9,2.84,1.9,98.1
1995-04-20,2.87,2.8,2.43,97.57
1995-04-21,2.86,2.84,0.43,99.57
1995-04-24,2.96,2.94,0.85,99.15
1995-04-25,3.05,2.98,2.34,97.66
1995-04-26,3.03,2.94,3.19,96.81
1995-04-27,2.99,2.92,2.49,97.51
1995-04-28,3.11,2.98,4.43,95.57
1995-05-01,3.13,2.98,4.87,95.13
1995-05-02,3.03,2.87,5.27,94.73
1995-05-03,3.08,2.9,5.73,94.27
1995-05-04,3.1,2.9,6.45,93.55
1995-05-05,3.05,2.79,8.53,91.47
1995-05-08,3.04,2.79,8.39,91.61
1995-05-09,3.04,2.83,6.94,93.06
1995-05-10,3.02,2.83,6.28,93.72
1995-05-11,3.1,2.87,7.38,92.62
1995-05-12,3.08,2.79,9.38,90.62
1995-05-15,3.1,3.24,4.55,95.45
1995-05-16,3.23,3.3,1.93,98.07
1995-05-17,3.28,3.34,2.06,97.94
1995-05-18,3.22,3.24,0.46,99.54
1995-05-19,3.25,3.24,0.42,99.58
1995-05-22,3.32,3.37,1.44,98.56
1995-05-23,3.37,3.37,0.0,100.0
1995-05-24,3.33,3.32,0.33,99.67
1995-05-25,3.4,3.43,0.8,99.2
1995-05-26,3.33,3.36,0.66,99.34
1995-05-30,3.16,3.24,2.43,97.57
1995-05-31,3.23,3.28,1.68,98.32
1995-06-01,3.2,3.24,1.06,98.94
1995-06-02,3.17,3.24,2.27,97.73
1995-06-05,3.23,3.24,0.31,99.69
1995-06-06,3.17,3.19,0.81,99.19
1995-06-07,3.2,3.19,0.24,99.76
1995-06-08,3.2,3.19,0.33,99.67
1995-06-09,3.23,3.19,1.21,98.79
1995-06-12,3.19,3.18,0.29,99.71
1995-06-13,3.19,3.17,0.72,99.28
1995-06-14,3.19,3.18,0.55,99.45
1995-06-15,3.23,3.15,2.59,97.41
1995-06-16,3.31,3.19,3.62,96.38
1995-06-19,3.42,3.36,1.84,98.16
1995-06-20,3.48,3.36,3.52,96.48
1995-06-21,3.45,3.34,3.02,96.98
1995-06-22,3.5,3.43,2.08,97.92
1995-06-23,3.47,3.36,3.34,96.66
1995-06-26,3.42,3.36,1.77,98.23
1995-06-27,3.31,3.24,2.14,97.86
1995-06-28,3.35,3.25,2.97,97.03
1995-06-29,3.4,3.5,2.72,97.28
1995-06-30,3.44,3.54,2.8,97.2
1995-07-03,3.46,3.54,2.16,97.84
1995-07-05,3.45,3.54,2.44,97.56
1995-07-06,3.53,3.56,0.77,99.23
1995-07-07,3.64,3.57,1.93,98.07
1995-07-10,3.77,3.65,3.1,96.9
1995-07-11,3.68,3.57,2.83,97.17
1995-07-12,3.8,3.61,5.02,94.98
1995-07-13,3.81,3.61,5.26,94.74
1995-07-14,3.95,3.78,4.22,95.78
1995-07-17,4.15,3.8,8.49,91.51
1995-07-18,3.88,3.77,2.91,97.09
1995-07-19,3.6,3.65,1.34,98.66
1995-07-20,3.66,3.57,2.41,97.59
1995-07-21,3.5,3.55,1.41,98.59
1995-07-24,3.57,3.57,0.19,99.81
1995-07-25,3.67,3.57,2.67,97.33
1995-07-26,3.66,3.57,2.29,97.71
1995-07-27,3.68,3.55,3.32,96.68
1995-07-28,3.53,3.53,0.04,99.96
1995-07-31,3.45,3.53,2.3,97.7
1995-08-01,3.41,3.54,3.79,96.21
1995-08-02,3.39,3.52,3.7,96.3
1995-08-03,3.47,3.5,0.97,99.03
1995-08-04,3.58,3.45,3.42,96.58
1995-08-07,3.57,3.52,1.42,98.58
1995-08-08,3.56,3.56,0.04,99.96
1995-08-09,3.68,3.59,2.46,97.54
1995-08-10,3.59,3.6,0.54,99.46
1995-08-11,3.68,3.65,0.76,99.24
1995-08-14,3.76,3.6,4.17,95.83
1995-08-15,3.75,3.6,3.8,96.2
1995-08-16,3.76,3.6,4.17,95.83
1995-08-17,3.78,3.73,1.18,98.82
1995-08-18,3.7,3.73,0.86,99.14
1995-08-21,3.6,3.69,2.5,97.5
1995-08-22,3.78,3.75,0.8,99.2
1995-08-23,3.73,3.7,0.63,99.37
1995-08-24,3.66,3.6,1.55,98.45
1995-08-25,3.59,3.59,0.26,99.74
1995-08-28,3.43,3.56,3.72,96.28
1995-08-29,3.5,3.56,1.67,98.33
1995-08-30,3.55,3.53,0.65,99.35
1995-08-31,3.52,3.53,0.09,99.91
1995-09-01,3.42,3.45,0.98,99.02
1995-09-05,3.62,3.53,2.54,97.46
1995-09-06,3.56,3.53,0.98,99.02
1995-09-07,3.6,3.53,2.16,97.84
1995-09-08,3.64,3.53,3.0,97.0
1995-09-11,3.72,3.57,3.91,96.09
1995-09-12,3.67,3.53,3.81,96.19
1995-09-13,3.66,3.56,2.82,97.18
1995-09-14,3.61,3.56,1.48,98.52
1995-09-15,3.56,3.56,0.03,99.97
1995-09-18,3.5,3.6,2.86,97.14
1995-09-19,3.55,3.6,1.41,98.59
1995-09-20,3.55,3.59,1.08,98.92
1995-09-21,3.45,3.56,3.07,96.93
1995-09-22,3.42,3.59,4.88,95.12
1995-09-25,3.44,3.52,2.28,97.72
1995-09-26,3.36,3.39,0.75,99.25
1995-09-27,3.38,3.3,2.13,97.87
1995-09-28,3.49,3.39,2.68,97.32
1995-09-29,3.45,3.3,4.15,95.85
1995-10-02,3.36,3.3,1.71,98.29
1995-10-03,3.39,3.3,2.4,97.6
1995-10-04,3.28,3.3,0.71,99.29
1995-10-05,3.33,3.37,0.99,99.01
1995-10-06,3.27,3.36,2.58,97.42
1995-10-09,3.17,3.3,4.35,95.65
1995-10-10,3.19,3.3,3.57,96.43
1995-10-11,3.3,3.4,2.97,97.03
1995-10-12,3.34,3.41,2.13,97.87
1995-10-13,3.29,3.4,3.42,96.58
1995-10-16,3.3,3.41,3.16,96.84
1995-10-17,3.47,3.46,0.46,99.54
1995-10-18,3.64,3.46,5.14,94.86
1995-10-19,3.69,3.5,5.11,94.89
1995-10-20,3.64,3.51,3.45,96.55
1995-10-23,3.67,3.51,4.32,95.68
1995-10-24,3.71,3.58,3.74,96.26
1995-10-25,3.65,3.54,3.1,96.9
1995-10-26,3.73,3.58,4.23,95.77
1995-10-27,3.81,3.81,0.06,99.94
1995-10-30,3.91,3.89,0.72,99.28
1995-10-31,3.81,3.78,0.75,99.25
1995-11-01,3.75,3.73,0.43,99.57
1995-11-02,3.81,3.78,0.75,99.25
1995-11-03,3.79,3.77,0.6,99.4
1995-11-06,3.71,3.69,0.53,99.47
1995-11-07,3.54,3.56,0.44,99.56
1995-11-08,3.63,3.56,1.93,98.07
1995-11-09,3.77,3.65,3.27,96.73
1995-11-10,3.69,3.59,2.84,97.16
1995-11-13,3.67,3.56,2.95,97.05
1995-11-14,3.58,3.56,0.63,99.37
1995-11-15,3.58,3.56,0.63,99.37
1995-11-16,3.42,3.49,2.09,97.91
1995-11-17,3.33,3.42,2.77,97.23
1995-11-20,3.28,3.42,4.46,95.54
1995-11-21,3.35,3.3,1.43,98.57
1995-11-22,3.33,3.3,0.73,99.27
1995-11-24,3.35,3.3,1.43,98.57
1995-11-27,3.32,3.3,0.58,99.42
1995-11-28,3.49,3.41,2.2,97.8
1995-11-29,3.42,3.39,0.78,99.22
1995-11-30,3.32,3.3,0.44,99.56
1995-12-01,3.29,3.3,0.57,99.43
1995-12-04,3.35,3.35,0.05,99.95
1995-12-05,3.28,3.35,2.13,97.87
1995-12-06,3.45,3.41,1.25,98.75
1995-12-07,3.45,3.44,0.33,99.67
1995-12-08,3.6,3.51,2.42,97.58
1995-12-11,3.55,3.51,0.98,99.02
1995-12-12,3.48,3.46,0.73,99.27
1995-12-13,3.49,3.46,1.13,98.87
1995-12-14,3.38,3.44,1.64,98.36
1995-12-15,3.37,3.44,2.07,97.93
1995-12-18,3.31,3.4,2.53,97.47
1995-12-19,3.46,3.44,0.74,99.26
1995-12-20,3.32,3.44,3.54,96.46
1995-12-21,3.43,3.46,0.79,99.21
1995-12-22,3.45,3.46,0.23,99.77
1995-12-26,3.44,3.46,0.51,99.49
1995-12-27,3.39,3.41,0.69,99.31
1995-12-28,3.33,3.44,3.37,96.63
1995-12-29,3.34,3.4,1.65,98.35
1996-01-02,3.42,3.44,0.63,99.37
1996-01-03,3.31,3.43,3.63,96.37
1996-01-04,3.33,3.43,3.03,96.97
1996-01-05,3.29,3.44,4.56,95.44
1996-01-08,3.29,3.41,3.76,96.24
1996-01-09,3.05,3.39,10.95,89.05
1996-01-10,3.14,3.12,0.65,99.35
1996-01-11,3.3,3.19,3.2,96.8
1996-01-12,3.27,3.18,2.62,97.38
1996-01-15,3.14,3.14,0.13,99.87
1996-01-16,3.29,3.19,2.99,97.01
1996-01-17,3.23,3.19,1.27,98.73
1996-01-18,3.34,3.22,3.55,96.45
1996-01-19,3.5,3.24,7.47,92.53
1996-01-22,3.5,3.46,1.4,98.6
1996-01-23,3.41,3.46,1.35,98.65
1996-01-24,3.48,3.46,0.59,99.41
1996-01-25,3.4,3.46,1.49,98.51
1996-01-26,3.45,3.46,0.23,99.77
1996-01-29,3.44,3.54,2.8,97.2
1996-01-30,3.46,3.51,1.54,98.46
1996-01-31,3.52,3.57,1.37,98.63
1996-02-01,3.59,3.61,0.78,99.22
1996-02-02,3.54,3.65,2.94,97.06
1996-02-05,3.7,3.65,1.35,98.65
1996-02-06,3.68,3.66,0.36,99.64
1996-02-07,3.69,3.65,1.1,98.9
1996-02-08,3.77,3.61,4.06,95.94
1996-02-09,3.81,3.75,1.61,98.39
1996-02-12,3.79,3.81,0.64,99.36
1996-02-13,3.79,3.8,0.05,99.95
1996-02-14,3.76,3.84,1.99,98.01
1996-02-15,3.75,3.74,0.33,99.67
1996-02-16,3.73,3.71,0.6,99.4
1996-02-20,3.72,3.77,1.18,98.82
1996-02-21,3.8,3.77,0.97,99.03
1996-02-22,3.9,3.8,2.76,97.24
1996-02-23,3.94,3.84,2.7,97.3
1996-02-26,3.83,3.98,3.93,96.07
1996-02-27,3.81,3.98,4.45,95.55
1996-02-28,3.81,3.98,4.45,95.55
1996-02-29,3.76,3.85,2.53,97.47
1996-03-01,3.64,3.81,4.72,95.28
1996-03-04,3.67,3.84,4.61,95.39
1996-03-05,3.74,3.85,3.06,96.94
1996-03-06,3.69,3.85,4.26,95.74
1996-03-07,3.71,3.85,3.92,96.08
1996-03-08,3.62,3.85,6.31,93.69
1996-03-11,3.68,3.56,3.2,96.8
1996-03-12,3.65,3.54,2.9,97.1
1996-03-13,3.84,3.85,0.25,99.75
1996-03-14,3.79,3.84,1.22,98.78
1996-03-15,3.9,3.9,0.02,99.98
1996-03-18,4.01,3.95,1.45,98.55
1996-03-19,4.07,4.0,1.77,98.23
1996-03-20,3.99,3.98,0.05,99.95
1996-03-21,3.84,3.94,2.71,97.29
1996-03-22,3.85,3.94,2.33,97.67
1996-03-25,3.8,3.9,2.48,97.52
1996-03-26,3.91,3.95,0.95,99.05
1996-03-27,3.9,3.94,0.96,99.04
1996-03-28,3.89,4.0,2.67,97.33
1996-03-29,3.93,4.0,1.8,98.2
1996-04-01,3.91,4.0,2.17,97.83
1996-04-02,3.99,3.94,1.1,98.9
1996-04-03,3.98,3.98,0.07,99.93
1996-04-04,3.98,3.9,1.94,98.06
1996-04-08,3.95,3.85,2.53,97.47
1996-04-09,3.87,3.8,1.87,98.13
1996-04-10,3.87,4.05,4.55,95.45
1996-04-11,3.85,4.09,6.21,93.79
1996-04-12,3.85,4.09,6.21,93.79
1996-04-15,3.94,4.21,6.79,93.21
1996-04-16,4.01,4.2,4.65,95.35
1996-04-17,4.04,4.21,4.35,95.65
1996-04-18,4.15,4.06,2.18,97.82
1996-04-19,4.18,4.06,2.85,97.15
1996-04-22,4.29,4.13,3.83,96.17
1996-04-23,4.29,4.11,4.24,95.76
1996-04-24,4.25,4.06,4.37,95.63
1996-04-25,4.29,4.47,4.12,95.88
1996-04-26,4.32,4.53,4.72,95.28
1996-04-29,4.29,4.58,6.69,93.31
1996-04-30,4.31,4.58,6.1,93.9
1996-05-01,4.39,4.57,4.26,95.74
1996-05-02,4.25,4.47,5.17,94.83
1996-05-03,4.22,4.42,4.72,95.28
1996-05-06,4.26,4.63,8.88,91.12
1996-05-07,4.31,4.63,7.55,92.45
1996-05-08,4.35,4.61,5.89,94.11
1996-05-09,4.32,4.56,5.48,94.52
1996-05-10,4.38,4.55,4.0,96.0
1996-05-13,4.52,4.61,1.98,98.02
1996-05-14,4.53,4.66,2.71,97.29
1996-05-15,4.48,4.61,2.85,97.15
1996-05-16,4.46,4.55,2.01,97.99
1996-05-17,4.46,4.59,3.05,96.95
1996-05-20,4.45,4.56,2.54,97.46
1996-05-21,4.39,4.49,2.36,97.64
1996-05-22,4.45,4.63,4.1,95.9
1996-05-23,4.51,4.67,3.48,96.52
1996-05-24,4.51,4.67,3.41,96.59
1996-05-28,4.47,4.61,3.18,96.82
1996-05-29,4.46,4.55,2.01,97.99
1996-05-30,4.5,4.63,2.89,97.11
1996-05-31,4.52,4.61,1.87,98.13
1996-06-03,4.51,4.46,1.01,98.99
1996-06-04,4.49,4.46,0.64,99.36
1996-06-05,4.6,4.61,0.08,99.92
1996-06-06,4.56,4.56,0.08,99.92
1996-06-07,4.62,4.61,0.23,99.77
1996-06-10,4.59,4.61,0.29,99.71
1996-06-11,4.65,4.74,1.8,98.2
1996-06-12,4.76,4.75,0.2,99.8
1996-06-13,4.75,4.72,0.58,99.42
1996-06-14,4.69,4.68,0.04,99.96
1996-06-17,4.75,4.75,0.02,99.98
1996-06-18,4.66,4.68,0.47,99.53
1996-06-19,4.64,4.6,0.75,99.25
1996-06-20,4.64,4.6,0.75,99.25
1996-06-21,4.72,4.68,0.75,99.25
1996-06-24,4.73,4.71,0.39,99.61
1996-06-25,4.65,4.56,1.88,98.12
1996-06-26,4.59,4.54,1.08,98.92
1996-06-27,4.57,4.51,1.21,98.79
1996-06-28,4.58,4.52,1.32,98.68
1996-07-01,4.66,4.54,2.54,97.46
1996-07-02,4.63,4.5,2.94,97.06
1996-07-03,4.61,4.5,2.54,97.46
1996-07-05,4.51,4.47,0.85,99.15
1996-07-08,4.58,4.49,1.95,98.05
1996-07-09,4.57,4.51,1.26,98.74
1996-07-10,4.55,4.51,0.85,99.15
1996-07-11,4.36,4.41,1.08,98.92
1996-07-12,4.28,4.36,1.96,98.04
1996-07-15,4.21,4.36,3.57,96.43
1996-07-16,4.39,4.47,1.72,98.28
1996-07-17,4.46,4.46,0.0,100.0
1996-07-18,4.57,4.54,0.56,99.44
1996-07-19,4.61,4.54,1.47,98.53
1996-07-22,4.56,4.51,1.06,98.94
1996-07-23,4.27,4.42,3.46,96.54
1996-07-24,4.37,4.45,1.82,98.18
1996-07-25,4.51,4.49,0.56,99.44
1996-07-26,4.54,4.46,1.63,98.37
1996-07-29,4.45,4.46,0.21,99.79
1996-07-30,4.52,4.46,1.22,98.78
1996-07-31,4.49,4.51,0.4,99.6
1996-08-01,4.59,4.64,1.08,98.92
1996-08-02,4.7,4.69,0.28,99.72
1996-08-05,4.64,4.6,0.75,99.25
1996-08-06,4.72,4.61,2.35,97.65
1996-08-07,4.75,4.6,3.14,96.86
1996-08-08,4.77,4.6,3.52,96.48
1996-08-09,4.74,4.6,2.94,97.06
1996-08-12,4.77,4.81,0.92,99.08
1996-08-13,4.7,4.71,0.12,99.88
1996-08-14,4.76,4.71,0.99,99.01
1996-08-15,4.77,4.68,1.74,98.26
1996-08-16,4.73,4.73,0.04,99.96
1996-08-19,4.7,4.68,0.45,99.55
1996-08-20,4.7,4.71,0.22,99.78
1996-08-21,4.7,4.61,1.96,98.04
1996-08-22,4.76,4.6,3.33,96.67
1996-08-23,4.69,4.56,2.88,97.12
1996-08-26,4.68,4.51,3.57,96.43
1996-08-27,4.75,4.54,4.45,95.55
1996-08-28,4.79,4.54,5.11,94.89
1996-08-29,4.73,4.52,4.5,95.5
1996-08-30,4.67,4.5,3.51,96.49
1996-09-03,4.7,4.52,3.92,96.08
1996-09-04,4.7,4.51,3.96,96.04
1996-09-05,4.63,4.49,2.91,97.09
1996-09-06,4.67,4.51,3.28,96.72
1996-09-09,4.76,4.56,4.14,95.86
1996-09-10,4.74,4.56,3.75,96.25
1996-09-11,4.77,4.56,4.33,95.67
1996-09-12,4.9,4.6,6.06,93.94
1996-09-13,4.99,4.73,5.19,94.81
1996-09-16,5.01,4.75,5.25,94.75
1996-09-17,5.1,4.75,6.93,93.07
1996-09-18,5.2,4.78,8.16,91.84
1996-09-19,5.25,4.78,8.94,91.06
1996-09-20,5.26,4.86,7.64,92.36
1996-09-23,5.25,4.86,7.3,92.7
1996-09-24,5.21,4.86,6.7,93.3
1996-09-25,5.17,4.86,5.84,94.16
1996-09-26,5.03,4.74,5.67,94.33
1996-09-27,5.12,4.74,7.34,92.66
1996-09-30,5.02,4.71,6.24,93.76
1996-10-01,5.03,4.68,6.94,93.06
1996-10-02,5.13,4.68,8.76,91.24
1996-10-03,5.1,4.6,9.82,90.18
1996-10-04,5.19,4.61,11.21,88.79
1996-10-07,5.24,4.6,12.12,87.88
1996-10-08,5.16,4.52,12.44,87.56
1996-10-09,5.12,5.32,3.93,96.07
1996-10-10,5.09,5.31,4.18,95.82
1996-10-11,5.22,5.33,1.98,98.02
1996-10-14,5.2,5.33,2.36,97.64
1996-10-15,5.29,5.41,2.35,97.65
1996-10-16,5.26,5.49,4.53,95.47
1996-10-17,5.16,5.35,3.69,96.31
1996-10-18,5.13,5.41,5.48,94.52
1996-10-21,5.1,5.37,5.23,94.77
1996-10-22,5.05,5.32,5.5,94.5
1996-10-23,5.12,5.35,4.46,95.54
1996-10-24,5.2,4.54,12.75,87.25
1996-10-25,5.2,4.52,13.12,86.88
1996-10-28,5.2,4.56,12.38,87.62
1996-10-29,5.16,4.54,11.95,88.05
1996-10-30,5.19,4.6,11.31,88.69
1996-10-31,5.23,4.54,13.15,86.85
1996-11-01,5.23,4.54,13.23,86.77
1996-11-04,5.26,5.32,1.3,98.7
1996-11-05,5.39,5.42,0.62,99.38
1996-11-06,5.5,5.59,1.5,98.5
1996-11-07,5.47,5.57,1.91,98.09
1996-11-08,5.47,5.63,2.93,97.07
1996-11-11,5.47,5.68,3.74,96.26
1996-11-12,5.4,5.56,2.93,97.07
1996-11-13,5.52,5.59,1.15,98.85
1996-11-14,5.7,5.63,1.29,98.71
1996-11-15,5.68,5.63,0.87,99.13
1996-11-18,5.73,5.68,0.91,99.09
1996-11-19,5.94,5.68,4.31,95.69
1996-11-20,5.84,5.63,3.62,96.38
1996-11-21,5.73,5.55,3.03,96.97
1996-11-22,5.73,5.55,3.11,96.89
1996-11-25,5.85,5.54,5.21,94.79
1996-11-26,5.86,5.52,5.73,94.27
1996-11-27,5.92,5.56,6.18,93.82
1996-11-29,5.98,5.56,7.0,93.0
1996-12-02,6.01,5.57,7.3,92.7
1996-12-03,5.89,5.55,5.73,94.27
1996-12-04,5.84,5.49,5.87,94.13
1996-12-05,5.83,6.05,3.77,96.23
1996-12-06,5.82,6.05,3.85,96.15
1996-12-09,6.23,6.15,1.18,98.82
1996-12-10,6.24,5.49,11.91,88.09
1996-12-11,6.35,6.35,0.06,99.94
1996-12-12,6.17,6.31,2.28,97.72
1996-12-13,6.09,6.29,3.13,96.87
1996-12-16,5.85,6.14,5.05,94.95
1996-12-17,6.09,6.2,1.97,98.03
1996-12-18,6.29,6.25,0.76,99.24
1996-12-19,6.47,6.92,7.0,93.0
1996-12-20,6.37,6.84,7.33,92.67
1996-12-23,6.38,6.92,8.44,91.56
1996-12-24,6.47,6.94,7.41,92.59
1996-12-26,6.51,6.94,6.62,93.38
1996-12-27,6.42,6.92,7.79,92.21
1996-12-30,6.36,6.79,6.82,93.18
1996-12-31,6.29,6.78,7.64,92.36
1997-01-02,6.22,6.75,8.52,91.48
1997-01-03,6.45,6.84,6.07,93.93
1997-01-06,6.43,6.85,6.52,93.48
1997-01-07,6.48,6.98,7.81,92.19
1997-01-08,6.35,6.85,7.8,92.2
1997-01-09,6.28,6.75,7.57,92.43
1997-01-10,6.42,6.75,5.18,94.82
1997-01-13,6.38,6.78,6.2,93.8
1997-01-14,6.5,6.79,4.47,95.53
1997-01-15,6.45,6.75,4.71,95.29
1997-01-16,6.55,6.78,3.42,96.58
1997-01-17,6.64,6.84,3.02,96.98
1997-01-20,6.91,6.94,0.45,99.55
1997-01-21,7.24,7.05,2.59,97.41
1997-01-22,7.42,7.1,4.3,95.7
1997-01-23,7.22,6.98,3.29,96.71
1997-01-24,7.31,6.99,4.3,95.7
1997-01-27,7.32,6.98,4.67,95.33
1997-01-28,7.29,7.03,3.53,96.47
1997-01-29,7.41,7.05,4.84,95.16
1997-01-30,7.7,7.1,7.85,92.15
1997-01-31,7.77,7.89,1.47,98.53
1997-02-03,7.8,8.59,10.15,89.85
1997-02-04,7.86,8.59,9.29,90.71
1997-02-05,7.49,8.47,13.05,86.95
1997-02-06,7.4,8.44,14.02,85.98
1997-02-07,7.65,8.44,10.33,89.67
1997-02-10,7.45,8.29,11.28,88.72
1997-02-11,7.5,8.27,10.17,89.83
1997-02-12,7.61,8.37,10.02,89.98
1997-02-13,7.62,7.62,0.07,99.93
1997-02-14,7.46,7.58,1.66,98.34
1997-02-18,7.42,7.58,2.19,97.81
1997-02-19,7.43,7.68,3.38,96.62
1997-02-20,7.26,7.49,3.24,96.76
1997-02-21,7.24,7.46,3.07,96.93
1997-02-24,7.63,7.65,0.31,99.69
1997-02-25,7.58,7.65,0.94,99.06
1997-02-26,7.64,7.7,0.79,99.21
1997-02-27,7.32,7.65,4.51,95.49
1997-02-28,7.43,7.65,3.01,96.99
1997-03-03,7.58,7.7,1.55,98.45
1997-03-04,7.55,7.68,1.68,98.32
1997-03-05,7.68,7.56,1.61,98.39
1997-03-06,7.45,7.53,1.17,98.83
1997-03-07,7.37,7.54,2.24,97.76
1997-03-10,7.62,8.05,5.65,94.35
1997-03-11,7.49,8.03,7.14,92.86
1997-03-12,7.52,8.09,7.56,92.44
1997-03-13,7.59,8.09,6.62,93.38
1997-03-14,7.54,8.0,6.13,93.87
1997-03-17,7.66,8.03,4.88,95.12
1997-03-18,7.59,8.12,7.01,92.99
1997-03-19,7.37,8.15,10.53,89.47
1997-03-20,7.31,8.12,11.02,88.98
1997-03-21,7.16,7.61,6.25,93.75
1997-03-24,6.87,7.43,8.2,91.8
1997-03-25,6.88,7.43,7.98,92.02
1997-03-26,7.18,7.53,4.93,95.07
1997-03-27,7.14,6.75,5.51,94.49
1997-03-31,6.99,6.64,4.89,95.11
1997-04-01,7.1,6.73,5.25,94.75
1997-04-02,7.01,6.71,4.32,95.68
1997-04-03,7.25,6.74,7.03,92.97
1997-04-04,7.18,6.74,6.11,93.89
1997-04-07,7.3,6.74,7.76,92.24
1997-04-08,7.48,6.75,9.81,90.19
1997-04-09,7.47,7.56,1.28,98.72
1997-04-10,7.37,7.56,2.59,97.41
1997-04-11,7.24,7.56,4.48,95.52
1997-04-14,7.42,7.73,4.21,95.79
1997-04-15,7.4,7.7,4.12,95.88
1997-04-16,7.48,7.63,1.98,98.02
1997-04-17,7.48,7.67,2.54,97.46
1997-04-18,8.2,7.84,4.44,95.56
1997-04-21,8.2,9.01,9.89,90.11
1997-04-22,8.43,9.06,7.5,92.5
1997-04-23,8.77,9.06,3.3,96.7
1997-04-24,8.69,9.18,5.55,94.45
1997-04-25,8.66,9.09,5.02,94.98
1997-04-28,8.75,9.13,4.3,95.7
1997-04-29,9.07,9.18,1.23,98.77
1997-04-30,9.26,9.17,0.91,99.09
1997-05-01,9.22,9.19,0.35,99.65
1997-05-02,9.2,9.19,0.14,99.86
1997-05-05,9.16,9.17,0.17,99.83
1997-05-06,8.94,9.13,2.13,97.87
1997-05-07,8.8,9.11,3.48,96.52
1997-05-08,8.87,9.02,1.77,98.23
1997-05-09,8.89,9.05,1.73,98.27
1997-05-12,9.0,9.05,0.54,99.46
1997-05-13,8.97,8.92,0.61,99.39
1997-05-14,8.83,8.87,0.51,99.49
1997-05-15,8.92,8.92,0.08,99.92
1997-05-16,8.79,8.85,0.67,99.33
1997-05-19,8.77,8.81,0.44,99.56
1997-05-20,9.08,8.83,2.75,97.25
1997-05-21,9.17,8.83,3.73,96.27
1997-05-22,9.19,8.85,3.66,96.34
1997-05-23,9.36,9.38,0.19,99.81
1997-05-27,9.65,9.08,5.83,94.17
1997-05-28,9.59,9.11,4.96,95.04
1997-05-29,9.59,9.1,5.13,94.87
1997-05-30,9.45,9.05,4.22,95.78
1997-06-02,9.48,9.05,4.51,95.49
1997-06-03,9.2,9.12,0.83,99.17
1997-06-04,9.08,9.15,0.74,99.26
1997-06-05,9.18,9.12,0.68,99.32
1997-06-06,9.45,9.72,2.82,97.18
1997-06-09,9.53,9.74,2.17,97.83
1997-06-10,9.51,9.92,4.36,95.64
1997-06-11,9.68,9.92,2.56,97.44
1997-06-12,9.68,9.92,2.56,97.44
1997-06-13,9.88,9.92,0.49,99.51
1997-06-16,10.01,9.86,1.5,98.5
1997-06-17,10.22,9.95,2.67,97.33
1997-06-18,9.92,9.82,1.02,98.98
1997-06-19,9.85,9.83,0.25,99.75
1997-06-20,9.89,9.83,0.69,99.31
1997-06-23,9.76,9.92,1.71,98.29
1997-06-24,10.06,10.0,0.62,99.38
1997-06-25,9.94,9.95,0.13,99.87
1997-06-26,9.77,9.82,0.48,99.52
1997-06-27,9.71,9.97,2.63,97.37
1997-06-30,9.63,9.97,3.55,96.45
1997-07-01,9.52,9.92,4.25,95.75
1997-07-02,9.78,9.75,0.26,99.74
1997-07-03,9.87,9.75,1.17,98.83
1997-07-07,9.87,9.73,1.4,98.6
1997-07-08,10.0,9.73,2.72,97.28
1997-07-09,9.96,9.75,2.07,97.93
1997-07-10,9.89,9.95,0.56,99.44
1997-07-11,9.88,9.95,0.66,99.34
1997-07-14,10.36,10.14,2.04,97.96
1997-07-15,10.55,10.12,4.08,95.92
1997-07-16,11.31,10.65,5.81,94.19
1997-07-17,11.39,10.7,6.04,93.96
1997-07-18,10.7,10.55,1.47,98.53
1997-07-21,10.36,10.42,0.64,99.36
1997-07-22,10.98,10.65,3.04,96.96
1997-07-23,10.78,10.52,2.33,97.67
1997-07-24,10.51,10.42,0.9,99.1
1997-07-25,10.55,10.42,1.26,98.74
1997-07-28,10.44,10.35,0.83,99.17
1997-07-29,10.66,10.57,0.9,99.1
1997-07-30,10.75,10.57,1.64,98.36
1997-07-31,10.77,10.61,1.51,98.49
1997-08-01,10.71,10.5,2.01,97.99
1997-08-04,10.78,10.5,2.66,97.34
1997-08-05,10.92,10.38,4.94,95.06
1997-08-06,10.93,10.38,5.02,94.98
1997-08-07,10.97,11.82,7.76,92.24
1997-08-08,10.67,11.88,11.43,88.57
1997-08-11,10.53,11.6,10.1,89.9
1997-08-12,10.36,10.73,3.57,96.43
1997-08-13,10.37,10.81,4.28,95.72
1997-08-14,10.38,10.38,0.01,99.99
1997-08-15,10.12,10.3,1.78,98.22
1997-08-18,10.2,10.19,0.12,99.88
1997-08-19,10.58,10.38,1.85,98.15
1997-08-20,10.71,10.4,2.89,97.11
1997-08-21,10.5,10.38,1.19,98.81
1997-08-22,10.46,10.33,1.21,98.79
1997-08-25,10.4,10.28,1.17,98.83
1997-08-26,10.28,10.19,0.96,99.04
1997-08-27,10.25,10.16,0.93,99.07
1997-08-28,10.06,10.19,1.25,98.75
1997-08-29,10.07,10.22,1.51,98.49
1997-09-02,10.45,10.33,1.15,98.85
1997-09-03,10.4,10.33,0.7,99.3
1997-09-04,10.53,10.5,0.29,99.71
1997-09-05,10.46,10.57,1.0,99.0
1997-09-08,10.61,10.61,0.06,99.94
1997-09-09,10.63,10.42,1.91,98.09
1997-09-10,10.29,10.3,0.08,99.92
1997-09-11,10.42,10.4,0.22,99.78
1997-09-12,10.51,10.42,0.8,99.2
1997-09-15,9.96,10.25,2.94,97.06
1997-09-16,10.39,10.33,0.56,99.44
1997-09-17,10.15,10.31,1.57,98.43
1997-09-18,10.08,10.33,2.54,97.46
1997-09-19,10.3,10.35,0.5,99.5
1997-09-22,10.16,10.23,0.7,99.3
1997-09-23,10.32,10.25,0.73,99.27
1997-09-24,10.09,10.23,1.36,98.64
1997-09-25,10.11,10.23,1.12,98.88
1997-09-26,10.16,10.22,0.54,99.46
1997-09-29,10.25,10.23,0.19,99.81
1997-09-30,10.08,10.19,1.08,98.92
1997-10-01,10.2,10.19,0.1,99.9
1997-10-02,10.15,10.19,0.41,99.59
1997-10-03,10.28,10.3,0.16,99.84
1997-10-06,10.29,10.19,1.03,98.97
1997-10-07,10.4,10.32,0.84,99.16
1997-10-08,10.59,10.48,1.02,98.98
1997-10-09,10.58,10.33,2.36,97.64
1997-10-10,10.4,10.33,0.62,99.38
1997-10-13,10.42,10.29,1.21,98.79
1997-10-14,10.41,10.44,0.26,99.74
1997-10-15,10.34,10.33,0.07,99.93
1997-10-16,10.2,10.27,0.69,99.31
1997-10-17,10.08,10.23,1.5,98.5
1997-10-20,10.1,10.27,1.67,98.33
1997-10-21,10.55,10.38,1.66,98.34
1997-10-22,10.34,10.29,0.44,99.56
1997-10-23,10.33,10.27,0.58,99.42
1997-10-24,10.31,10.27,0.4,99.6
1997-10-27,9.82,10.17,3.62,96.38
1997-10-28,10.16,10.17,0.11,99.89
1997-10-29,9.97,10.15,1.76,98.24
1997-10-30,9.8,9.99,1.94,98.06
1997-10-31,9.9,10.02,1.13,98.87
1997-11-03,10.22,10.05,1.62,98.38
1997-11-04,10.23,10.07,1.52,98.48
1997-11-05,10.18,10.01,1.59,98.41
1997-11-06,10.06,10.23,1.72,98.28
1997-11-07,10.02,10.21,1.86,98.14
1997-11-10,9.92,10.15,2.3,97.7
1997-11-11,9.95,10.17,2.21,97.79
1997-11-12,9.84,10.17,3.35,96.65
1997-11-13,10.02,10.19,1.65,98.35
1997-11-14,10.16,10.28,1.2,98.8
1997-11-17,10.28,10.24,0.39,99.61
1997-11-18,10.21,10.28,0.68,99.32
1997-11-19,10.29,10.41,1.18,98.82
1997-11-20,10.43,10.41,0.16,99.84
1997-11-21,10.5,10.32,1.75,98.25
1997-11-24,10.32,10.24,0.85,99.15
1997-11-25,10.59,10.4,1.77,98.23
1997-11-26,10.78,10.54,2.26,97.74
1997-11-28,10.78,10.66,1.1,98.9
1997-12-01,10.96,10.73,2.07,97.93
1997-12-02,10.84,10.82,0.15,99.85
1997-12-03,11.02,10.88,1.32,98.68
1997-12-04,10.86,10.81,0.49,99.51
1997-12-05,10.9,10.81,0.9,99.1
1997-12-08,11.13,10.81,2.91,97.09
1997-12-09,10.99,11.68,6.25,93.75
1997-12-10,10.84,11.56,6.67,93.33
1997-12-11,10.59,11.82,11.54,88.46
1997-12-12,10.42,11.29,8.35,91.65
1997-12-15,10.37,10.42,0.52,99.48
1997-12-16,10.59,10.42,1.6,98.4
1997-12-17,10.33,10.3,0.28,99.72
1997-12-18,9.97,10.26,2.87,97.13
1997-12-19,9.8,10.16,3.59,96.41
1997-12-22,9.68,10.1,4.41,95.59
1997-12-23,9.39,10.13,7.79,92.21
1997-12-24,9.06,10.13,11.8,88.2
1997-12-26,9.2,9.94,8.0,92.0
1997-12-29,9.62,9.98,3.71,96.29
1997-12-30,9.92,10.04,1.15,98.85
1997-12-31,9.85,10.04,1.94,98.06
1998-01-02,9.99,9.75,2.41,97.59
1998-01-05,9.93,9.79,1.47,98.53
1998-01-06,9.99,9.79,2.03,97.97
1998-01-07,9.87,9.75,1.26,98.74
1998-01-08,9.94,9.79,1.56,98.44
1998-01-09,9.68,9.79,1.15,98.85
1998-01-12,9.87,9.77,0.94,99.06
1998-01-13,10.07,9.84,2.29,97.71
1998-01-14,9.99,9.88,1.13,98.87
1998-01-15,10.08,9.99,0.93,99.07
1998-01-16,10.3,10.0,2.96,97.04
1998-01-20,10.5,10.27,2.21,97.79
1998-01-21,10.44,10.4,0.33,99.67
1998-01-22,10.56,10.43,1.25,98.75
1998-01-23,10.53,10.55,0.13,99.87
1998-01-26,10.8,10.58,2.0,98.0
1998-01-27,11.06,10.69,3.35,96.65
1998-01-28,11.35,10.84,4.5,95.5
1998-01-29,11.29,10.88,3.69,96.31
1998-01-30,11.37,10.92,3.91,96.09
1998-02-02,11.8,11.96,1.35,98.65
1998-02-03,11.88,11.94,0.58,99.42
1998-02-04,11.95,12.39,3.7,96.3
1998-02-05,11.84,12.37,4.5,95.5
1998-02-06,12.05,12.37,2.72,97.28
1998-02-09,11.98,12.38,3.38,96.62
1998-02-10,12.13,12.37,2.0,98.0
1998-02-11,12.11,12.39,2.29,97.71
1998-02-12,12.09,12.39,2.41,97.59
1998-02-13,12.0,12.33,2.76,97.24
1998-02-17,11.76,12.23,3.95,96.05
1998-02-18,11.78,12.12,2.93,97.07
1998-02-19,11.8,12.23,3.61,96.39
1998-02-20,11.82,12.2,3.22,96.78
1998-02-23,12.44,12.23,1.7,98.3
1998-02-24,12.51,12.23,2.3,97.7
1998-02-25,12.94,12.27,5.16,94.84
1998-02-26,13.03,12.33,5.35,94.65
1998-02-27,12.91,12.26,5.05,94.95
1998-03-02,12.69,12.23,3.69,96.31
1998-03-03,12.87,12.23,5.05,94.95
1998-03-04,12.54,12.74,1.6,98.4
1998-03-05,12.2,12.54,2.76,97.24
1998-03-06,12.61,12.75,1.14,98.86
1998-03-09,12.13,12.67,4.51,95.49
1998-03-10,12.42,12.74,2.62,97.38
1998-03-11,12.29,12.72,3.45,96.55
1998-03-12,12.47,12.83,2.87,97.13
1998-03-13,12.55,12.63,0.6,99.4
1998-03-16,12.49,12.63,1.06,98.94
1998-03-17,12.25,12.41,1.37,98.63
1998-03-18,12.46,12.44,0.12,99.88
1998-03-19,12.49,12.49,0.03,99.97
1998-03-20,12.47,12.49,0.2,99.8
1998-03-23,12.78,12.51,2.1,97.9
1998-03-24,12.94,12.72,1.73,98.27
1998-03-25,13.53,13.07,3.4,96.6
1998-03-26,13.45,13.01,3.22,96.78
1998-03-27,13.38,13.1,2.06,97.94
1998-03-30,13.4,13.08,2.41,97.59
1998-03-31,13.64,13.14,3.61,96.39
1998-04-01,13.77,13.82,0.39,99.61
1998-04-02,13.91,13.82,0.64,99.36
1998-04-03,14.17,14.04,0.9,99.1
1998-04-06,13.7,13.8,0.71,99.29
1998-04-07,13.29,13.65,2.69,97.31
1998-04-08,13.55,13.72,1.24,98.76
1998-04-09,13.56,13.72,1.16,98.84
1998-04-13,13.5,13.62,0.85,99.15
1998-04-14,13.47,13.51,0.28,99.72
1998-04-15,13.92,13.51,2.95,97.05
1998-04-16,13.97,14.18,1.52,98.48
1998-04-17,14.04,14.28,1.73,98.27
1998-04-20,14.42,14.38,0.27,99.73
1998-04-21,14.46,14.35,0.71,99.29
1998-04-22,15.07,14.4,4.41,95.59
1998-04-23,14.4,14.15,1.74,98.26
1998-04-24,14.04,13.94,0.68,99.32
1998-04-27,13.76,13.97,1.5,98.5
1998-04-28,13.69,14.15,3.31,96.69
1998-04-29,13.79,14.1,2.29,97.71
1998-04-30,13.73,14.02,2.1,97.9
1998-05-01,13.66,13.97,2.27,97.73
1998-05-04,13.42,13.94,3.9,96.1
1998-05-05,13.37,13.82,3.36,96.64
1998-05-06,13.16,13.79,4.78,95.22
1998-05-07,12.7,13.65,7.42,92.58
1998-05-08,13.07,13.65,4.45,95.55
1998-05-11,12.84,13.65,6.31,93.69
1998-05-12,13.06,13.6,4.18,95.82
1998-05-13,13.25,13.65,3.02,96.98
1998-05-14,13.55,13.18,2.75,97.25
1998-05-15,13.63,13.26,2.68,97.32
1998-05-18,13.11,13.14,0.21,99.79
1998-05-19,13.18,13.11,0.5,99.5
1998-05-20,13.07,12.45,4.69,95.31
1998-05-21,13.16,12.53,4.8,95.2
1998-05-22,13.04,13.21,1.32,98.68
1998-05-26,12.74,13.13,3.07,96.93
1998-05-27,13.1,13.28,1.35,98.65
1998-05-28,13.15,13.51,2.74,97.26
1998-05-29,12.92,13.28,2.77,97.23
1998-06-01,12.76,13.28,4.07,95.93
1998-06-02,13.03,13.28,1.94,98.06
1998-06-03,12.85,13.21,2.82,97.18
1998-06-04,13.11,13.21,0.73,99.27
1998-06-05,13.14,13.16,0.13,99.87
1998-06-08,13.06,13.28,1.72,98.28
1998-06-09,13.27,13.31,0.3,99.7
1998-06-10,13.1,13.31,1.54,98.46
1998-06-11,13.0,13.26,2.01,97.99
1998-06-12,13.07,13.31,1.84,98.16
1998-06-15,13.09,13.51,3.19,96.81
1998-06-16,13.69,13.55,1.02,98.98
1998-06-17,13.87,13.65,1.61,98.39
1998-06-18,13.89,13.75,1.02,98.98
1998-06-19,14.43,13.82,4.19,95.81
1998-06-22,14.6,13.82,5.31,94.69
1998-06-23,15.35,14.7,4.25,95.75
1998-06-24,15.99,14.53,9.1,90.9
1998-06-25,15.47,14.66,5.25,94.75
1998-06-26,15.91,14.88,6.49,93.51
1998-06-29,16.37,15.32,6.41,93.59
1998-06-30,16.51,15.66,5.18,94.82
1998-07-01,16.67,16.23,2.63,97.37
1998-07-02,16.34,16.23,0.67,99.33
1998-07-06,16.43,16.54,0.71,99.29
1998-07-07,16.45,16.32,0.74,99.26
1998-07-08,16.74,16.57,1.03,98.97
1998-07-09,16.91,16.57,2.04,97.96
1998-07-10,17.25,16.75,2.89,97.11
1998-07-13,17.91,17.39,2.9,97.1
1998-07-14,17.75,17.37,2.17,97.83
1998-07-15,17.88,17.55,1.88,98.12
1998-07-16,17.88,18.07,1.06,98.94
1998-07-17,17.97,18.26,1.61,98.39
1998-07-20,17.83,17.95,0.7,99.3
1998-07-21,17.19,17.62,2.54,97.46
1998-07-22,17.79,17.79,0.03,99.97
1998-07-23,17.22,17.66,2.56,97.44
1998-07-24,17.34,17.64,1.7,98.3
1998-07-27,17.79,17.75,0.23,99.77
1998-07-28,17.1,17.53,2.48,97.52
1998-07-29,16.87,17.36,2.95,97.05
1998-07-30,17.28,17.39,0.6,99.4
1998-07-31,16.75,17.05,1.79,98.21
1998-08-03,16.52,16.93,2.48,97.52
1998-08-04,15.92,16.57,4.06,95.94
1998-08-05,15.89,16.52,3.93,96.07
1998-08-06,16.28,16.46,1.06,98.94
1998-08-07,16.13,16.19,0.36,99.64
1998-08-10,15.91,16.11,1.27,98.73
1998-08-11,15.76,15.92,0.99,99.01
1998-08-12,16.01,16.02,0.06,99.94
1998-08-13,15.84,15.93,0.57,99.43
1998-08-14,15.88,15.86,0.13,99.87
1998-08-17,16.35,16.07,1.7,98.3
1998-08-18,16.95,16.46,2.92,97.08
1998-08-19,16.85,16.29,3.31,96.69
1998-08-20,17.15,16.59,3.25,96.75
1998-08-21,16.86,16.53,1.95,98.05
1998-08-24,16.82,16.82,0.04,99.96
1998-08-25,17.19,16.89,1.73,98.27
1998-08-26,17.15,17.06,0.54,99.46
1998-08-27,16.65,17.0,2.15,97.85
1998-08-28,16.04,16.8,4.75,95.25
1998-08-31,14.62,16.56,13.26,86.74
1998-09-01,15.43,16.31,5.73,94.27
1998-09-02,15.32,16.17,5.52,94.48
1998-09-03,15.12,16.03,6.03,93.97
1998-09-04,14.72,15.62,6.08,93.92
1998-09-08,15.54,15.41,0.79,99.21
1998-09-09,15.58,15.41,1.06,98.94
1998-09-10,15.35,15.3,0.36,99.64
1998-09-11,15.88,15.58,1.93,98.07
1998-09-14,16.15,15.58,3.55,96.45
1998-09-15,16.5,15.58,5.61,94.39
1998-09-16,16.48,15.82,4.02,95.98
1998-09-17,15.99,15.82,1.04,98.96
1998-09-18,16.06,15.92,0.85,99.15
1998-09-21,16.44,16.54,0.66,99.34
1998-09-22,16.64,16.52,0.71,99.29
1998-09-23,17.31,16.76,3.18,96.82
1998-09-24,16.78,16.68,0.6,99.4
1998-09-25,17.23,16.79,2.53,97.47
1998-09-28,16.96,16.94,0.1,99.9
1998-09-29,17.2,16.94,1.48,98.52
1998-09-30,16.77,17.18,2.47,97.53
1998-10-01,15.86,16.8,5.94,94.06
1998-10-02,15.87,16.68,5.16,94.84
1998-10-05,15.42,16.5,7.04,92.96
1998-10-06,14.87,15.99,7.52,92.48
1998-10-07,14.34,15.83,10.38,89.62
1998-10-08,13.89,15.52,11.68,88.32
1998-10-09,14.76,15.21,3.07,96.93
1998-10-12,15.2,15.25,0.37,99.63
1998-10-13,14.69,14.6,0.66,99.34
1998-10-14,15.27,14.81,3.01,96.99
1998-10-15,16.07,14.97,6.82,93.18
1998-10-16,16.01,14.97,6.49,93.51
1998-10-19,15.68,14.81,5.6,94.4
1998-10-20,15.27,15.25,0.13,99.87
1998-10-21,16.22,15.5,4.41,95.59
1998-10-22,16.76,15.79,5.8,94.2
1998-10-23,16.21,15.75,2.85,97.15
1998-10-26,16.31,16.13,1.09,98.91
1998-10-27,16.07,16.23,1.04,98.96
1998-10-28,16.1,16.33,1.42,98.58
1998-10-29,16.25,16.44,1.22,98.78
1998-10-30,16.13,16.34,1.28,98.72
1998-11-02,16.12,16.52,2.46,97.54
1998-11-03,16.03,16.34,1.94,98.06
1998-11-04,16.07,16.13,0.36,99.64
1998-11-05,16.21,16.19,0.14,99.86
1998-11-06,16.66,16.44,1.27,98.73
1998-11-09,16.87,16.63,1.41,98.59
1998-11-10,17.07,16.62,2.63,97.37
1998-11-11,16.92,16.4,3.06,96.94
1998-11-12,16.57,16.47,0.59,99.41
1998-11-13,16.76,16.61,0.87,99.13
1998-11-16,16.58,16.78,1.2,98.8
1998-11-17,17.05,16.89,0.91,99.09
1998-11-18,16.72,17.0,1.69,98.31
1998-11-19,17.03,17.13,0.62,99.38
1998-11-20,17.31,17.16,0.89,99.11
1998-11-23,18.16,17.46,3.84,96.16
1998-11-24,18.54,17.71,4.48,95.52
1998-11-25,18.93,17.74,6.32,93.68
1998-11-27,19.51,18.45,5.44,94.56
1998-11-30,18.59,18.24,1.89,98.11
1998-12-01,19.73,18.65,5.5,94.5
1998-12-02,19.31,18.95,1.86,98.14
1998-12-03,18.61,18.98,1.99,98.01
1998-12-04,19.41,19.18,1.17,98.83
1998-12-07,20.35,19.35,4.91,95.09
1998-12-08,19.99,19.21,3.89,96.11
1998-12-09,20.36,19.66,3.42,96.58
1998-12-10,20.05,19.82,1.11,98.89
1998-12-11,20.42,20.26,0.78,99.22
1998-12-14,19.49,20.06,2.91,97.09
1998-12-15,20.09,20.06,0.16,99.84
1998-12-16,20.38,20.06,1.56,98.44
1998-12-17,20.47,20.08,1.93,98.07
1998-12-18,21.0,20.29,3.35,96.65
1998-12-21,21.4,20.55,3.97,96.03
1998-12-22,21.09,20.55,2.55,97.45
1998-12-23,21.87,21.24,2.91,97.09
1998-12-24,21.6,21.09,2.37,97.63
1998-12-28,21.69,21.23,2.16,97.84
1998-12-29,21.41,21.3,0.49,99.51
1998-12-30,21.18,21.5,1.53,98.47
1998-12-31,21.13,21.7,2.7,97.3
1999-01-04,21.48,21.7,1.02,98.98
1999-01-05,22.32,22.24,0.36,99.64
1999-01-06,23.05,22.31,3.19,96.81
1999-01-07,22.93,22.23,3.07,96.93
1999-01-08,22.84,22.39,1.97,98.03
1999-01-11,22.47,22.62,0.67,99.33
1999-01-12,21.66,22.16,2.28,97.72
1999-01-13,21.91,22.4,2.22,97.78
1999-01-14,21.6,21.99,1.81,98.19
1999-01-15,22.82,22.54,1.19,98.81
1999-01-19,23.71,22.72,4.2,95.8
1999-01-20,24.78,23.23,6.23,93.77
1999-01-21,24.12,23.36,3.14,96.86
1999-01-22,23.81,23.2,2.55,97.45
1999-01-25,24.66,23.88,3.19,96.81
1999-01-26,26.14,24.34,6.9,93.1
1999-01-27,25.69,24.26,5.56,94.44
1999-01-28,26.51,24.69,6.86,93.14
1999-01-29,26.66,25.37,4.87,95.13
1999-02-01,26.35,25.68,2.55,97.45
1999-02-02,25.54,25.68,0.54,99.46
1999-02-03,25.42,25.73,1.24,98.76
1999-02-04,24.24,25.36,4.65,95.35
1999-02-05,24.38,26.07,6.94,93.06
1999-02-08,25.18,25.15,0.12,99.88
1999-02-09,24.39,24.65,1.08,98.92
1999-02-10,24.47,24.83,1.46,98.54
1999-02-11,24.8,25.05,1.0,99.0
1999-02-12,24.04,24.55,2.16,97.84
1999-02-16,23.81,24.09,1.18,98.82
1999-02-17,22.85,23.91,4.59,95.41
1999-02-18,22.21,23.33,5.06,94.94
1999-02-19,22.51,23.33,3.64,96.36
1999-02-22,22.67,22.81,0.61,99.39
1999-02-23,23.68,23.01,2.83,97.17
1999-02-24,23.29,22.68,2.62,97.38
1999-02-25,23.39,22.94,1.9,98.1
1999-02-26,22.87,22.75,0.55,99.45
1999-03-01,23.12,22.5,2.7,97.3
1999-03-02,22.64,22.52,0.52,99.48
1999-03-03,22.8,22.52,1.23,98.77
1999-03-04,23.2,22.59,2.64,97.36
1999-03-05,23.61,22.89,3.02,96.98
1999-03-08,24.23,23.29,3.87,96.13
1999-03-09,24.65,23.93,2.93,97.07
1999-03-10,24.59,24.44,0.59,99.41
1999-03-11,24.6,24.61,0.06,99.94
1999-03-12,24.41,24.37,0.15,99.85
1999-03-15,25.27,24.45,3.25,96.75
1999-03-16,25.76,25.41,1.35,98.65
1999-03-17,25.46,25.37,0.38,99.62
1999-03-18,26.27,26.2,0.27,99.73
1999-03-19,26.08,25.76,1.24,98.76
1999-03-22,26.33,26.54,0.79,99.21
1999-03-23,25.38,25.94,2.2,97.8
1999-03-24,26.09,25.94,0.59,99.41
1999-03-25,27.42,26.91,1.86,98.14
1999-03-26,27.14,26.86,1.04,98.96
1999-03-29,28.15,26.87,4.54,95.46
1999-03-30,28.34,26.89,5.12,94.88
1999-03-31,27.31,27.19,0.44,99.56
1999-04-01,28.24,27.61,2.25,97.75
1999-04-05,28.93,27.6,4.61,95.39
1999-04-06,28.66,28.23,1.5,98.5
1999-04-07,28.44,28.66,0.8,99.2
1999-04-08,28.82,28.57,0.85,99.15
1999-04-09,28.72,28.66,0.2,99.8
1999-04-12,28.34,28.42,0.29,99.71
1999-04-13,27.46,28.46,3.62,96.38
1999-04-14,26.17,28.06,7.23,92.77
1999-04-15,27.08,27.9,3.03,96.97
1999-04-16,26.4,27.61,4.58,95.42
1999-04-19,24.68,26.96,9.21,90.79
1999-04-20,25.33,26.8,5.8,94.2
1999-04-21,24.99,26.0,4.05,95.95
1999-04-22,25.88,25.82,0.23,99.77
1999-04-23,26.21,25.28,3.53,96.47
1999-04-26,26.82,25.4,5.28,94.72
1999-04-27,25.6,25.29,1.2,98.8
1999-04-28,25.03,25.02,0.03,99.97
1999-04-29,25.01,25.02,0.04,99.96
1999-04-30,24.78,25.13,1.42,98.58
1999-05-03,24.34,25.27,3.82,96.18
1999-05-04,23.79,24.42,2.64,97.36
1999-05-05,24.11,24.1,0.06,99.94
1999-05-06,23.75,24.23,2.02,97.98
1999-05-07,24.09,24.63,2.21,97.79
1999-05-10,24.28,24.48,0.83,99.17
1999-05-11,24.34,24.17,0.69,99.31
1999-05-12,24.53,23.86,2.72,97.28
1999-05-13,24.11,23.52,2.45,97.55
1999-05-14,23.43,23.4,0.1,99.9
1999-05-17,24.11,23.8,1.31,98.69
1999-05-18,23.98,23.9,0.31,99.69
1999-05-19,24.17,23.86,1.28,98.72
1999-05-20,23.9,23.86,0.18,99.82
1999-05-21,23.64,23.35,1.19,98.81
1999-05-24,23.54,23.5,0.19,99.81
1999-05-25,23.24,23.23,0.03,99.97
1999-05-26,23.92,23.77,0.63,99.37
1999-05-27,23.88,23.51,1.58,98.42
1999-05-28,24.59,23.88,2.88,97.12
1999-06-01,23.92,23.48,1.83,98.17
1999-06-02,23.9,23.41,2.05,97.95
1999-06-03,23.27,23.34,0.3,99.7
1999-06-04,24.25,24.0,1.0,99.0
1999-06-07,24.45,23.88,2.35,97.65
1999-06-08,24.19,23.76,1.77,98.23
1999-06-09,25.08,24.62,1.86,98.14
1999-06-10,24.34,24.5,0.64,99.36
1999-06-11,23.81,24.37,2.34,97.66
1999-06-14,23.64,24.37,3.09,96.91
1999-06-15,23.67,24.48,3.42,96.58
1999-06-16,24.68,24.5,0.76,99.24
1999-06-17,25.25,24.62,2.52,97.48
1999-06-18,25.9,24.62,4.96,95.04
1999-06-21,27.1,25.49,5.95,94.05
1999-06-22,26.36,25.48,3.34,96.66
1999-06-23,26.21,25.57,2.43,97.57
1999-06-24,25.79,25.42,1.43,98.57
1999-06-25,25.88,25.31,2.23,97.77
1999-06-28,26.44,26.52,0.32,99.68
1999-06-29,26.82,26.37,1.66,98.34
1999-06-30,27.48,26.86,2.27,97.73
1999-07-01,27.79,27.74,0.18,99.82
1999-07-02,28.04,27.93,0.36,99.64
1999-07-06,27.29,27.61,1.17,98.83
1999-07-07,28.13,27.61,1.84,98.16
1999-07-08,28.21,28.48,0.96,99.04
1999-07-09,28.42,28.4,0.06,99.94
1999-07-12,28.7,28.1,2.09,97.91
1999-07-13,28.53,28.91,1.32,98.68
1999-07-14,28.93,28.94,0.03,99.97
1999-07-15,28.76,29.21,1.57,98.43
1999-07-16,30.3,29.66,2.12,97.88
1999-07-19,29.98,29.33,2.15,97.85
1999-07-20,28.44,29.04,2.13,97.87
1999-07-21,28.85,28.93,0.26,99.74
1999-07-22,27.75,28.71,3.46,96.54
1999-07-23,27.5,27.61,0.38,99.62
1999-07-26,26.7,27.61,3.38,96.62
1999-07-27,27.06,27.53,1.73,98.27
1999-07-28,27.43,27.61,0.66,99.34
1999-07-29,26.49,27.34,3.19,96.81
1999-07-30,26.15,26.8,2.49,97.51
1999-08-02,25.85,26.79,3.66,96.34
1999-08-03,25.83,26.53,2.71,97.29
1999-08-04,25.88,25.77,0.44,99.56
1999-08-05,26.13,25.54,2.26,97.74
1999-08-06,25.94,25.36,2.22,97.78
1999-08-09,25.54,25.48,0.22,99.78
1999-08-10,25.27,25.36,0.36,99.64
1999-08-11,25.65,25.02,2.48,97.52
1999-08-12,24.91,25.02,0.42,99.58
1999-08-13,25.81,25.53,1.09,98.91
1999-08-16,25.69,25.34,1.39,98.61
1999-08-17,25.77,25.2,2.21,97.79
1999-08-18,25.9,25.59,1.19,98.81
1999-08-19,25.54,25.53,0.06,99.94
1999-08-20,25.41,25.59,0.74,99.26
1999-08-23,26.34,26.1,0.9,99.1
1999-08-24,28.09,26.61,5.27,94.73
1999-08-25,29.04,26.84,7.58,92.42
1999-08-26,28.84,27.42,4.9,95.1
1999-08-27,28.42,27.42,3.5,96.5
1999-08-30,28.11,27.53,2.07,97.93
1999-08-31,28.21,28.23,0.1,99.9
1999-09-01,28.15,28.51,1.28,98.72
1999-09-02,27.98,28.83,3.03,96.97
1999-09-03,29.22,29.06,0.53,99.47
1999-09-07,28.72,28.9,0.61,99.39
1999-09-08,28.11,28.57,1.63,98.37
1999-09-09,28.66,28.9,0.81,99.19
1999-09-10,28.95,28.91,0.14,99.86
1999-09-13,28.61,28.6,0.03,99.97
1999-09-14,28.97,28.93,0.14,99.86
1999-09-15,28.23,28.26,0.13,99.87
1999-09-16,28.64,28.71,0.24,99.76
1999-09-17,29.39,29.12,0.91,99.09
1999-09-20,29.73,29.75,0.07,99.93
1999-09-21,28.84,29.41,2.01,97.99
1999-09-22,29.27,29.57,1.02,98.98
1999-09-23,27.79,29.16,4.95,95.05
1999-09-24,27.71,28.07,1.28,98.72
1999-09-27,27.86,27.65,0.75,99.25
1999-09-28,28.07,28.22,0.52,99.48
1999-09-29,27.27,27.44,0.62,99.38
1999-09-30,27.6,27.44,0.56,99.44
1999-10-01,27.42,27.54,0.44,99.56
1999-10-04,28.21,27.76,1.57,98.43
1999-10-05,27.98,28.06,0.3,99.7
1999-10-06,28.55,28.06,1.7,98.3
1999-10-07,28.57,27.65,3.2,96.8
1999-10-08,28.93,27.65,4.41,95.59
1999-10-11,28.74,28.06,2.35,97.65
1999-10-12,28.21,27.44,2.71,97.29
1999-10-13,27.75,28.06,1.13,98.87
1999-10-14,27.64,28.06,1.55,98.45
1999-10-15,26.84,27.44,2.26,97.74
1999-10-18,26.78,27.33,2.08,97.92
1999-10-19,26.3,27.36,4.04,95.96
1999-10-20,28.11,27.73,1.37,98.63
1999-10-21,28.36,27.85,1.8,98.2
1999-10-22,28.24,27.63,2.17,97.83
1999-10-25,28.17,27.73,1.57,98.43
1999-10-26,28.15,27.18,3.46,96.54
1999-10-27,27.69,27.04,2.37,97.63
1999-10-28,27.39,27.23,0.58,99.42
1999-10-29,28.21,27.61,2.13,97.87
1999-11-01,28.15,27.9,0.87,99.13
1999-11-02,28.21,28.16,0.18,99.82
1999-11-03,28.04,28.16,0.43,99.57
1999-11-04,27.96,28.42,1.66,98.34
1999-11-05,27.9,28.42,1.87,98.13
1999-11-08,27.41,28.39,3.59,96.41
1999-11-09,27.08,27.21,0.47,99.53
1999-11-10,26.55,26.49,0.21,99.79
1999-11-11,27.31,26.91,1.47,98.53
1999-11-12,27.18,26.04,4.19,95.81
1999-11-15,26.51,25.91,2.26,97.74
1999-11-16,26.61,26.04,2.14,97.86
1999-11-17,25.9,25.92,0.07,99.93
1999-11-18,25.88,25.54,1.33,98.67
1999-11-19,26.21,25.66,2.09,97.91
1999-11-22,27.37,25.99,5.03,94.97
1999-11-23,27.31,26.06,4.58,95.42
1999-11-24,27.94,26.59,4.84,95.16
1999-11-26,27.77,26.61,4.18,95.82
1999-11-29,27.48,26.86,2.28,97.72
1999-11-30,27.74,27.82,0.28,99.72
1999-12-01,28.4,28.23,0.57,99.43
1999-12-02,28.89,28.1,2.74,97.26
1999-12-03,29.29,28.23,3.61,96.39
1999-12-06,29.08,28.92,0.55,99.45
1999-12-07,28.34,28.53,0.67,99.33
1999-12-08,27.96,28.66,2.52,97.48
1999-12-09,28.26,28.9,2.23,97.77
1999-12-10,28.61,28.9,1.01,98.99
1999-12-13,29.44,28.86,2.0,98.0
1999-12-14,30.07,29.08,3.3,96.7
1999-12-15,33.04,30.86,6.62,93.38
1999-12-16,34.64,31.19,9.97,90.03
1999-12-17,35.12,32.18,8.38,91.62
1999-12-20,34.36,31.81,7.42,92.58
1999-12-21,35.31,32.59,7.7,92.3
1999-12-22,35.83,32.99,7.9,92.1
1999-12-23,35.79,34.25,4.29,95.71
1999-12-27,36.3,34.38,5.3,94.7
1999-12-28,35.81,35.86,0.14,99.86
1999-12-29,35.94,36.13,0.53,99.47
1999-12-30,35.84,36.91,2.96,97.04
1999-12-31,35.58,36.87,3.63,96.37
2000-01-03,35.52,36.5,2.76,97.24
2000-01-04,34.32,36.01,4.94,95.06
2000-01-05,34.68,35.36,1.97,98.03
2000-01-06,33.52,34.55,3.08,96.92
2000-01-07,33.96,34.55,1.75,98.25
2000-01-10,34.21,34.78,1.69,98.31
2000-01-11,33.33,33.16,0.52,99.48
2000-01-12,32.24,32.8,1.73,98.27
2000-01-13,32.85,32.89,0.11,99.89
2000-01-14,34.21,33.21,2.92,97.08
2000-01-18,35.14,32.55,7.37,92.63
2000-01-19,32.61,32.06,1.66,98.34
2000-01-20,32.3,32.05,0.77,99.23
2000-01-21,31.62,31.97,1.13,98.87
2000-01-24,30.85,31.79,3.03,96.97
2000-01-25,31.33,32.11,2.49,97.51
2000-01-26,30.28,31.71,4.72,95.28
2000-01-27,30.09,30.57,1.58,98.42
2000-01-28,29.94,30.29,1.18,98.82
2000-01-31,29.83,30.29,1.57,98.43
2000-02-01,31.37,30.78,1.87,98.13
2000-02-02,30.72,30.85,0.42,99.58
2000-02-03,31.58,30.89,2.17,97.83
2000-02-04,32.47,30.78,5.21,94.79
2000-02-07,32.49,30.61,5.78,94.22
2000-02-08,33.5,31.58,5.72,94.28
2000-02-09,31.69,31.0,2.18,97.82
2000-02-10,32.3,31.55,2.32,97.68
2000-02-11,30.45,31.3,2.78,97.22
2000-02-14,30.36,31.0,2.12,97.88
2000-02-15,30.04,31.3,4.21,95.79
2000-02-16,29.75,31.3,5.21,94.79
2000-02-17,30.36,31.55,3.93,96.07
2000-02-18,28.97,31.0,7.02,92.98
2000-02-22,28.59,30.21,5.68,94.32
2000-02-23,28.72,30.25,5.33,94.67
2000-02-24,28.87,30.17,4.48,95.52
2000-02-25,27.83,29.11,4.61,95.39
2000-02-28,27.9,29.11,4.33,95.67
2000-02-29,27.24,27.89,2.42,97.58
2000-03-01,27.67,27.51,0.6,99.4
2000-03-02,28.45,27.51,3.33,96.67
2000-03-03,29.29,27.99,4.43,95.57
2000-03-06,27.62,27.76,0.52,99.48
2000-03-07,28.3,27.89,1.45,98.55
2000-03-08,29.12,28.21,3.11,96.89
2000-03-09,30.47,28.76,5.61,94.39
2000-03-10,30.78,29.03,5.67,94.33
2000-03-13,29.86,28.89,3.24,96.76
2000-03-14,28.99,29.41,1.47,98.53
2000-03-15,29.06,29.41,1.21,98.79
2000-03-16,29.06,29.55,1.66,98.34
2000-03-17,30.28,29.68,1.98,98.02
2000-03-20,29.67,29.68,0.03,99.97
2000-03-21,31.31,29.96,4.33,95.67
2000-03-22,31.46,30.74,2.29,97.71
2000-03-23,34.09,31.07,8.86,91.14
2000-03-24,34.03,32.4,4.81,95.19
2000-03-27,31.71,31.53,0.58,99.42
2000-03-28,31.79,31.42,1.16,98.84
2000-03-29,32.66,31.31,4.16,95.84
2000-03-30,31.5,31.55,0.16,99.84
2000-03-31,32.38,31.82,1.72,98.28
2000-04-03,27.69,30.6,10.5,89.5
2000-04-04,26.99,30.49,12.98,87.02
2000-04-05,26.32,29.6,12.44,87.56
2000-04-06,26.21,28.48,8.66,91.34
2000-04-07,27.14,28.64,5.54,94.46
2000-04-10,26.23,27.76,5.85,94.15
2000-04-11,25.56,27.51,7.62,92.38
2000-04-12,24.19,26.81,10.86,89.14
2000-04-13,24.15,25.39,5.15,94.85
2000-04-14,22.59,25.22,11.65,88.35
2000-04-17,23.12,24.71,6.87,93.13
2000-04-18,24.55,23.83,2.95,97.05
2000-04-19,23.98,23.93,0.19,99.81
2000-04-20,24.05,23.3,3.12,96.88
2000-04-24,20.3,22.7,11.81,88.19
2000-04-25,21.14,22.87,8.2,91.8
2000-04-26,20.72,22.27,7.48,92.52
2000-04-27,21.27,21.69,1.95,98.05
2000-04-28,21.26,20.95,1.44,98.56
2000-05-01,22.38,21.03,6.02,93.98
2000-05-02,21.29,21.01,1.32,98.68
2000-05-03,21.5,21.0,2.33,97.67
2000-05-04,21.46,21.0,2.16,97.84
2000-05-05,21.67,21.41,1.22,98.78
2000-05-08,21.27,21.26,0.08,99.92
2000-05-09,20.66,20.95,1.37,98.63
2000-05-10,20.17,20.95,3.86,96.14
2000-05-11,20.68,21.19,2.45,97.55
2000-05-12,20.97,21.79,3.92,96.08
2000-05-15,21.14,21.53,1.86,98.14
2000-05-16,21.18,21.49,1.49,98.51
2000-05-17,20.63,20.92,1.43,98.57
2000-05-18,20.17,20.78,3.03,96.97
2000-05-19,19.83,20.44,3.12,96.88
2000-05-22,19.56,20.44,4.52,95.48
2000-05-23,19.26,20.12,4.47,95.53
2000-05-24,19.98,19.89,0.45,99.55
2000-05-25,18.74,19.64,4.8,95.2
2000-05-26,18.72,19.27,2.92,97.08
2000-05-30,19.31,19.58,1.39,98.61
2000-05-31,19.06,19.14,0.42,99.58
2000-06-01,19.67,19.1,2.93,97.07
2000-06-02,20.21,19.22,4.91,95.09
2000-06-05,20.38,19.22,5.71,94.29
2000-06-06,21.22,19.51,8.05,91.95
2000-06-07,21.48,20.22,5.86,94.14
2000-06-08,20.97,20.22,3.56,96.44
2000-06-09,20.97,20.25,3.44,96.56
2000-06-12,20.38,20.55,0.86,99.14
2000-06-13,20.68,20.62,0.3,99.7
2000-06-14,21.48,21.09,1.82,98.18
2000-06-15,22.06,21.5,2.51,97.49
2000-06-16,22.11,21.56,2.51,97.49
2000-06-19,22.45,21.81,2.89,97.11
2000-06-20,22.84,22.19,2.82,97.18
2000-06-21,24.59,22.79,7.31,92.69
2000-06-22,24.34,23.69,2.68,97.32
2000-06-23,23.67,23.45,0.95,99.05
2000-06-26,24.23,23.49,3.03,96.97
2000-06-27,24.02,23.84,0.74,99.26
2000-06-28,24.05,24.27,0.87,99.13
2000-06-29,23.52,24.27,3.17,96.83
2000-06-30,24.38,24.83,1.86,98.14
2000-07-03,24.38,24.82,1.82,98.18
2000-07-05,23.92,24.53,2.54,97.46
2000-07-06,24.66,25.3,2.57,97.43
2000-07-07,24.99,25.37,1.52,98.48
2000-07-10,24.21,24.72,2.12,97.88
2000-07-11,24.11,24.57,1.92,98.08
2000-07-12,24.47,24.35,0.5,99.5
2000-07-13,24.36,24.38,0.07,99.93
2000-07-14,24.05,24.5,1.83,98.17
2000-07-17,23.83,24.1,1.15,98.85
2000-07-18,23.92,24.35,1.8,98.2
2000-07-19,22.28,23.12,3.75,96.25
2000-07-20,22.8,23.42,2.74,97.26
2000-07-21,22.04,22.85,3.67,96.33
2000-07-24,21.5,22.67,5.44,94.56
2000-07-25,21.03,22.2,5.58,94.42
2000-07-26,20.66,21.57,4.38,95.62
2000-07-27,21.14,21.57,2.03,97.97
2000-07-28,21.24,21.53,1.36,98.64
2000-07-31,21.27,20.95,1.53,98.47
2000-08-01,20.93,20.64,1.39,98.61
2000-08-02,21.14,20.57,2.72,97.28
2000-08-03,21.41,20.51,4.19,95.81
2000-08-04,21.06,20.51,2.63,97.37
2000-08-07,21.33,20.51,3.84,96.16
2000-08-08,22.59,21.43,5.15,94.85
2000-08-09,22.63,21.51,4.94,95.06
2000-08-10,22.13,21.62,2.3,97.7
2000-08-11,22.07,21.71,1.64,98.36
2000-08-14,22.0,21.97,0.14,99.86
2000-08-15,21.83,22.01,0.83,99.17
2000-08-16,21.64,21.8,0.74,99.26
2000-08-17,21.81,22.4,2.71,97.29
2000-08-18,21.64,22.28,2.96,97.04
2000-08-21,21.52,22.4,4.08,95.92
2000-08-22,21.71,22.4,3.16,96.84
2000-08-23,21.56,22.16,2.77,97.23
2000-08-24,21.67,21.82,0.68,99.32
2000-08-25,21.52,21.7,0.83,99.17
2000-08-28,21.73,20.9,3.8,96.2
2000-08-29,21.62,20.9,3.3,96.7
2000-08-30,21.33,20.9,2.0,98.0
2000-08-31,21.27,20.9,1.74,98.26
2000-09-01,21.39,21.11,1.31,98.69
2000-09-05,21.37,21.03,1.61,98.39
2000-09-06,21.16,21.02,0.64,99.36
2000-09-07,21.35,21.03,1.52,98.48
2000-09-08,21.12,21.02,0.47,99.53
2000-09-11,20.97,20.85,0.59,99.41
2000-09-12,20.76,20.47,1.41,98.59
2000-09-13,20.8,20.47,1.59,98.41
2000-09-14,20.06,20.35,1.46,98.54
2000-09-15,19.56,20.31,3.83,96.17
2000-09-18,19.2,20.02,4.27,95.73
2000-09-19,19.81,20.07,1.33,98.67
2000-09-20,19.58,19.64,0.31,99.69
2000-09-21,19.56,19.27,1.49,98.51
2000-09-22,19.27,19.22,0.3,99.7
2000-09-25,18.66,19.14,2.57,97.43
2000-09-26,19.1,19.2,0.49,99.51
2000-09-27,18.47,18.71,1.27,98.73
2000-09-28,18.68,18.52,0.88,99.12
2000-09-29,18.38,18.25,0.72,99.28
2000-10-02,18.02,18.18,0.93,99.07
2000-10-03,17.24,18.16,5.39,94.61
2000-10-04,16.89,17.77,5.17,94.83
2000-10-05,16.87,17.59,4.23,95.77
2000-10-06,16.93,17.27,1.97,98.03
2000-10-09,16.51,16.93,2.55,97.45
2000-10-10,16.63,16.93,1.85,98.15
2000-10-11,16.99,16.82,1.02,98.98
2000-10-12,16.57,16.66,0.56,99.44
2000-10-13,16.38,16.74,2.19,97.81
2000-10-16,15.35,16.5,7.5,92.5
2000-10-17,15.37,16.18,5.3,94.7
2000-10-18,15.77,15.86,0.59,99.41
2000-10-19,18.86,16.89,10.42,89.58
2000-10-20,19.86,17.05,14.17,85.83
2000-10-23,18.93,17.02,10.11,89.89
2000-10-24,18.74,17.19,8.26,91.74
2000-10-25,18.66,17.46,6.45,93.55
2000-10-26,19.64,18.06,8.02,91.98
2000-10-27,20.63,18.42,10.68,89.32
2000-10-30,21.05,18.71,11.12,88.88
2000-10-31,20.99,19.21,8.49,91.51
2000-11-01,21.22,19.58,7.69,92.31
2000-11-02,21.43,20.23,5.59,94.41
2000-11-03,20.8,20.74,0.3,99.7
2000-11-06,21.18,21.07,0.53,99.47
2000-11-07,21.48,21.59,0.52,99.48
2000-11-08,21.16,21.33,0.78,99.22
2000-11-09,21.6,21.61,0.06,99.94
2000-11-10,20.53,21.34,3.93,96.07
2000-11-13,20.25,21.14,4.41,95.59
2000-11-14,20.97,21.33,1.73,98.27
2000-11-15,21.35,20.98,1.71,98.29
2000-11-16,21.01,20.84,0.78,99.22
2000-11-17,21.05,20.95,0.44,99.56
2000-11-20,20.47,20.73,1.25,98.75
2000-11-21,20.65,20.73,0.41,99.59
2000-11-22,20.8,20.48,1.51,98.49
2000-11-24,21.31,20.84,2.2,97.8
2000-11-27,21.54,20.88,3.05,96.95
2000-11-28,20.42,20.65,1.15,98.85
2000-11-29,19.83,20.59,3.83,96.17
2000-11-30,17.48,19.96,14.15,85.85
2000-12-01,17.26,19.96,15.66,84.34
2000-12-04,17.2,19.2,11.62,88.38
2000-12-05,18.25,18.73,2.66,97.34
2000-12-06,17.27,18.13,4.96,95.04
2000-12-07,16.19,17.77,9.74,90.26
2000-12-08,16.59,17.64,6.34,93.66
2000-12-11,17.69,17.19,2.85,97.15
2000-12-12,17.79,17.16,3.54,96.46
2000-12-13,17.45,16.89,3.18,96.82
2000-12-14,16.91,16.74,1.03,98.97
2000-12-15,14.99,16.66,11.17,88.83
2000-12-18,14.57,16.66,14.37,85.63
2000-12-19,13.66,15.92,16.62,83.38
2000-12-20,12.65,15.84,25.29,74.71
2000-12-21,13.24,15.63,18.1,81.9
2000-12-22,14.15,15.39,8.78,91.22
2000-12-26,14.28,14.68,2.8,97.2
2000-12-27,14.15,14.52,2.6,97.4
2000-12-28,13.58,14.37,5.8,94.2
2000-12-29,13.22,14.27,7.93,92.07
2001-01-02,13.22,14.22,7.6,92.4
2001-01-03,14.61,14.28,2.27,97.73
2001-01-04,14.76,14.37,2.66,97.34
2001-01-05,14.97,14.48,3.3,96.7
2001-01-08,14.91,14.71,1.35,98.65
2001-01-09,15.79,14.94,5.36,94.64
2001-01-10,16.11,15.08,6.4,93.6
2001-01-11,16.76,15.45,7.81,92.19
2001-01-12,16.3,15.52,4.78,95.22
2001-01-16,16.02,15.82,1.21,98.79
2001-01-17,16.13,15.86,1.68,98.32
2001-01-18,16.91,16.1,4.78,95.22
2001-01-19,18.59,16.77,9.79,90.21
2001-01-22,18.32,17.12,6.58,93.42
2001-01-23,18.46,17.37,5.88,94.12
2001-01-24,19.18,17.78,7.3,92.7
2001-01-25,18.84,17.95,4.68,95.32
2001-01-26,19.5,18.22,6.6,93.4
2001-01-29,19.66,18.71,4.79,95.21
2001-01-30,19.31,19.04,1.42,98.58
2001-01-31,18.61,19.12,2.73,97.27
2001-02-01,19.01,19.43,2.22,97.78
2001-02-02,18.53,19.43,4.84,95.16
2001-02-05,18.87,19.5,3.3,96.7
2001-02-06,19.06,19.64,3.01,96.99
2001-02-07,19.71,19.49,1.13,98.87
2001-02-08,18.97,19.12,0.79,99.21
2001-02-09,18.02,18.83,4.52,95.48
2001-02-12,17.9,18.55,3.62,96.38
2001-02-13,17.73,18.48,4.2,95.8
2001-02-14,17.79,18.51,4.05,95.95
2001-02-15,17.92,18.05,0.71,99.29
2001-02-16,17.46,17.72,1.45,98.55
2001-02-20,17.03,17.7,3.93,96.07
2001-02-21,17.14,17.52,2.19,97.81
2001-02-22,16.82,17.31,2.95,97.05
2001-02-23,17.29,17.34,0.29,99.71
2001-02-26,18.15,17.48,3.71,96.29
2001-02-27,18.09,17.36,4.06,95.94
2001-02-28,17.98,17.13,4.7,95.3
2001-03-01,18.09,17.32,4.25,95.75
2001-03-02,17.27,17.35,0.41,99.59
2001-03-05,17.5,17.46,0.22,99.78
2001-03-06,18.11,17.82,1.6,98.4
2001-03-07,18.49,17.89,3.25,96.75
2001-03-08,18.06,17.69,2.05,97.95
2001-03-09,17.27,17.94,3.85,96.15
2001-03-12,15.83,17.63,11.36,88.64
2001-03-13,16.51,17.42,5.47,94.53
2001-03-14,16.46,17.49,6.27,93.73
2001-03-15,16.36,16.92,3.42,96.58
2001-03-16,16.63,16.56,0.4,99.6
2001-03-19,16.55,16.29,1.56,98.44
2001-03-20,16.06,16.23,1.06,98.94
2001-03-21,15.26,15.91,4.27,95.73
2001-03-22,16.46,16.29,1.01,98.99
2001-03-23,17.24,16.47,4.46,95.54
2001-03-26,17.08,16.33,4.44,95.56
2001-03-27,17.75,16.33,8.03,91.97
2001-03-28,16.93,16.33,3.58,96.42
2001-03-29,16.87,16.4,2.83,97.17
2001-03-30,16.67,16.82,0.9,99.1
2001-04-02,17.01,16.77,1.38,98.62
2001-04-03,16.27,16.88,3.76,96.24
2001-04-04,15.83,16.7,5.51,94.49
2001-04-05,17.29,16.74,3.22,96.78
2001-04-06,17.12,16.74,2.25,97.75
2001-04-09,17.42,16.84,3.3,96.7
2001-04-10,18.19,16.99,6.55,93.45
2001-04-11,18.3,17.19,6.06,93.94
2001-04-12,18.95,17.55,7.38,92.62
2001-04-16,18.52,17.79,3.96,96.04
2001-04-17,18.73,17.9,4.46,95.54
2001-04-18,19.94,18.38,7.82,92.18
2001-04-19,20.73,19.1,7.87,92.13
2001-04-20,21.03,19.28,8.32,91.68
2001-04-23,20.8,19.55,6.01,93.99
2001-04-24,20.58,19.65,4.53,95.47
2001-04-25,21.24,20.52,3.38,96.62
2001-04-26,21.07,20.74,1.57,98.43
2001-04-27,20.45,20.65,0.95,99.05
2001-04-30,20.65,20.46,0.88,99.12
2001-05-01,21.38,20.84,2.56,97.44
2001-05-02,21.26,21.24,0.1,99.9
2001-05-03,20.88,21.09,0.97,99.03
2001-05-04,21.56,21.24,1.5,98.5
2001-05-07,21.75,21.48,1.23,98.77
2001-05-08,21.96,21.57,1.78,98.22
2001-05-09,21.45,21.26,0.92,99.08
2001-05-10,21.33,21.09,1.13,98.87
2001-05-11,21.15,21.2,0.24,99.76
2001-05-14,20.94,21.2,1.23,98.77
2001-05-15,20.8,21.02,1.03,98.97
2001-05-16,21.08,21.24,0.78,99.22
2001-05-17,20.77,21.24,2.24,97.76
2001-05-18,20.75,20.99,1.17,98.83
2001-05-21,20.96,20.77,0.91,99.09
2001-05-22,21.43,20.99,2.02,97.98
2001-05-23,21.24,21.13,0.51,99.49
2001-05-24,21.86,20.88,4.44,95.56
2001-05-25,21.61,20.79,3.79,96.21
2001-05-29,21.43,20.77,3.09,96.91
2001-05-30,21.08,20.84,1.16,98.84
2001-05-31,21.08,20.84,1.14,98.86
2001-06-01,21.43,21.18,1.19,98.81
2001-06-04,21.57,21.3,1.24,98.76
2001-06-05,22.12,21.7,1.9,98.1
2001-06-06,22.05,21.64,1.84,98.16
2001-06-07,22.45,22.2,1.14,98.86
2001-06-08,22.3,22.37,0.31,99.69
2001-06-11,21.98,21.97,0.02,99.98
2001-06-12,21.97,21.82,0.65,99.35
2001-06-13,21.54,21.7,0.73,99.27
2001-06-14,21.0,21.79,3.79,96.21
2001-06-15,20.73,21.22,2.35,97.65
2001-06-18,20.38,21.11,3.57,96.43
2001-06-19,20.51,21.1,2.86,97.14
2001-06-20,21.15,21.14,0.04,99.96
2001-06-21,21.28,21.12,0.77,99.23
2001-06-22,20.97,20.92,0.25,99.75
2001-06-25,20.98,20.58,1.92,98.08
2001-06-26,21.37,20.85,2.43,97.57
2001-06-27,21.68,20.78,4.16,95.84
2001-06-28,22.17,21.12,4.73,95.27
2001-06-29,22.25,21.26,4.42,95.58
2001-07-02,21.51,20.92,2.75,97.25
2001-07-03,21.47,21.12,1.66,98.34
2001-07-05,20.88,21.23,1.67,98.33
2001-07-06,20.13,21.03,4.47,95.53
2001-07-09,20.02,20.82,4.0,96.0
2001-07-10,19.65,20.7,5.35,94.65
2001-07-11,20.26,20.65,1.92,98.08
2001-07-12,21.82,20.93,4.07,95.93
2001-07-13,21.74,21.03,3.27,96.73
2001-07-16,21.69,21.03,3.06,96.94
2001-07-17,21.89,21.01,3.99,96.01
2001-07-18,21.5,21.1,1.91,98.09
2001-07-19,22.11,21.12,4.51,95.49
2001-07-20,21.08,20.85,1.08,98.92
2001-07-23,20.44,20.85,2.0,98.0
2001-07-24,20.21,20.7,2.42,97.58
2001-07-25,20.56,20.89,1.59,98.41
2001-07-26,20.29,20.79,2.47,97.53
2001-07-27,19.95,20.72,3.86,96.14
2001-07-30,20.05,20.88,4.16,95.84
2001-07-31,20.17,20.72,2.73,97.27
2001-08-01,20.26,19.64,3.04,96.96
2001-08-02,20.55,19.91,3.13,96.87
2001-08-03,20.38,19.84,2.65,97.35
2001-08-06,20.15,19.6,2.74,97.26
2001-08-07,20.22,19.8,2.06,97.94
2001-08-08,19.76,19.55,1.1,98.9
2001-08-09,19.81,19.6,1.06,98.94
2001-08-10,19.97,19.99,0.1,99.9
2001-08-13,20.06,20.13,0.33,99.67
2001-08-14,19.71,19.72,0.03,99.97
2001-08-15,19.26,19.53,1.39,98.61
2001-08-16,19.69,19.65,0.2,99.8
2001-08-17,18.86,19.38,2.77,97.23
2001-08-20,19.11,19.4,1.53,98.47
2001-08-21,18.52,19.2,3.64,96.36
2001-08-22,18.49,18.76,1.49,98.51
2001-08-23,18.02,18.68,3.68,96.32
2001-08-24,18.91,18.76,0.79,99.21
2001-08-27,18.99,18.53,2.44,97.56
2001-08-28,18.51,18.49,0.12,99.88
2001-08-29,18.36,18.42,0.33,99.67
2001-08-30,17.35,18.22,4.99,95.01
2001-08-31,17.38,18.18,4.58,95.42
2001-09-04,17.1,17.87,4.52,95.48
2001-09-05,17.6,17.93,1.9,98.1
2001-09-06,17.07,17.27,1.14,98.86
2001-09-07,16.88,16.99,0.62,99.38
2001-09-10,17.55,17.26,1.63,98.37
2001-09-17,16.12,16.92,4.92,95.08
2001-09-18,16.55,16.98,2.56,97.44
2001-09-19,16.42,16.84,2.6,97.4
2001-09-20,15.47,16.2,4.7,95.3
2001-09-21,15.15,15.86,4.72,95.28
2001-09-24,15.85,15.91,0.36,99.64
2001-09-25,15.63,15.69,0.39,99.61
2001-09-26,15.32,15.79,3.1,96.9
2001-09-27,15.22,15.47,1.63,98.37
2001-09-28,15.59,15.6,0.05,99.95
2001-10-01,15.78,15.49,1.83,98.17
2001-10-02,16.17,15.76,2.48,97.52
2001-10-03,17.14,15.93,7.03,92.97
2001-10-04,17.2,16.15,6.11,93.89
2001-10-05,17.59,16.56,5.88,94.12
2001-10-08,17.69,16.7,5.56,94.44
2001-10-09,16.63,16.46,1.03,98.97
2001-10-10,16.92,16.91,0.03,99.97
2001-10-11,17.16,17.01,0.88,99.12
2001-10-12,17.18,17.21,0.18,99.82
2001-10-15,17.69,17.4,1.68,98.32
2001-10-16,17.81,17.62,1.08,98.92
2001-10-17,17.07,17.61,3.14,96.86
2001-10-18,17.29,17.61,1.84,98.16
2001-10-19,17.64,17.74,0.55,99.45
2001-10-22,18.33,17.81,2.86,97.14
2001-10-23,18.41,18.14,1.51,98.49
2001-10-24,18.69,18.12,3.03,96.97
2001-10-25,19.06,18.02,5.48,94.52
2001-10-26,18.95,18.22,3.85,96.15
2001-10-29,18.17,18.7,2.9,97.1
2001-10-30,17.94,18.59,3.6,96.4
2001-10-31,17.72,18.48,4.28,95.72
2001-11-01,18.84,18.67,0.91,99.09
2001-11-02,18.71,18.69,0.12,99.88
2001-11-05,19.28,18.76,2.68,97.32
2001-11-06,19.74,18.97,3.89,96.11
2001-11-07,19.58,19.27,1.58,98.42
2001-11-08,19.63,19.19,2.25,97.75
2001-11-09,19.87,19.2,3.36,96.64
2001-11-12,20.05,19.58,2.33,97.67
2001-11-13,20.69,19.86,4.02,95.98
2001-11-14,20.1,19.71,1.92,98.08
2001-11-15,20.15,20.19,0.2,99.8
2001-11-16,20.04,20.36,1.63,98.37
2001-11-19,20.28,20.39,0.56,99.44
2001-11-20,19.93,20.38,2.25,97.75
2001-11-21,19.52,20.15,3.22,96.78
2001-11-23,19.72,20.19,2.38,97.62
2001-11-26,19.85,20.15,1.49,98.51
2001-11-27,19.42,19.62,1.02,98.98
2001-11-28,19.14,19.62,2.53,97.47
2001-11-29,19.76,19.84,0.43,99.57
2001-11-30,19.57,19.67,0.55,99.45
2001-12-03,19.74,19.67,0.32,99.68
2001-12-04,20.11,19.62,2.44,97.56
2001-12-05,20.75,20.18,2.78,97.22
2001-12-06,20.92,20.18,3.55,96.45
2001-12-07,20.67,20.18,2.39,97.61
2001-12-10,20.44,19.87,2.75,97.25
2001-12-11,20.51,20.18,1.65,98.35
2001-12-12,20.71,20.63,0.38,99.62
2001-12-13,20.19,20.34,0.73,99.27
2001-12-14,20.55,20.51,0.21,99.79
2001-12-17,21.02,20.66,1.74,98.26
2001-12-18,21.11,21.24,0.61,99.39
2001-12-19,21.18,21.32,0.69,99.31
2001-12-20,20.34,21.01,3.27,96.73
2001-12-21,20.58,21.01,2.08,97.92
2001-12-24,20.5,20.84,1.68,98.32
2001-12-26,20.62,20.68,0.27,99.73
2001-12-27,20.68,20.54,0.67,99.33
2001-12-28,20.68,20.71,0.11,99.89
2001-12-31,20.19,20.54,1.72,98.28
2002-01-02,20.43,20.68,1.23,98.77
2002-01-03,21.1,20.84,1.2,98.8
2002-01-04,21.0,21.02,0.11,99.89
2002-01-07,20.89,20.84,0.23,99.77
2002-01-08,21.14,20.71,2.06,97.94
2002-01-09,20.94,20.6,1.63,98.37
2002-01-10,21.11,20.72,1.85,98.15
2002-01-11,20.91,21.05,0.68,99.32
2002-01-14,20.87,20.88,0.09,99.91
2002-01-15,21.19,21.09,0.48,99.52
2002-01-16,20.68,20.75,0.31,99.69
2002-01-17,21.29,21.05,1.12,98.88
2002-01-18,20.14,20.53,1.9,98.1
2002-01-22,19.64,20.48,4.29,95.71
2002-01-23,19.42,20.34,4.72,95.28
2002-01-24,19.69,19.79,0.54,99.46
2002-01-25,19.44,19.78,1.75,98.25
2002-01-28,19.45,19.39,0.31,99.69
2002-01-29,18.99,19.2,1.08,98.92
2002-01-30,19.15,19.2,0.23,99.77
2002-01-31,19.41,19.31,0.55,99.45
2002-02-01,19.09,19.2,0.53,99.47
2002-02-04,18.63,18.76,0.73,99.27
2002-02-05,18.63,18.76,0.68,99.32
2002-02-06,18.41,18.73,1.77,98.23
2002-02-07,18.22,18.44,1.17,98.83
2002-02-08,18.48,18.22,1.43,98.57
2002-02-11,18.63,18.4,1.23,98.77
2002-02-12,18.33,18.4,0.4,99.6
2002-02-13,18.84,18.53,1.66,98.34
2002-02-14,18.8,18.53,1.42,98.58
2002-02-15,18.35,18.4,0.24,99.76
2002-02-19,17.96,18.4,2.45,97.55
2002-02-20,18.25,18.47,1.19,98.81
2002-02-21,17.69,18.17,2.73,97.27
2002-02-22,17.67,17.86,1.07,98.93
2002-02-25,18.0,18.22,1.21,98.79
2002-02-26,17.84,18.0,0.91,99.09
2002-02-27,17.79,18.08,1.61,98.39
2002-02-28,17.78,18.15,2.08,97.92
2002-03-01,18.7,18.05,3.5,96.5
2002-03-04,19.29,18.2,5.65,94.35
2002-03-05,19.22,18.58,3.32,96.68
2002-03-06,19.39,18.55,4.33,95.67
2002-03-07,19.11,18.65,2.43,97.57
2002-03-08,19.49,18.78,3.65,96.35
2002-03-11,19.61,19.27,1.72,98.28
2002-03-12,19.06,19.04,0.08,99.92
2002-03-13,18.92,19.4,2.51,97.49
2002-03-14,18.66,19.45,4.27,95.73
2002-03-15,19.04,19.46,2.19,97.81
2002-03-18,18.94,19.46,2.76,97.24
2002-03-19,18.96,19.53,3.0,97.0
2002-03-20,18.31,19.18,4.74,95.26
2002-03-21,18.7,19.04,1.85,98.15
2002-03-22,18.42,18.47,0.26,99.74
2002-03-25,18.05,18.36,1.73,98.27
2002-03-26,18.0,18.17,0.94,99.06
2002-03-27,18.11,18.41,1.62,98.38
2002-03-28,18.38,18.35,0.15,99.85
2002-04-01,18.4,17.96,2.4,97.6
2002-04-02,17.46,17.86,2.32,97.68
2002-04-03,17.17,17.72,3.22,96.78
2002-04-04,17.2,17.72,3.0,97.0
2002-04-05,17.03,17.29,1.57,98.43
2002-04-08,17.44,17.04,2.3,97.7
2002-04-09,16.72,17.04,1.88,98.12
2002-04-10,17.16,17.26,0.58,99.42
2002-04-11,16.7,16.92,1.32,98.68
2002-04-12,17.04,16.96,0.47,99.53
2002-04-15,16.97,17.03,0.36,99.64
2002-04-16,17.62,17.22,2.27,97.73
2002-04-17,17.26,17.1,0.91,99.09
2002-04-18,17.18,17.02,0.92,99.08
2002-04-19,17.43,17.05,2.19,97.81
2002-04-22,16.94,17.17,1.34,98.66
2002-04-23,16.45,17.1,3.93,96.07
2002-04-24,16.16,16.84,4.25,95.75
2002-04-25,16.37,16.87,3.03,96.97
2002-04-26,15.69,16.47,4.97,95.03
2002-04-29,15.92,16.41,3.08,96.92
2002-04-30,15.93,16.19,1.66,98.34
2002-05-01,16.07,16.23,0.97,99.03
2002-05-02,15.61,16.0,2.51,97.49
2002-05-03,15.1,15.92,5.39,94.61
2002-05-06,14.82,15.82,6.77,93.23
2002-05-07,15.08,15.65,3.82,96.18
2002-05-08,16.75,16.07,4.04,95.96
2002-05-09,15.88,15.55,2.11,97.89
2002-05-10,15.25,15.37,0.8,99.2
2002-05-13,16.06,15.63,2.66,97.34
2002-05-14,16.72,15.75,5.85,94.15
2002-05-15,16.68,16.05,3.78,96.22
2002-05-16,16.99,16.26,4.28,95.72
2002-05-17,17.07,16.59,2.81,97.19
2002-05-20,16.46,16.53,0.41,99.59
2002-05-21,15.9,16.24,2.12,97.88
2002-05-22,16.36,16.4,0.26,99.74
2002-05-23,16.71,16.75,0.24,99.76
2002-05-24,16.23,16.61,2.37,97.63
2002-05-28,15.94,16.55,3.78,96.22
2002-05-29,15.86,16.31,2.83,97.17
2002-05-30,16.04,16.27,1.4,98.6
2002-05-31,15.51,16.13,3.98,96.02
2002-06-03,15.06,15.96,5.97,94.03
2002-06-04,15.23,15.83,3.94,96.06
2002-06-05,15.74,15.77,0.19,99.81
2002-06-06,15.82,15.71,0.7,99.3
2002-06-07,15.84,15.68,0.99,99.01
2002-06-10,16.1,15.51,3.64,96.36
2002-06-11,16.02,15.61,2.57,97.43
2002-06-12,16.92,15.79,6.71,93.29
2002-06-13,16.52,15.58,5.69,94.31
2002-06-14,16.84,16.13,4.22,95.78
2002-06-17,16.97,16.37,3.55,96.45
2002-06-18,17.06,16.44,3.65,96.35
2002-06-19,16.57,16.4,0.97,99.03
2002-06-20,16.49,16.51,0.17,99.83
2002-06-21,15.93,16.51,3.66,96.34
2002-06-24,16.5,16.61,0.65,99.35
2002-06-25,16.14,16.4,1.66,98.34
2002-06-26,16.5,16.47,0.14,99.86
2002-06-27,16.74,16.59,0.84,99.16
2002-06-28,16.67,16.57,0.59,99.41
2002-07-01,16.05,16.27,1.36,98.64
2002-07-02,15.68,15.98,1.97,98.03
2002-07-03,15.8,16.17,2.35,97.65
2002-07-05,16.71,16.24,2.84,97.16
2002-07-08,16.13,16.17,0.26,99.74
2002-07-09,16.21,16.17,0.29,99.71
2002-07-10,15.92,16.17,1.57,98.43
2002-07-11,16.12,16.22,0.6,99.4
2002-07-12,15.8,16.11,1.92,98.08
2002-07-15,15.79,16.03,1.58,98.42
2002-07-16,15.62,16.03,2.67,97.33
2002-07-17,15.85,15.79,0.38,99.62
2002-07-18,15.57,15.64,0.41,99.59
2002-07-19,15.1,15.55,2.95,97.05
2002-07-22,14.48,15.24,5.23,94.77
2002-07-23,13.11,15.05,14.79,85.21
2002-07-24,14.09,14.76,4.79,95.21
2002-07-25,13.05,14.55,11.5,88.5
2002-07-26,13.82,14.3,3.45,96.55
2002-07-29,14.7,14.5,1.41,98.59
2002-07-30,14.66,14.56,0.66,99.34
2002-07-31,14.62,14.5,0.86,99.14
2002-08-01,13.94,14.46,3.68,96.32
2002-08-02,13.53,14.38,6.29,93.71
2002-08-05,13.41,14.39,7.31,92.69
2002-08-06,13.92,14.41,3.55,96.45
2002-08-07,14.35,14.49,0.96,99.04
2002-08-08,14.9,14.56,2.32,97.68
2002-08-09,14.66,14.58,0.54,99.46
2002-08-12,14.77,14.83,0.42,99.58
2002-08-13,14.34,14.58,1.7,98.3
2002-08-14,15.15,15.0,1.0,99.0
2002-08-15,15.17,15.23,0.4,99.6
2002-08-16,15.24,15.1,0.92,99.08
2002-08-19,15.85,15.21,4.01,95.99
2002-08-20,15.55,15.17,2.47,97.53
2002-08-21,15.93,15.44,3.06,96.94
2002-08-22,16.22,15.98,1.51,98.49
2002-08-23,15.91,15.94,0.15,99.85
2002-08-26,15.88,15.91,0.19,99.81
2002-08-27,15.49,15.72,1.49,98.51
2002-08-28,15.05,15.72,4.49,95.51
2002-08-29,15.41,15.93,3.35,96.65
2002-08-30,14.96,15.72,5.13,94.87
2002-09-03,14.33,15.41,7.56,92.44
2002-09-04,14.69,15.31,4.24,95.76
2002-09-05,13.99,15.24,8.92,91.08
2002-09-06,14.57,15.31,5.09,94.91
2002-09-09,14.84,14.82,0.17,99.83
2002-09-10,15.17,14.92,1.68,98.32
2002-09-11,14.8,14.79,0.1,99.9
2002-09-12,14.37,14.7,2.3,97.7
2002-09-13,14.6,14.79,1.3,98.7
2002-09-16,14.56,14.79,1.57,98.43
2002-09-17,14.41,14.79,2.63,97.37
2002-09-18,14.55,14.82,1.83,98.17
2002-09-19,14.38,14.74,2.49,97.51
2002-09-20,14.46,14.82,2.45,97.55
2002-09-23,13.78,14.49,5.11,94.89
2002-09-24,13.91,14.44,3.81,96.19
2002-09-25,14.17,14.41,1.65,98.35
2002-09-26,14.08,14.31,1.64,98.36
2002-09-27,13.79,14.2,2.96,97.04
2002-09-30,13.33,13.6,2.05,97.95
2002-10-01,14.09,13.82,1.91,98.09
2002-10-02,13.9,13.87,0.21,99.79
2002-10-03,13.65,13.79,1.01,98.99
2002-10-04,13.34,13.76,3.14,96.86
2002-10-07,13.42,13.79,2.73,97.27
2002-10-08,13.71,13.79,0.61,99.39
2002-10-09,13.41,13.79,2.89,97.11
2002-10-10,14.13,13.92,1.5,98.5
2002-10-11,14.89,14.21,4.55,95.45
2002-10-14,15.02,14.21,5.36,94.64
2002-10-15,15.93,14.82,7.0,93.0
2002-10-16,15.36,14.83,3.44,96.56
2002-10-17,15.47,14.97,3.23,96.77
2002-10-18,16.2,15.03,7.18,92.82
2002-10-21,16.0,15.38,3.91,96.09
2002-10-22,15.75,15.38,2.35,97.65
2002-10-23,16.21,15.46,4.65,95.35
2002-10-24,15.61,15.82,1.36,98.64
2002-10-25,16.05,15.93,0.77,99.23
2002-10-28,15.83,15.86,0.19,99.81
2002-10-29,15.87,16.24,2.35,97.65
2002-10-30,16.18,16.17,0.07,99.93
2002-10-31,16.29,16.07,1.36,98.64
2002-11-01,16.15,16.01,0.88,99.12
2002-11-04,17.1,16.22,5.12,94.88
2002-11-05,17.27,16.61,3.82,96.18
2002-11-06,17.38,16.61,4.41,95.59
2002-11-07,17.07,16.35,4.22,95.78
2002-11-08,16.79,16.34,2.69,97.31
2002-11-11,16.41,16.48,0.41,99.59
2002-11-12,16.61,16.55,0.39,99.61
2002-11-13,16.87,17.09,1.3,98.7
2002-11-14,17.37,17.18,1.05,98.95
2002-11-15,17.28,17.18,0.53,99.47
2002-11-18,17.02,17.12,0.57,99.43
2002-11-19,16.72,17.17,2.72,97.28
2002-11-20,17.25,17.31,0.3,99.7
2002-11-21,17.63,17.36,1.5,98.5
2002-11-22,17.74,17.31,2.43,97.57
2002-11-25,17.74,17.32,2.38,97.62
2002-11-26,17.34,17.12,1.29,98.71
2002-11-27,17.7,17.48,1.26,98.74
2002-11-29,17.58,17.6,0.15,99.85
2002-12-02,17.58,17.75,0.96,99.04
2002-12-03,17.28,17.59,1.81,98.19
2002-12-04,17.23,17.53,1.72,98.28
2002-12-05,16.86,17.17,1.8,98.2
2002-12-06,16.9,17.17,1.56,98.44
2002-12-09,16.31,17.09,4.78,95.22
2002-12-10,16.46,17.05,3.59,96.41
2002-12-11,16.66,16.84,1.12,98.88
2002-12-12,16.51,16.51,0.01,99.99
2002-12-13,16.0,16.28,1.77,98.23
2002-12-16,16.6,16.19,2.48,97.52
2002-12-17,16.57,16.3,1.62,98.38
2002-12-18,16.31,16.06,1.56,98.44
2002-12-19,16.18,15.92,1.66,98.34
2002-12-20,16.16,15.92,1.53,98.47
2002-12-23,16.46,16.11,2.07,97.93
2002-12-24,16.4,16.11,1.74,98.26
2002-12-26,16.27,16.17,0.6,99.4
2002-12-27,16.14,16.15,0.02,99.98
2002-12-30,16.07,16.22,0.91,99.09
2002-12-31,15.75,16.11,2.22,97.78
2003-01-02,16.37,16.22,0.91,99.09
2003-01-03,16.39,16.36,0.17,99.83
2003-01-06,16.69,16.6,0.54,99.46
2003-01-07,17.0,16.59,2.41,97.59
2003-01-08,16.53,16.36,1.0,99.0
2003-01-09,17.01,16.6,2.37,97.63
2003-01-10,17.04,16.65,2.3,97.7
2003-01-13,17.18,16.75,2.53,97.47
2003-01-14,17.36,16.82,3.09,96.91
2003-01-15,17.15,16.78,2.15,97.85
2003-01-16,16.87,17.0,0.82,99.18
2003-01-17,15.68,16.63,6.06,93.94
2003-01-21,15.64,16.63,6.33,93.67
2003-01-22,15.54,16.44,5.75,94.25
2003-01-23,15.93,16.22,1.82,98.18
2003-01-24,15.19,16.05,5.67,94.33
2003-01-27,14.98,15.73,4.98,95.02
2003-01-28,14.88,15.52,4.3,95.7
2003-01-29,15.21,15.31,0.64,99.36
2003-01-30,14.7,15.16,3.13,96.87
2003-01-31,14.46,15.0,3.73,96.27
2003-02-03,14.8,15.05,1.67,98.33
2003-02-04,14.42,14.55,0.92,99.08
2003-02-05,14.31,14.55,1.69,98.31
2003-02-06,14.45,14.56,0.78,99.22
2003-02-07,14.19,14.6,2.83,97.17
2003-02-10,14.44,14.39,0.35,99.65
2003-02-11,14.15,14.37,1.52,98.48
2003-02-12,14.15,14.27,0.82,99.18
2003-02-13,14.32,14.39,0.48,99.52
2003-02-14,14.72,14.53,1.25,98.75
2003-02-18,15.21,14.77,2.9,97.1
2003-02-19,15.0,14.59,2.74,97.26
2003-02-20,14.76,14.63,0.87,99.13
2003-02-21,15.06,14.99,0.45,99.55
2003-02-24,14.72,14.76,0.29,99.71
2003-02-25,14.79,14.92,0.9,99.1
2003-02-26,14.44,14.78,2.42,97.58
2003-02-27,14.42,14.76,2.37,97.63
2003-02-28,14.49,14.88,2.65,97.35
2003-03-03,14.39,14.71,2.21,97.79
2003-03-04,14.11,14.71,4.3,95.7
2003-03-05,14.33,14.79,3.2,96.8
2003-03-06,14.23,14.71,3.4,96.6
2003-03-07,14.41,14.31,0.67,99.33
2003-03-10,14.03,14.09,0.39,99.61
2003-03-11,13.94,14.09,1.05,98.95
2003-03-12,14.3,14.31,0.06,99.94
2003-03-13,15.08,14.41,4.49,95.51
2003-03-14,15.2,14.61,3.86,96.14
2003-03-17,15.85,14.97,5.57,94.43
2003-03-18,15.92,15.13,4.98,95.02
2003-03-19,16.09,15.46,3.94,96.06
2003-03-20,16.05,15.46,3.68,96.32
2003-03-21,16.25,15.49,4.66,95.34
2003-03-24,15.46,15.82,2.34,97.66
2003-03-25,15.59,15.82,1.53,98.47
2003-03-26,15.44,15.8,2.33,97.67
2003-03-27,15.31,15.66,2.28,97.72
2003-03-28,15.08,15.72,4.24,95.76
2003-03-31,14.8,15.63,5.57,94.43
2003-04-01,14.89,15.62,4.9,95.1
2003-04-02,15.73,15.62,0.69,99.31
2003-04-03,15.73,15.62,0.73,99.27
2003-04-04,15.34,15.31,0.17,99.83
2003-04-07,15.39,15.31,0.49,99.51
2003-04-08,15.64,15.31,2.08,97.92
2003-04-09,15.02,15.24,1.41,98.59
2003-04-10,15.03,15.16,0.81,99.19
2003-04-11,14.8,15.24,2.99,97.01
2003-04-14,15.14,15.31,1.16,98.84
2003-04-15,15.04,15.31,1.82,98.18
2003-04-16,15.24,15.39,0.98,99.02
2003-04-17,15.59,15.59,0.01,99.99
2003-04-21,15.41,15.62,1.32,98.68
2003-04-22,15.75,15.66,0.58,99.42
2003-04-23,15.73,15.41,2.0,98.0
2003-04-24,15.59,15.39,1.28,98.72
2003-04-25,15.42,15.41,0.06,99.94
2003-04-28,15.74,15.55,1.2,98.8
2003-04-29,15.77,15.41,2.3,97.7
2003-04-30,15.63,15.97,2.16,97.84
2003-05-01,15.73,16.04,1.97,98.03
2003-05-02,15.96,16.22,1.64,98.36
2003-05-05,15.81,16.04,1.42,98.58
2003-05-06,16.12,16.2,0.5,99.5
2003-05-07,15.89,15.97,0.51,99.49
2003-05-08,15.74,15.84,0.66,99.34
2003-05-09,16.12,16.04,0.51,99.49
2003-05-12,16.02,15.86,0.99,99.01
2003-05-13,15.89,16.02,0.82,99.18
2003-05-14,15.66,16.1,2.75,97.25
2003-05-15,15.77,16.28,3.22,96.78
2003-05-16,15.63,16.07,2.79,97.21
2003-05-19,15.14,15.55,2.72,97.28
2003-05-20,15.06,15.55,3.26,96.74
2003-05-21,14.69,15.39,4.74,95.26
2003-05-22,14.77,15.36,3.97,96.03
2003-05-23,14.81,15.05,1.61,98.39
2003-05-27,15.16,15.08,0.53,99.47
2003-05-28,14.92,15.08,1.02,98.98
2003-05-29,14.92,14.71,1.41,98.59
2003-05-30,15.05,14.6,2.99,97.01
2003-06-02,15.07,14.6,3.11,96.89
2003-06-03,15.21,14.72,3.24,96.76
2003-06-04,15.21,14.79,2.74,97.26
2003-06-05,14.73,14.6,0.89,99.11
2003-06-06,14.47,14.6,0.86,99.14
2003-06-09,14.52,14.72,1.36,98.64
2003-06-10,15.09,14.96,0.84,99.16
2003-06-11,15.21,15.18,0.22,99.78
2003-06-12,15.28,15.18,0.66,99.34
2003-06-13,15.07,15.1,0.19,99.81
2003-06-16,15.52,15.14,2.45,97.55
2003-06-17,15.87,15.38,3.13,96.87
2003-06-18,15.94,15.82,0.73,99.27
2003-06-19,15.94,15.82,0.73,99.27
2003-06-20,16.1,15.82,1.71,98.29
2003-06-23,15.76,15.62,0.92,99.08
2003-06-24,15.71,15.62,0.61,99.39
2003-06-25,15.44,15.97,3.41,96.59
2003-06-26,15.74,16.22,3.02,96.98
2003-06-27,15.67,16.14,2.97,97.03
2003-06-30,15.68,15.97,1.88,98.12
2003-07-01,15.99,16.11,0.76,99.24
2003-07-02,16.44,16.14,1.82,98.18
2003-07-03,16.2,16.14,0.41,99.59
2003-07-07,16.77,16.36,2.4,97.6
2003-07-08,16.94,16.51,2.53,97.47
2003-07-09,16.8,16.48,1.89,98.11
2003-07-10,16.45,16.34,0.7,99.3
2003-07-11,16.7,16.34,2.15,97.85
2003-07-14,16.75,16.54,1.24,98.76
2003-07-15,16.67,16.77,0.56,99.44
2003-07-16,16.83,16.88,0.3,99.7
2003-07-17,16.32,16.61,1.81,98.19
2003-07-18,16.44,16.66,1.31,98.69
2003-07-21,15.92,16.55,3.92,96.08
2003-07-22,16.13,16.41,1.73,98.27
2003-07-23,16.17,16.31,0.86,99.14
2003-07-24,15.9,16.17,1.71,98.29
2003-07-25,16.44,16.17,1.66,98.34
2003-07-28,16.27,16.09,1.09,98.91
2003-07-29,16.18,16.12,0.41,99.59
2003-07-30,16.04,16.17,0.82,99.18
2003-07-31,16.15,16.12,0.18,99.82
2003-08-01,16.0,15.92,0.52,99.48
2003-08-04,16.01,15.96,0.3,99.7
2003-08-05,15.69,15.73,0.26,99.74
2003-08-06,15.68,15.92,1.52,98.48
2003-08-07,15.72,15.85,0.84,99.16
2003-08-08,15.64,16.0,2.29,97.71
2003-08-11,15.66,15.92,1.66,98.34
2003-08-12,15.73,15.71,0.14,99.86
2003-08-13,15.65,15.79,0.85,99.15
2003-08-14,15.67,15.47,1.26,98.74
2003-08-15,15.62,15.47,0.91,99.09
2003-08-18,15.71,15.52,1.25,98.75
2003-08-19,16.28,16.09,1.15,98.85
2003-08-20,16.17,15.88,1.79,98.21
2003-08-21,16.04,15.88,1.01,98.99
2003-08-22,16.03,15.88,0.93,99.07
2003-08-25,16.2,16.24,0.25,99.75
2003-08-26,16.25,16.24,0.02,99.98
2003-08-27,16.15,16.39,1.46,98.54
2003-08-28,16.21,16.46,1.52,98.48
2003-08-29,16.21,16.46,1.48,98.52
2003-09-02,16.67,16.59,0.45,99.55
2003-09-03,17.3,16.86,2.55,97.45
2003-09-04,17.38,17.05,1.92,98.08
2003-09-05,17.35,17.17,1.04,98.96
2003-09-08,17.63,17.31,1.81,98.19
2003-09-09,17.35,17.03,1.84,98.16
2003-09-10,16.84,17.11,1.6,98.4
2003-09-11,17.02,17.44,2.47,97.53
2003-09-12,17.33,17.63,1.73,98.27
2003-09-15,17.34,17.52,1.05,98.95
2003-09-16,17.67,17.55,0.69,99.31
2003-09-17,17.43,17.63,1.18,98.82
2003-09-18,18.04,17.83,1.14,98.86
2003-09-19,18.32,17.86,2.5,97.5
2003-09-22,17.77,17.65,0.71,99.29
2003-09-23,18.1,17.6,2.73,97.27
2003-09-24,17.4,17.39,0.08,99.92
2003-09-25,17.27,17.36,0.56,99.44
2003-09-26,17.24,17.17,0.4,99.6
2003-09-29,17.63,17.53,0.57,99.43
2003-09-30,17.0,17.39,2.3,97.7
2003-10-01,17.44,17.53,0.51,99.49
2003-10-02,17.43,17.39,0.22,99.78
2003-10-03,17.78,17.77,0.03,99.97
2003-10-06,17.85,17.64,1.19,98.81
2003-10-07,17.82,17.77,0.24,99.76
2003-10-08,17.62,17.42,1.17,98.83
2003-10-09,17.69,17.35,1.93,98.07
2003-10-10,17.68,17.62,0.34,99.66
2003-10-13,17.6,17.63,0.2,99.8
2003-10-14,17.54,17.97,2.5,97.5
2003-10-15,17.87,18.17,1.65,98.35
2003-10-16,17.97,18.22,1.4,98.6
2003-10-17,17.79,18.11,1.8,98.2
2003-10-20,18.05,18.42,2.08,97.92
2003-10-21,18.05,18.32,1.54,98.46
2003-10-22,17.76,18.18,2.33,97.67
2003-10-23,17.78,17.97,1.09,98.91
2003-10-24,16.36,17.26,5.52,94.48
2003-10-27,16.55,16.99,2.66,97.34
2003-10-28,16.72,17.16,2.62,97.38
2003-10-29,16.44,16.56,0.71,99.29
2003-10-30,16.06,16.32,1.6,98.4
2003-10-31,16.07,16.05,0.14,99.86
2003-11-03,16.4,16.23,1.09,98.91
2003-11-04,16.03,15.91,0.76,99.24
2003-11-05,16.05,15.92,0.82,99.18
2003-11-06,16.13,15.92,1.31,98.69
2003-11-07,16.05,15.87,1.09,98.91
2003-11-10,15.99,15.87,0.71,99.29
2003-11-11,15.86,15.87,0.06,99.94
2003-11-12,15.97,15.92,0.36,99.64
2003-11-13,15.8,16.12,2.08,97.92
2003-11-14,15.68,15.86,1.18,98.82
2003-11-17,15.46,15.82,2.3,97.7
2003-11-18,15.46,15.65,1.21,98.79
2003-11-19,15.59,15.68,0.62,99.38
2003-11-20,15.43,15.62,1.2,98.8
2003-11-21,15.44,15.16,1.8,98.2
2003-11-24,15.82,15.47,2.19,97.81
2003-11-25,15.62,15.4,1.41,98.59
2003-11-26,15.65,15.33,2.05,97.95
2003-11-28,15.81,15.47,2.12,97.88
2003-12-01,15.89,15.55,2.15,97.85
2003-12-02,15.78,15.55,1.47,98.53
2003-12-03,15.78,15.79,0.01,99.99
2003-12-04,16.11,16.09,0.13,99.87
2003-12-05,15.97,16.09,0.72,99.28
2003-12-08,16.13,16.27,0.83,99.17
2003-12-09,16.22,16.27,0.3,99.7
2003-12-10,16.35,16.34,0.08,99.92
2003-12-11,16.36,16.41,0.28,99.72
2003-12-12,16.39,16.41,0.13,99.87
2003-12-15,16.44,16.58,0.82,99.18
2003-12-16,16.64,16.73,0.54,99.46
2003-12-17,16.63,16.7,0.45,99.55
2003-12-18,16.85,16.84,0.07,99.93
2003-12-19,16.82,16.8,0.12,99.88
2003-12-22,16.71,16.92,1.25,98.75
2003-12-23,16.69,17.04,2.09,97.91
2003-12-24,16.63,16.97,2.08,97.92
2003-12-26,16.73,17.31,3.47,96.53
2003-12-29,16.88,17.31,2.53,97.47
2003-12-30,16.92,17.5,3.44,96.56
2003-12-31,16.83,17.53,4.2,95.8
2004-01-02,16.88,17.54,3.91,96.09
2004-01-05,17.3,17.61,1.76,98.24
2004-01-06,17.36,17.61,1.4,98.6
2004-01-07,17.35,17.57,1.28,98.72
2004-01-08,17.31,17.55,1.37,98.63
2004-01-09,17.01,17.23,1.33,98.67
2004-01-12,16.95,17.23,1.66,98.34
2004-01-13,16.87,17.23,2.18,97.82
2004-01-14,17.03,17.31,1.63,98.37
2004-01-15,16.93,17.34,2.39,97.61
2004-01-16,17.1,17.24,0.84,99.16
2004-01-20,17.28,17.28,0.01,99.99
2004-01-21,17.4,17.29,0.65,99.35
2004-01-22,17.22,17.35,0.72,99.28
2004-01-23,17.51,17.46,0.27,99.73
2004-01-26,17.71,17.35,2.04,97.96
2004-01-27,17.37,17.13,1.38,98.62
2004-01-28,17.04,16.91,0.75,99.25
2004-01-29,17.16,16.96,1.16,98.84
2004-01-30,17.0,17.13,0.76,99.24
2004-02-02,16.85,17.11,1.53,98.47
2004-02-03,16.78,17.11,1.94,98.06
2004-02-04,16.61,16.91,1.82,98.18
2004-02-05,16.58,16.91,2.01,97.99
2004-02-06,16.65,16.86,1.26,98.74
2004-02-09,16.54,16.66,0.7,99.3
2004-02-10,16.61,16.59,0.17,99.83
2004-02-11,16.69,16.55,0.84,99.16
2004-02-12,16.57,16.33,1.47,98.53
2004-02-13,16.35,16.28,0.41,99.59
2004-02-17,16.59,16.33,1.62,98.38
2004-02-18,16.46,16.43,0.2,99.8
2004-02-19,16.27,16.06,1.29,98.71
2004-02-20,16.34,16.06,1.7,98.3
2004-02-23,16.36,16.17,1.18,98.82
2004-02-24,16.53,16.36,0.99,99.01
2004-02-25,16.42,16.22,1.19,98.81
2004-02-26,16.29,16.22,0.44,99.56
2004-02-27,16.31,16.15,1.02,98.98
2004-03-01,16.42,16.18,1.41,98.59
2004-03-02,16.23,16.11,0.72,99.28
2004-03-03,16.21,16.04,1.08,98.92
2004-03-04,16.21,16.11,0.65,99.35
2004-03-05,16.2,16.18,0.1,99.9
2004-03-08,15.88,15.92,0.22,99.78
2004-03-09,15.81,15.86,0.32,99.68
2004-03-10,15.6,15.86,1.7,98.3
2004-03-11,15.43,15.69,1.68,98.32
2004-03-12,15.61,15.52,0.56,99.44
2004-03-15,15.47,15.47,0.02,99.98
2004-03-16,15.48,15.47,0.06,99.94
2004-03-17,15.45,15.47,0.14,99.86
2004-03-18,15.3,15.16,0.93,99.07
2004-03-19,15.14,15.16,0.12,99.88
2004-03-22,15.06,15.16,0.65,99.35
2004-03-23,14.85,15.0,1.03,98.97
2004-03-24,15.01,15.0,0.04,99.96
2004-03-25,15.49,15.16,2.14,97.86
2004-03-26,15.39,14.79,3.9,96.1
2004-03-29,15.56,14.87,4.48,95.52
2004-03-30,15.49,15.39,0.7,99.3
2004-03-31,15.33,15.39,0.38,99.62
2004-04-01,15.42,15.31,0.69,99.31
2004-04-02,15.89,15.62,1.74,98.26
2004-04-05,15.96,15.63,2.06,97.94
2004-04-06,15.86,15.62,1.55,98.45
2004-04-07,15.73,15.62,0.74,99.26
2004-04-08,15.67,15.97,1.95,98.05
2004-04-12,15.75,16.11,2.31,97.69
2004-04-13,15.65,16.14,3.12,96.88
2004-04-14,15.68,16.14,2.88,97.12
2004-04-15,15.51,15.72,1.4,98.6
2004-04-16,15.47,15.72,1.64,98.36
2004-04-19,15.7,15.86,1.05,98.95
2004-04-20,15.57,15.72,0.96,99.04
2004-04-21,15.65,15.93,1.8,98.2
2004-04-22,15.96,16.01,0.33,99.67
2004-04-23,16.93,16.38,3.29,96.71
2004-04-26,16.75,16.3,2.71,97.29
2004-04-27,16.74,16.3,2.64,97.36
2004-04-28,16.33,16.13,1.22,98.78
2004-04-29,16.28,16.13,0.93,99.07
2004-04-30,16.07,16.02,0.28,99.72
2004-05-03,16.2,16.09,0.69,99.31
2004-05-04,16.19,16.3,0.69,99.31
2004-05-05,16.17,16.34,1.07,98.93
2004-05-06,16.06,16.31,1.56,98.44
2004-05-07,15.85,16.15,1.88,98.12
2004-05-10,15.94,16.28,2.09,97.91
2004-05-11,15.95,16.23,1.78,98.22
2004-05-12,15.95,16.1,0.91,99.09
2004-05-13,16.05,15.69,2.25,97.75
2004-05-14,15.9,15.69,1.35,98.65
2004-05-17,15.7,15.69,0.11,99.89
2004-05-18,15.88,15.84,0.26,99.74
2004-05-19,15.75,15.76,0.05,99.95
2004-05-20,15.82,15.95,0.81,99.19
2004-05-21,15.92,15.92,0.02,99.98
2004-05-24,15.84,15.71,0.84,99.16
2004-05-25,16.05,15.79,1.64,98.36
2004-05-26,16.07,15.88,1.18,98.82
2004-05-27,16.1,16.09,0.09,99.91
2004-05-28,16.13,16.09,0.24,99.76
2004-06-01,16.05,16.23,1.12,98.88
2004-06-02,16.07,16.23,1.04,98.96
2004-06-03,15.92,16.0,0.5,99.5
2004-06-04,15.96,16.1,0.88,99.12
2004-06-07,16.25,16.52,1.68,98.32
2004-06-08,16.36,16.46,0.61,99.39
2004-06-09,16.28,16.52,1.53,98.47
2004-06-10,16.46,16.54,0.48,99.52
2004-06-14,16.54,16.54,0.01,99.99
2004-06-15,16.85,16.74,0.66,99.34
2004-06-16,16.8,16.7,0.57,99.43
2004-06-17,17.07,16.78,1.74,98.26
2004-06-18,17.43,16.97,2.65,97.35
2004-06-21,17.43,16.99,2.51,97.49
2004-06-22,17.39,16.97,2.44,97.56
2004-06-23,17.4,17.11,1.66,98.34
2004-06-24,17.46,17.15,1.76,98.24
2004-06-25,17.57,17.42,0.85,99.15
2004-06-28,17.39,17.42,0.17,99.83
2004-06-29,17.52,17.71,1.09,98.91
2004-06-30,17.56,17.78,1.27,98.73
2004-07-01,17.6,18.03,2.43,97.57
2004-07-02,17.57,17.96,2.25,97.75
2004-07-06,17.23,17.64,2.37,97.63
2004-07-07,17.28,17.72,2.57,97.43
2004-07-08,16.99,17.24,1.44,98.56
2004-07-09,17.13,17.09,0.23,99.77
2004-07-12,17.15,17.09,0.33,99.67
2004-07-13,16.97,16.98,0.08,99.92
2004-07-14,17.3,17.22,0.45,99.55
2004-07-15,17.14,17.16,0.16,99.84
2004-07-16,16.9,16.85,0.25,99.75
2004-07-19,17.19,17.05,0.79,99.21
2004-07-20,17.41,16.99,2.42,97.58
2004-07-21,17.74,17.28,2.63,97.37
2004-07-22,17.83,17.28,3.1,96.9
2004-07-23,17.23,16.92,1.83,98.17
2004-07-26,17.62,17.32,1.7,98.3
2004-07-27,17.49,17.18,1.78,98.22
2004-07-28,17.57,17.59,0.13,99.87
2004-07-29,17.51,17.57,0.34,99.66
2004-07-30,17.52,17.57,0.3,99.7
2004-08-02,17.54,17.84,1.75,98.25
2004-08-03,17.26,17.61,2.04,97.96
2004-08-04,17.25,17.64,2.22,97.78
2004-08-05,16.93,17.39,2.72,97.28
2004-08-06,16.69,17.12,2.58,97.42
2004-08-09,16.71,16.98,1.62,98.38
2004-08-10,17.04,16.98,0.36,99.64
2004-08-11,16.85,16.81,0.28,99.72
2004-08-12,16.53,16.74,1.26,98.74
2004-08-13,16.61,16.56,0.33,99.67
2004-08-16,16.66,16.56,0.59,99.41
2004-08-17,16.63,16.51,0.74,99.26
2004-08-18,16.88,16.49,2.31,97.69
2004-08-19,16.67,16.32,2.15,97.85
2004-08-20,16.72,16.4,1.92,98.08
2004-08-23,16.8,16.59,1.23,98.77
2004-08-24,16.8,16.59,1.23,98.77
2004-08-25,16.99,16.83,0.91,99.09
2004-08-26,16.92,17.02,0.56,99.44
2004-08-27,16.93,17.02,0.49,99.51
2004-08-30,16.84,16.86,0.15,99.85
2004-08-31,16.84,17.0,0.99,99.01
2004-09-01,16.89,17.39,2.94,97.06
2004-09-02,17.03,17.39,2.08,97.92
2004-09-03,16.72,17.03,1.85,98.15
2004-09-07,16.87,17.23,2.14,97.86
2004-09-08,16.81,16.93,0.72,99.28
2004-09-09,16.82,17.17,2.08,97.92
2004-09-10,16.95,17.23,1.66,98.34
2004-09-13,16.8,16.8,0.04,99.96
2004-09-14,16.92,16.97,0.31,99.69
2004-09-15,16.77,16.63,0.81,99.19
2004-09-16,16.81,16.63,1.06,98.94
2004-09-17,16.96,16.8,0.98,99.02
2004-09-20,16.96,16.97,0.05,99.95
2004-09-21,16.81,16.77,0.22,99.78
2004-09-22,16.72,16.63,0.55,99.45
2004-09-23,16.87,16.63,1.39,98.61
2004-09-24,16.83,16.94,0.64,99.36
2004-09-27,16.77,16.63,0.81,99.19
2004-09-28,16.82,16.8,0.11,99.89
2004-09-29,17.01,16.98,0.16,99.84
2004-09-30,17.05,16.97,0.46,99.54
2004-10-01,17.42,17.2,1.3,98.7
2004-10-04,17.34,17.09,1.42,98.58
2004-10-05,17.5,17.47,0.18,99.82
2004-10-06,17.59,17.59,0.04,99.96
2004-10-07,17.37,17.38,0.04,99.96
2004-10-08,17.26,17.34,0.44,99.56
2004-10-11,17.3,17.59,1.68,98.32
2004-10-12,17.29,17.74,2.62,97.38
2004-10-13,17.29,17.67,2.24,97.76
2004-10-14,17.14,17.59,2.63,97.37
2004-10-15,17.26,17.71,2.62,97.38
2004-10-18,17.52,17.74,1.25,98.75
2004-10-19,17.38,17.59,1.24,98.76
2004-10-20,17.7,17.75,0.28,99.72
2004-10-21,17.61,17.53,0.49,99.51
2004-10-22,17.11,17.17,0.36,99.64
2004-10-25,17.04,17.09,0.31,99.69
2004-10-26,17.21,17.0,1.22,98.78
2004-10-27,17.36,17.14,1.28,98.72
2004-10-28,17.27,17.14,0.79,99.21
2004-10-29,17.25,17.11,0.79,99.21
2004-11-01,17.32,17.14,1.04,98.96
2004-11-02,17.41,17.26,0.91,99.09
2004-11-03,17.56,17.34,1.22,98.78
2004-11-04,17.88,17.65,1.31,98.69
2004-11-05,18.07,17.77,1.71,98.29
2004-11-08,18.06,17.97,0.48,99.52
2004-11-09,18.36,17.97,2.11,97.89
2004-11-10,18.33,18.05,1.57,98.43
2004-11-11,18.49,18.31,0.95,99.05
2004-11-12,18.48,18.3,0.99,99.01
2004-11-15,18.83,18.58,1.32,98.68
2004-11-16,18.64,18.61,0.18,99.82
2004-11-17,18.67,18.99,1.68,98.32
2004-11-18,18.61,19.01,2.15,97.85
2004-11-19,18.46,18.88,2.24,97.76
2004-11-22,18.32,18.95,3.44,96.56
2004-11-23,18.23,18.86,3.46,96.54
2004-11-24,18.31,18.76,2.45,97.55
2004-11-26,18.28,18.69,2.24,97.76
2004-11-29,18.4,18.73,1.77,98.23
2004-11-30,18.43,18.51,0.45,99.55
2004-12-01,18.73,19.07,1.82,98.18
2004-12-02,18.62,18.96,1.84,98.16
2004-12-03,18.72,18.69,0.13,99.87
2004-12-06,18.78,18.48,1.59,98.41
2004-12-07,18.61,18.48,0.65,99.35
2004-12-08,18.8,18.65,0.83,99.17
2004-12-09,18.72,18.65,0.36,99.64
2004-12-10,18.61,18.65,0.19,99.81
2004-12-13,18.73,18.76,0.19,99.81
2004-12-14,18.72,18.86,0.8,99.2
2004-12-15,18.63,18.73,0.5,99.5
2004-12-16,18.67,18.76,0.52,99.48
2004-12-17,18.53,18.65,0.64,99.36
2004-12-20,18.52,18.65,0.68,99.32
2004-12-21,18.61,18.29,1.7,98.3
2004-12-22,18.54,18.34,1.06,98.94
2004-12-23,18.56,18.29,1.48,98.52
2004-12-27,18.45,18.04,2.26,97.74
2004-12-28,18.52,18.29,1.26,98.74
2004-12-29,18.49,18.02,2.56,97.44
2004-12-30,18.39,18.33,0.35,99.65
2004-12-31,18.36,18.35,0.08,99.92
2005-01-03,18.38,18.17,1.12,98.88
2005-01-04,18.45,18.33,0.64,99.36
2005-01-05,18.41,18.35,0.31,99.69
2005-01-06,18.39,18.17,1.16,98.84
2005-01-07,18.33,18.04,1.6,98.4
2005-01-10,18.42,18.29,0.71,99.29
2005-01-11,18.37,18.03,1.88,98.12
2005-01-12,18.41,18.17,1.28,98.72
2005-01-13,18.06,17.72,1.87,98.13
2005-01-14,17.95,17.72,1.3,98.7
2005-01-18,18.09,17.72,2.05,97.95
2005-01-19,17.86,17.72,0.77,99.23
2005-01-20,17.77,17.72,0.31,99.69
2005-01-21,17.63,17.67,0.26,99.74
2005-01-24,17.64,17.3,1.95,98.05
2005-01-25,17.88,17.34,3.02,96.98
2005-01-26,17.88,17.43,2.51,97.49
2005-01-27,17.95,17.52,2.37,97.63
2005-01-28,17.99,17.63,2.03,97.97
2005-01-31,18.06,17.63,2.41,97.59
2005-02-01,18.14,17.7,2.39,97.61
2005-02-02,18.19,17.77,2.28,97.72
2005-02-03,17.99,17.97,0.14,99.86
2005-02-04,18.09,18.13,0.23,99.77
2005-02-07,17.98,17.77,1.16,98.84
2005-02-08,18.03,18.2,0.91,99.09
2005-02-09,17.92,18.48,3.16,96.84
2005-02-10,17.91,18.59,3.81,96.19
2005-02-11,17.85,18.55,3.94,96.06
2005-02-14,17.88,18.32,2.48,97.52
2005-02-15,17.88,17.97,0.52,99.48
2005-02-16,17.78,17.68,0.56,99.44
2005-02-17,17.68,17.5,1.06,98.94
2005-02-18,17.57,17.32,1.4,98.6
2005-02-22,17.39,17.28,0.68,99.32
2005-02-23,17.37,17.0,2.17,97.83
2005-02-24,17.49,17.04,2.57,97.43
2005-02-25,17.41,17.0,2.36,97.64
2005-02-28,17.35,17.0,2.01,97.99
2005-03-01,17.43,17.0,2.48,97.52
2005-03-02,17.41,17.0,2.4,97.6
2005-03-03,17.35,17.0,2.05,97.95
2005-03-04,17.35,17.0,2.05,97.95
2005-03-07,17.56,17.22,1.95,98.05
2005-03-08,17.51,17.21,1.74,98.26
2005-03-09,17.45,17.17,1.61,98.39
2005-03-10,17.53,17.42,0.63,99.37
2005-03-11,17.3,17.28,0.12,99.88
2005-03-14,17.31,17.42,0.63,99.37
2005-03-15,17.17,17.35,1.04,98.96
2005-03-16,16.98,16.99,0.07,99.93
2005-03-17,16.92,16.99,0.43,99.57
2005-03-18,16.76,16.69,0.43,99.57
2005-03-21,16.68,16.51,1.02,98.98
2005-03-22,16.54,16.51,0.15,99.85
2005-03-23,16.67,16.32,2.12,97.88
2005-03-24,16.74,16.32,2.52,97.48
2005-03-28,16.68,16.0,4.07,95.93
2005-03-29,16.49,16.0,2.95,97.05
2005-03-30,16.66,16.05,3.65,96.35
2005-03-31,16.66,16.0,3.95,96.05
2005-04-01,16.63,16.05,3.49,96.51
2005-04-04,16.7,16.05,3.93,96.07
2005-04-05,16.87,16.32,3.24,96.76
2005-04-06,17.01,16.57,2.59,97.41
2005-04-07,17.3,17.08,1.28,98.72
2005-04-08,17.19,17.09,0.58,99.42
2005-04-11,17.21,17.2,0.11,99.89
2005-04-12,17.46,17.52,0.35,99.65
2005-04-13,17.26,17.49,1.32,98.68
2005-04-14,17.13,17.35,1.29,98.71
2005-04-15,16.86,17.27,2.41,97.59
2005-04-18,16.99,17.39,2.33,97.67
2005-04-19,16.98,17.34,2.1,97.9
2005-04-20,16.77,17.13,2.17,97.83
2005-04-21,17.43,17.36,0.39,99.61
2005-04-22,17.22,17.23,0.07,99.93
2005-04-25,17.23,17.21,0.12,99.88
2005-04-26,17.07,17.03,0.25,99.75
2005-04-27,17.23,17.0,1.32,98.68
2005-04-28,16.86,16.86,0.02,99.98
2005-04-29,17.44,17.27,0.99,99.01
2005-05-02,17.39,17.11,1.66,98.34
2005-05-03,17.48,17.27,1.23,98.77
2005-05-04,17.38,17.27,0.64,99.36
2005-05-05,17.39,17.34,0.33,99.67
2005-05-06,17.39,17.47,0.46,99.54
2005-05-09,17.31,17.44,0.75,99.25
2005-05-10,17.17,17.58,2.44,97.56
2005-05-11,17.17,17.16,0.09,99.91
2005-05-12,17.24,17.38,0.83,99.17
2005-05-13,17.44,17.52,0.43,99.57
2005-05-16,17.63,17.64,0.05,99.95
2005-05-17,17.61,17.59,0.08,99.92
2005-05-18,17.77,18.13,1.98,98.02
2005-05-19,17.93,18.0,0.39,99.61
2005-05-20,17.8,17.97,0.94,99.06
2005-05-23,17.88,17.97,0.51,99.49
2005-05-24,17.81,18.0,1.05,98.95
2005-05-25,17.78,17.97,1.06,98.94
2005-05-26,17.91,18.05,0.74,99.26
2005-05-27,18.03,18.42,2.17,97.83
2005-05-31,17.84,18.41,3.16,96.84
2005-06-01,17.85,18.41,3.12,96.88
2005-06-02,17.84,18.39,3.12,96.88
2005-06-03,17.59,18.11,2.96,97.04
2005-06-06,17.55,17.8,1.45,98.55
2005-06-07,17.64,17.97,1.85,98.15
2005-06-08,17.57,17.68,0.65,99.35
2005-06-09,17.64,17.6,0.22,99.78
2005-06-10,17.59,17.63,0.25,99.75
2005-06-13,17.5,17.49,0.11,99.89
2005-06-14,17.54,17.33,1.22,98.78
2005-06-15,17.47,17.29,1.06,98.94
2005-06-16,17.32,17.04,1.6,98.4
2005-06-17,17.32,16.95,2.14,97.86
2005-06-20,17.37,16.99,2.16,97.84
2005-06-21,17.39,16.99,2.31,97.69
2005-06-22,17.34,16.99,2.0,98.0
2005-06-23,17.5,17.42,0.48,99.52
2005-06-24,17.32,17.16,0.92,99.08
2005-06-27,17.32,17.04,1.64,98.36
2005-06-28,17.34,17.16,1.04,98.96
2005-06-29,17.35,17.03,1.86,98.14
2005-06-30,17.18,16.87,1.78,98.22
2005-07-01,17.09,16.87,1.26,98.74
2005-07-05,17.28,17.15,0.74,99.26
2005-07-06,17.08,17.04,0.25,99.75
2005-07-07,17.05,16.97,0.46,99.54
2005-07-08,17.35,17.14,1.25,98.75
2005-07-11,17.49,17.52,0.18,99.82
2005-07-12,17.71,17.59,0.68,99.32
2005-07-13,17.75,17.76,0.09,99.91
2005-07-14,17.96,17.9,0.36,99.64
2005-07-15,17.84,17.97,0.75,99.25
2005-07-18,17.67,17.85,1.01,98.99
2005-07-19,18.09,18.0,0.53,99.47
2005-07-20,18.11,18.05,0.37,99.63
2005-07-21,18.29,18.14,0.79,99.21
2005-07-22,17.76,18.21,2.54,97.46
2005-07-25,17.77,18.17,2.27,97.73
2005-07-26,17.66,17.93,1.53,98.47
2005-07-27,17.79,18.02,1.3,98.7
2005-07-28,17.81,17.91,0.55,99.45
2005-07-29,17.71,18.11,2.24,97.76
2005-08-01,17.93,18.11,1.01,98.99
2005-08-02,18.54,18.26,1.53,98.47
2005-08-03,18.85,18.32,2.77,97.23
2005-08-04,18.89,18.32,3.02,96.98
2005-08-05,19.2,18.46,3.85,96.15
2005-08-08,18.76,18.62,0.78,99.22
2005-08-09,18.92,18.62,1.55,98.45
2005-08-10,18.64,18.51,0.71,99.29
2005-08-11,18.86,18.86,0.02,99.98
2005-08-12,18.71,18.86,0.84,99.16
2005-08-15,18.82,19.18,1.9,98.1
2005-08-16,18.55,19.07,2.82,97.18
2005-08-17,18.69,19.08,2.05,97.95
2005-08-18,18.6,19.08,2.54,97.46
2005-08-19,18.53,19.03,2.67,97.33
2005-08-22,18.67,18.82,0.84,99.16
2005-08-23,18.64,18.6,0.2,99.8
2005-08-24,18.6,18.6,0.02,99.98
2005-08-25,18.75,18.46,1.56,98.44
2005-08-26,18.71,18.8,0.48,99.52
2005-08-29,18.83,18.67,0.85,99.15
2005-08-30,18.85,19.0,0.8,99.2
2005-08-31,18.99,18.96,0.17,99.83
2005-09-01,18.87,18.96,0.49,99.51
2005-09-02,18.74,18.67,0.37,99.63
2005-09-06,18.73,19.03,1.6,98.4
2005-09-07,18.62,18.65,0.15,99.85
2005-09-08,18.46,18.6,0.78,99.22
2005-09-09,18.44,18.6,0.89,99.11
2005-09-12,18.46,18.48,0.14,99.86
2005-09-13,18.37,18.46,0.48,99.52
2005-09-14,18.25,18.35,0.54,99.46
2005-09-15,18.22,18.17,0.27,99.73
2005-09-16,18.08,18.14,0.31,99.69
2005-09-19,18.04,17.82,1.22,98.78
2005-09-20,17.92,17.67,1.39,98.61
2005-09-21,17.68,17.67,0.04,99.96
2005-09-22,17.58,17.3,1.59,98.41
2005-09-23,17.53,17.3,1.31,98.69
2005-09-26,17.53,17.3,1.31,98.69
2005-09-27,17.58,17.02,3.17,96.83
2005-09-28,17.81,17.0,4.55,95.45
2005-09-29,17.99,17.2,4.43,95.57
2005-09-30,17.85,17.04,4.52,95.48
2005-10-03,17.69,17.32,2.08,97.92
2005-10-04,17.33,17.32,0.04,99.96
2005-10-05,17.11,17.0,0.68,99.32
2005-10-06,17.15,17.04,0.66,99.34
2005-10-07,17.06,17.04,0.1,99.9
2005-10-10,16.97,17.04,0.4,99.6
2005-10-11,16.93,16.87,0.38,99.62
2005-10-12,16.86,16.74,0.7,99.3
2005-10-13,17.06,16.98,0.44,99.56
2005-10-14,17.11,17.02,0.52,99.48
2005-10-17,17.02,16.92,0.59,99.41
2005-10-18,17.04,16.74,1.79,98.21
2005-10-19,17.4,16.9,2.87,97.13
2005-10-20,17.2,16.89,1.75,98.25
2005-10-21,17.19,16.74,2.64,97.36
2005-10-24,17.41,17.39,0.13,99.87
2005-10-25,17.36,17.59,1.34,98.66
2005-10-26,17.42,17.59,1.02,98.98
2005-10-27,17.24,17.65,2.37,97.63
2005-10-28,17.71,17.87,0.9,99.1
2005-10-31,17.83,18.07,1.34,98.66
2005-11-01,18.01,18.11,0.56,99.44
2005-11-02,18.35,18.15,1.12,98.88
2005-11-03,18.34,18.18,0.9,99.1
2005-11-04,18.49,18.26,1.27,98.73
2005-11-07,18.74,18.33,2.18,97.82
2005-11-08,18.76,18.54,1.2,98.8
2005-11-09,18.7,18.98,1.5,98.5
2005-11-10,18.79,18.98,1.02,98.98
2005-11-11,18.92,19.15,1.18,98.82
2005-11-14,18.99,19.13,0.77,99.23
2005-11-15,19.13,19.44,1.63,98.37
2005-11-16,19.3,19.43,0.68,99.32
2005-11-17,19.46,19.43,0.15,99.85
2005-11-18,19.53,19.43,0.51,99.49
2005-11-21,19.59,19.64,0.25,99.75
2005-11-22,19.42,19.67,1.3,98.7
2005-11-23,19.42,19.83,2.08,97.92
2005-11-25,19.31,19.69,1.95,98.05
2005-11-28,19.31,19.64,1.75,98.25
2005-11-29,19.26,19.84,3.02,96.98
2005-11-30,19.26,19.92,3.45,96.55
2005-12-01,19.4,19.93,2.74,97.26
2005-12-02,19.49,19.92,2.23,97.77
2005-12-05,19.38,19.81,2.25,97.75
2005-12-06,19.26,19.52,1.35,98.65
2005-12-07,19.31,19.39,0.42,99.58
2005-12-08,19.26,19.05,1.13,98.87
2005-12-09,19.28,18.96,1.66,98.34
2005-12-12,19.1,18.72,1.96,98.04
2005-12-13,18.87,18.72,0.8,99.2
2005-12-14,18.85,18.69,0.83,99.17
2005-12-15,18.73,18.45,1.5,98.5
2005-12-16,18.71,18.39,1.76,98.24
2005-12-19,18.67,18.18,2.62,97.38
2005-12-20,18.69,18.21,2.56,97.44
2005-12-21,18.6,18.16,2.32,97.68
2005-12-22,18.5,18.13,2.0,98.0
2005-12-23,18.53,18.13,2.19,97.81
2005-12-27,18.41,18.13,1.52,98.48
2005-12-28,18.36,18.13,1.26,98.74
2005-12-29,18.28,18.13,0.81,99.19
2005-12-30,18.19,18.13,0.35,99.65
2006-01-03,18.67,18.35,1.73,98.27
2006-01-04,18.76,18.6,0.86,99.14
2006-01-05,18.78,18.67,0.55,99.45
2006-01-06,18.72,18.82,0.54,99.46
2006-01-09,18.69,18.8,0.59,99.41
2006-01-10,18.78,18.96,0.94,99.06
2006-01-11,18.99,19.04,0.28,99.72
2006-01-12,18.88,19.03,0.78,99.22
2006-01-13,18.92,19.11,1.03,98.97
2006-01-17,18.78,19.03,1.34,98.66
2006-01-18,18.67,19.03,1.95,98.05
2006-01-19,18.8,19.08,1.49,98.51
2006-01-20,18.37,18.82,2.44,97.56
2006-01-23,18.33,18.96,3.43,96.57
2006-01-24,18.28,18.42,0.73,99.27
2006-01-25,18.37,18.39,0.15,99.85
2006-01-26,18.44,18.46,0.12,99.88
2006-01-27,19.33,18.76,2.94,97.06
2006-01-30,19.48,18.86,3.16,96.84
2006-01-31,19.58,19.18,2.08,97.92
2006-02-01,19.51,19.07,2.24,97.76
2006-02-02,19.26,19.08,0.93,99.07
2006-02-03,19.16,19.01,0.78,99.22
2006-02-06,18.9,18.87,0.16,99.84
2006-02-07,18.74,18.87,0.69,99.31
2006-02-08,18.72,18.81,0.48,99.52
2006-02-09,18.55,19.18,3.43,96.57
2006-02-10,18.57,18.97,2.18,97.82
2006-02-13,18.36,18.84,2.59,97.41
2006-02-14,18.54,18.97,2.34,97.66
2006-02-15,18.76,18.97,1.12,98.88
2006-02-16,18.71,18.34,1.99,98.01
2006-02-17,18.64,18.17,2.5,97.5
2006-02-21,18.53,18.13,2.15,97.85
2006-02-22,18.65,18.17,2.57,97.43
2006-02-23,18.61,18.17,2.35,97.65
2006-02-24,18.59,18.27,1.71,98.29
2006-02-27,18.88,18.8,0.45,99.55
2006-02-28,18.76,18.82,0.35,99.65
2006-03-01,18.95,19.0,0.31,99.69
2006-03-02,18.83,19.03,1.08,98.92
2006-03-03,18.8,19.0,1.09,98.91
2006-03-06,18.78,19.08,1.56,98.44
2006-03-07,18.89,19.07,0.96,99.04
2006-03-08,19.02,19.03,0.04,99.96
2006-03-09,18.85,18.96,0.6,99.4
2006-03-10,18.97,19.04,0.38,99.62
2006-03-13,18.92,19.08,0.81,99.19
2006-03-14,19.01,19.07,0.33,99.67
2006-03-15,19.1,19.18,0.41,99.59
2006-03-16,19.04,19.32,1.49,98.51
2006-03-17,19.2,19.32,0.63,99.37
2006-03-20,19.47,19.51,0.19,99.81
2006-03-21,19.36,19.15,1.12,98.88
2006-03-22,18.95,19.21,1.34,98.66
2006-03-23,18.74,18.83,0.49,99.51
2006-03-24,18.85,18.86,0.02,99.98
2006-03-27,18.85,18.83,0.11,99.89
2006-03-28,18.78,18.64,0.74,99.26
2006-03-29,18.86,18.86,0.01,99.99
2006-03-30,19.01,18.86,0.78,99.22
2006-03-31,18.99,18.86,0.71,99.29
2006-04-03,19.24,19.0,1.25,98.75
2006-04-04,19.29,19.21,0.45,99.55
2006-04-05,19.36,19.27,0.46,99.54
2006-04-06,19.24,19.13,0.56,99.44
2006-04-07,19.02,19.0,0.09,99.91
2006-04-10,19.05,19.03,0.08,99.92
2006-04-11,18.94,19.35,2.16,97.84
2006-04-12,18.99,19.68,3.63,96.37
2006-04-13,18.9,19.37,2.52,97.48
2006-04-17,18.74,19.15,2.22,97.78
2006-04-18,19.0,19.65,3.43,96.57
2006-04-19,18.87,19.37,2.68,97.32
2006-04-20,18.87,18.91,0.22,99.78
2006-04-21,18.95,19.11,0.81,99.19
2006-04-24,18.92,18.7,1.17,98.83
2006-04-25,18.92,18.6,1.74,98.26
2006-04-26,18.92,18.29,3.29,96.71
2006-04-27,19.02,18.56,2.43,97.57
2006-04-28,16.86,18.13,7.53,92.47
2006-05-01,16.96,18.13,6.92,93.08
2006-05-02,16.76,17.3,3.21,96.79
2006-05-03,16.17,17.01,5.19,94.81
2006-05-04,16.36,16.5,0.85,99.15
2006-05-05,16.61,16.09,3.14,96.86
2006-05-08,16.56,16.09,2.86,97.14
2006-05-09,16.49,15.88,3.69,96.31
2006-05-10,16.59,16.04,3.32,96.68
2006-05-11,16.21,16.04,1.03,98.97
2006-05-12,16.17,15.86,1.92,98.08
2006-05-15,16.22,15.86,2.22,97.78
2006-05-16,16.12,16.0,0.74,99.26
2006-05-17,15.93,16.0,0.48,99.52
2006-05-18,16.0,16.05,0.31,99.69
2006-05-19,15.81,16.06,1.57,98.43
2006-05-22,16.03,16.02,0.1,99.9
2006-05-23,15.97,16.29,1.99,98.01
2006-05-24,16.47,16.46,0.08,99.92
2006-05-25,16.64,16.39,1.49,98.51
2006-05-26,16.62,16.39,1.41,98.59
2006-05-30,16.22,16.18,0.23,99.77
2006-05-31,15.87,16.08,1.33,98.67
2006-06-01,15.99,16.18,1.21,98.79
2006-06-02,15.95,16.18,1.48,98.52
2006-06-05,15.77,16.08,1.99,98.01
2006-06-06,15.51,16.06,3.53,96.47
2006-06-07,15.45,15.95,3.26,96.74
2006-06-08,15.49,15.71,1.39,98.61
2006-06-09,15.36,15.74,2.44,97.56
2006-06-12,15.21,15.62,2.66,97.34
2006-06-13,15.07,15.21,0.88,99.12
2006-06-14,15.33,15.21,0.83,99.17
2006-06-15,15.47,15.17,1.9,98.1
2006-06-16,15.49,15.21,1.82,98.18
2006-06-19,15.8,15.42,2.4,97.6
2006-06-20,15.81,15.55,1.67,98.33
2006-06-21,16.17,15.71,2.87,97.13
2006-06-22,16.03,15.57,2.89,97.11
2006-06-23,15.77,15.57,1.25,98.75
2006-06-26,15.99,15.82,1.08,98.92
2006-06-27,16.02,15.88,0.85,99.15
2006-06-28,16.23,16.3,0.4,99.6
2006-06-29,16.45,16.38,0.42,99.58
2006-06-30,16.33,16.59,1.61,98.39
2006-07-03,16.61,16.66,0.31,99.69
2006-07-05,16.36,16.58,1.3,98.7
2006-07-06,16.45,16.58,0.74,99.26
2006-07-07,16.33,16.51,1.1,98.9
2006-07-10,16.47,16.41,0.37,99.63
2006-07-11,16.19,16.44,1.58,98.42
2006-07-12,15.87,16.14,1.73,98.27
2006-07-13,15.6,16.0,2.56,97.44
2006-07-14,15.62,16.05,2.75,97.25
2006-07-17,15.75,16.0,1.55,98.45
2006-07-18,15.94,16.07,0.84,99.16
2006-07-19,16.4,16.21,1.12,98.88
2006-07-20,16.01,15.79,1.42,98.58
2006-07-21,16.73,16.02,4.22,95.78
2006-07-24,16.82,16.23,3.48,96.52
2006-07-25,16.97,16.47,2.95,97.05
2006-07-26,17.08,16.47,3.55,96.45
2006-07-27,16.73,16.4,1.93,98.07
2006-07-28,16.99,16.59,2.35,97.65
2006-07-31,16.86,16.59,1.58,98.42
2006-08-01,16.81,16.86,0.31,99.69
2006-08-02,17.03,17.24,1.25,98.75
2006-08-03,16.97,17.23,1.54,98.46
2006-08-04,17.02,17.42,2.33,97.67
2006-08-07,16.97,17.45,2.84,97.16
2006-08-08,17.06,17.34,1.67,98.33
2006-08-09,17.13,17.54,2.4,97.6
2006-08-10,17.14,17.34,1.18,98.82
2006-08-11,17.12,17.43,1.81,98.19
2006-08-14,17.19,17.43,1.4,98.6
2006-08-15,17.32,17.47,0.87,99.13
2006-08-16,17.37,17.73,2.07,97.93
2006-08-17,17.37,17.74,2.11,97.89
2006-08-18,18.14,18.01,0.74,99.26
2006-08-21,18.37,18.0,2.02,97.98
2006-08-22,18.02,17.86,0.88,99.12
2006-08-23,18.06,18.15,0.52,99.48
2006-08-24,18.1,18.15,0.24,99.76
2006-08-25,18.18,18.21,0.15,99.85
2006-08-28,18.25,18.21,0.23,99.77
2006-08-29,18.17,18.45,1.54,98.46
2006-08-30,18.15,18.44,1.6,98.4
2006-08-31,18.08,18.8,3.99,96.01
2006-09-01,18.17,18.8,3.42,96.58
2006-09-05,18.01,18.7,3.82,96.18
2006-09-06,18.01,18.84,4.6,95.4
2006-09-07,17.89,18.74,4.75,95.25
2006-09-08,18.01,18.27,1.44,98.56
2006-09-11,18.22,18.12,0.54,99.46
2006-09-12,18.24,18.55,1.72,98.28
2006-09-13,18.27,18.55,1.53,98.47
2006-09-14,18.52,18.7,0.98,99.02
2006-09-15,18.89,18.81,0.42,99.58
2006-09-18,18.84,18.72,0.63,99.37
2006-09-19,18.89,18.81,0.45,99.55
2006-09-20,19.12,18.88,1.27,98.73
2006-09-21,18.92,18.95,0.14,99.86
2006-09-22,18.75,18.84,0.46,99.54
2006-09-25,18.96,19.26,1.61,98.39
2006-09-26,19.13,19.29,0.83,99.17
2006-09-27,19.3,19.35,0.28,99.72
2006-09-28,19.27,19.39,0.61,99.39
2006-09-29,19.24,19.29,0.27,99.73
2006-10-02,19.24,19.51,1.39,98.61
2006-10-03,19.25,19.67,2.19,97.81
2006-10-04,19.65,19.94,1.47,98.53
2006-10-05,19.64,19.92,1.44,98.56
2006-10-06,19.6,19.92,1.63,98.37
2006-10-09,19.5,19.84,1.75,98.25
2006-10-10,19.48,19.73,1.31,98.69
2006-10-11,19.37,19.84,2.41,97.59
2006-10-12,19.85,20.04,0.96,99.04
2006-10-13,19.95,20.47,2.6,97.4
2006-10-16,20.01,20.41,2.01,97.99
2006-10-17,20.0,19.96,0.2,99.8
2006-10-18,20.06,20.43,1.82,98.18
2006-10-19,19.9,20.37,2.36,97.64
2006-10-20,20.0,20.37,1.87,98.13
2006-10-23,20.01,20.37,1.79,98.21
2006-10-24,19.89,20.14,1.24,98.76
2006-10-25,19.91,20.18,1.33,98.67
2006-10-26,19.94,20.21,1.35,98.65
2006-10-27,19.93,20.32,1.92,98.08
2006-10-30,20.07,20.47,2.0,98.0
2006-10-31,20.19,20.52,1.64,98.36
2006-11-01,20.26,20.46,0.99,99.01
2006-11-02,20.24,20.32,0.4,99.6
2006-11-03,20.21,20.22,0.05,99.95
2006-11-06,20.28,20.3,0.07,99.93
2006-11-07,20.36,20.32,0.19,99.81
2006-11-08,20.38,20.86,2.35,97.65
2006-11-09,20.58,20.92,1.67,98.33
2006-11-10,20.57,20.92,1.74,98.26
2006-11-13,20.64,20.79,0.69,99.31
2006-11-14,20.63,21.14,2.47,97.53
2006-11-15,20.55,20.99,2.15,97.85
2006-11-16,20.8,21.03,1.11,98.89
2006-11-17,20.75,21.58,4.0,96.0
2006-11-20,21.1,21.65,2.62,97.38
2006-11-21,21.12,21.65,2.51,97.49
2006-11-22,21.12,21.65,2.51,97.49
2006-11-24,21.0,21.58,2.74,97.26
2006-11-27,20.81,21.16,1.69,98.31
2006-11-28,20.74,21.06,1.52,98.48
2006-11-29,20.87,21.4,2.56,97.44
2006-11-30,20.72,21.09,1.78,98.22
2006-12-01,20.55,20.93,1.83,98.17
2006-12-04,20.7,20.71,0.03,99.97
2006-12-05,20.56,20.68,0.59,99.41
2006-12-06,20.46,20.56,0.47,99.53
2006-12-07,20.36,20.3,0.3,99.7
2006-12-08,20.75,20.71,0.21,99.79
2006-12-11,20.85,20.48,1.74,98.26
2006-12-12,20.77,20.37,1.94,98.06
2006-12-13,20.86,20.53,1.58,98.42
2006-12-14,21.22,20.88,1.59,98.41
2006-12-15,21.31,21.09,1.01,98.99
2006-12-18,21.1,21.05,0.21,99.79
2006-12-19,21.17,21.02,0.67,99.33
2006-12-20,21.24,21.09,0.68,99.32
2006-12-21,21.16,21.17,0.06,99.94
2006-12-22,20.92,21.13,1.01,98.99
2006-12-26,21.17,21.34,0.84,99.16
2006-12-27,21.19,21.44,1.21,98.79
2006-12-28,21.16,21.61,2.12,97.88
2006-12-29,21.07,21.4,1.57,98.43
2007-01-03,21.07,21.38,1.46,98.54
2007-01-04,21.04,21.41,1.75,98.25
2007-01-05,20.92,21.15,1.09,98.91
2007-01-08,21.12,20.87,1.2,98.8
2007-01-09,21.14,20.82,1.55,98.45
2007-01-10,20.93,20.82,0.55,99.45
2007-01-11,21.67,21.34,1.5,98.5
2007-01-12,22.03,21.51,2.33,97.67
2007-01-16,21.99,21.7,1.33,98.67
2007-01-17,21.95,21.96,0.06,99.94
2007-01-18,21.88,21.7,0.81,99.19
2007-01-19,21.96,21.97,0.08,99.92
2007-01-22,21.68,21.78,0.45,99.55
2007-01-23,21.7,21.82,0.56,99.44
2007-01-24,21.94,22.14,0.9,99.1
2007-01-25,21.49,21.82,1.54,98.46
2007-01-26,21.6,21.97,1.72,98.28
2007-01-29,21.55,21.82,1.28,98.72
2007-01-30,21.51,21.8,1.33,98.67
2007-01-31,21.78,22.14,1.65,98.35
2007-02-01,21.57,21.43,0.63,99.37
2007-02-02,21.31,21.02,1.36,98.64
2007-02-05,20.9,20.9,0.03,99.97
2007-02-06,20.83,20.71,0.54,99.46
2007-02-07,20.73,20.58,0.74,99.26
2007-02-08,20.65,20.43,1.05,98.95
2007-02-09,20.45,20.39,0.33,99.67
2007-02-12,20.42,20.35,0.36,99.64
2007-02-13,20.55,20.27,1.36,98.64
2007-02-14,20.82,20.33,2.35,97.65
2007-02-15,20.86,20.23,3.05,96.95
2007-02-16,20.35,20.07,1.39,98.61
2007-02-20,20.42,20.07,1.7,98.3
2007-02-21,20.79,20.07,3.44,96.56
2007-02-22,20.81,20.27,2.6,97.4
2007-02-23,20.47,20.25,1.05,98.95
2007-02-26,20.59,20.53,0.3,99.7
2007-02-27,19.74,20.07,1.68,98.32
2007-02-28,19.95,20.34,1.94,98.06
2007-03-01,19.89,19.91,0.08,99.92
2007-03-02,19.66,19.87,1.07,98.93
2007-03-05,19.51,19.47,0.2,99.8
2007-03-06,19.71,19.54,0.86,99.14
2007-03-07,19.55,19.2,1.83,98.17
2007-03-08,19.35,19.2,0.78,99.22
2007-03-09,19.33,19.31,0.1,99.9
2007-03-12,19.43,19.38,0.28,99.72
2007-03-13,18.92,19.14,1.17,98.83
2007-03-14,19.4,18.76,3.32,96.68
2007-03-15,19.32,18.87,2.31,97.69
2007-03-16,19.36,18.76,3.07,96.93
2007-03-19,19.71,19.41,1.51,98.49
2007-03-20,19.72,19.22,2.54,97.46
2007-03-21,20.2,19.58,3.08,96.92
2007-03-22,20.02,19.72,1.52,98.48
2007-03-23,19.84,20.0,0.8,99.2
2007-03-26,19.99,20.0,0.08,99.92
2007-03-27,19.63,19.86,1.18,98.82
2007-03-28,19.57,20.0,2.19,97.81
2007-03-29,19.65,20.0,1.78,98.22
2007-03-30,19.74,20.0,1.34,98.66
2007-04-02,19.65,20.25,3.07,96.93
2007-04-03,19.74,20.17,2.18,97.82
2007-04-04,20.18,20.32,0.65,99.35
2007-04-05,20.22,20.32,0.48,99.52
2007-04-09,20.23,20.22,0.08,99.92
2007-04-10,20.11,20.18,0.31,99.69
2007-04-11,19.91,19.64,1.33,98.67
2007-04-12,20.21,20.01,1.0,99.0
2007-04-13,20.26,20.19,0.38,99.62
2007-04-16,20.35,20.51,0.79,99.21
2007-04-17,20.43,20.81,1.84,98.16
2007-04-18,20.25,20.66,1.98,98.02
2007-04-19,20.32,20.66,1.66,98.34
2007-04-20,20.55,20.79,1.17,98.83
2007-04-23,20.38,20.66,1.34,98.66
2007-04-24,20.39,20.66,1.3,98.7
2007-04-25,20.53,20.52,0.07,99.93
2007-04-26,20.61,20.55,0.29,99.71
2007-04-27,21.33,20.97,1.67,98.33
2007-04-30,21.2,21.4,0.95,99.05
2007-05-01,21.53,21.54,0.06,99.94
2007-05-02,21.68,21.58,0.46,99.54
2007-05-03,21.93,21.58,1.6,98.4
2007-05-04,21.64,21.44,0.91,99.09
2007-05-07,21.75,21.69,0.27,99.73
2007-05-08,21.78,21.87,0.44,99.56
2007-05-09,21.8,21.87,0.34,99.66
2007-05-10,21.66,21.87,0.98,99.02
2007-05-11,21.88,22.31,1.96,98.04
2007-05-14,21.93,22.5,2.57,97.43
2007-05-15,21.95,22.5,2.48,97.52
2007-05-16,22.08,22.5,1.92,98.08
2007-05-17,22.01,22.14,0.58,99.42
2007-05-18,21.9,22.88,4.45,95.55
2007-05-21,22.06,22.72,2.97,97.03
2007-05-22,21.81,22.28,2.16,97.84
2007-05-23,21.73,21.94,0.96,99.04
2007-05-24,21.44,21.94,2.34,97.66
2007-05-25,21.66,22.01,1.63,98.37
2007-05-29,21.88,22.16,1.29,98.71
2007-05-30,22.1,22.4,1.34,98.66
2007-05-31,21.81,21.7,0.48,99.52
2007-06-01,21.73,21.41,1.49,98.51
2007-06-04,21.83,21.43,1.81,98.19
2007-06-05,21.73,21.36,1.69,98.31
2007-06-06,21.52,21.22,1.42,98.58
2007-06-07,21.05,21.02,0.14,99.86
2007-06-08,21.35,21.24,0.51,99.49
2007-06-11,21.33,21.17,0.72,99.28
2007-06-12,21.21,21.03,0.86,99.14
2007-06-13,21.59,21.24,1.62,98.38
2007-06-14,21.68,21.51,0.81,99.19
2007-06-15,21.66,21.39,1.26,98.74
2007-06-18,21.68,21.17,2.34,97.66
2007-06-19,21.64,21.03,2.85,97.15
2007-06-20,21.32,21.03,1.39,98.61
2007-06-21,21.47,21.17,1.41,98.59
2007-06-22,20.95,20.9,0.27,99.73
2007-06-25,20.95,20.92,0.17,99.83
2007-06-26,20.97,20.89,0.42,99.58
2007-06-27,21.22,21.37,0.7,99.3
2007-06-28,21.19,20.92,1.28,98.72
2007-06-29,20.94,20.8,0.64,99.36
2007-07-02,21.13,21.12,0.06,99.94
2007-07-03,21.33,20.92,1.91,98.09
2007-07-05,21.31,20.8,2.37,97.63
2007-07-06,21.29,20.8,2.3,97.7
2007-07-09,21.22,20.78,2.1,97.9
2007-07-10,20.84,20.65,0.91,99.09
2007-07-11,20.95,20.85,0.47,99.53
2007-07-12,21.36,21.12,1.16,98.84
2007-07-13,21.19,21.26,0.35,99.65
2007-07-16,21.34,21.38,0.21,99.79
2007-07-17,21.87,21.7,0.78,99.22
2007-07-18,21.97,21.57,1.82,98.18
2007-07-19,22.39,21.93,2.03,97.97
2007-07-20,22.14,22.04,0.44,99.56
2007-07-23,22.16,21.95,0.95,99.05
2007-07-24,21.88,21.63,1.15,98.85
2007-07-25,21.82,21.82,0.01,99.99
2007-07-26,21.3,21.58,1.31,98.69
2007-07-27,20.88,21.36,2.29,97.71
2007-07-30,20.89,21.58,3.31,96.69
2007-07-31,20.6,21.17,2.78,97.22
2007-08-01,20.82,20.96,0.69,99.31
2007-08-02,20.97,20.97,0.0,100.0
2007-08-03,20.58,20.78,0.98,99.02
2007-08-06,20.99,20.66,1.59,98.41
2007-08-07,21.0,20.59,1.94,98.06
2007-08-08,21.32,20.57,3.51,96.49
2007-08-09,20.82,20.39,2.08,97.92
2007-08-10,20.4,20.39,0.07,99.93
2007-08-13,20.34,20.14,1.0,99.0
2007-08-14,20.16,20.07,0.43,99.57
2007-08-15,20.04,20.07,0.18,99.82
2007-08-16,19.83,20.25,2.14,97.86
2007-08-17,20.14,20.38,1.19,98.81
2007-08-20,20.15,20.05,0.47,99.53
2007-08-21,20.01,19.87,0.72,99.28
2007-08-22,20.12,19.8,1.58,98.42
2007-08-23,20.18,20.05,0.61,99.39
2007-08-24,20.54,19.99,2.7,97.3
2007-08-27,20.31,19.91,1.98,98.02
2007-08-28,19.91,19.6,1.58,98.42
2007-08-29,20.38,20.05,1.62,98.38
2007-08-30,20.28,20.25,0.17,99.83
2007-08-31,20.48,20.28,1.02,98.98
2007-09-04,20.54,20.58,0.19,99.81
2007-09-05,20.31,20.41,0.53,99.47
2007-09-06,20.61,20.63,0.07,99.93
2007-09-07,20.28,20.28,0.01,99.99
2007-09-10,20.31,20.28,0.15,99.85
2007-09-11,20.63,20.58,0.23,99.77
2007-09-12,20.63,20.58,0.23,99.77
2007-09-13,20.79,21.01,1.05,98.95
2007-09-14,20.71,20.83,0.58,99.42
2007-09-17,20.48,20.83,1.66,98.34
2007-09-18,20.63,21.06,2.09,97.91
2007-09-19,20.44,20.71,1.29,98.71
2007-09-20,20.26,20.68,2.06,97.94
2007-09-21,20.43,20.68,1.24,98.76
2007-09-24,20.73,20.41,1.54,98.46
2007-09-25,21.08,20.66,1.97,98.03
2007-09-26,21.03,20.58,2.16,97.84
2007-09-27,21.03,20.73,1.42,98.58
2007-09-28,21.0,20.77,1.13,98.87
2007-10-01,21.23,21.17,0.25,99.75
2007-10-02,21.18,21.1,0.37,99.63
2007-10-03,21.0,20.88,0.54,99.46
2007-10-04,21.18,21.34,0.73,99.27
2007-10-05,21.28,21.61,1.56,98.44
2007-10-08,21.28,21.44,0.79,99.21
2007-10-09,21.46,21.83,1.71,98.29
2007-10-10,21.55,22.25,3.23,96.77
2007-10-11,21.33,22.01,3.2,96.8
2007-10-12,21.51,22.0,2.3,97.7
2007-10-15,21.42,21.59,0.8,99.2
2007-10-16,21.62,21.76,0.66,99.34
2007-10-17,22.16,22.41,1.14,98.86
2007-10-18,22.22,22.43,0.97,99.03
2007-10-19,21.51,21.7,0.88,99.12
2007-10-22,21.75,21.82,0.32,99.68
2007-10-23,22.03,22.14,0.49,99.51
2007-10-24,22.28,22.14,0.63,99.37
2007-10-25,22.81,22.39,1.85,98.15
2007-10-26,24.98,22.52,9.82,90.18
2007-10-29,24.65,23.28,5.55,94.45
2007-10-30,25.36,23.69,6.58,93.42
2007-10-31,26.25,24.29,7.44,92.56
2007-11-01,26.42,24.8,6.13,93.87
2007-11-02,26.42,25.23,4.51,95.49
2007-11-05,26.19,25.15,3.98,96.02
2007-11-06,25.96,25.59,1.42,98.58
2007-11-07,25.33,25.69,1.44,98.56
2007-11-08,24.77,25.69,3.73,96.27
2007-11-09,24.05,25.48,5.93,94.07
2007-11-12,23.8,25.29,6.28,93.72
2007-11-13,24.65,25.48,3.34,96.66
2007-11-14,24.27,25.03,3.12,96.88
2007-11-15,24.15,24.44,1.2,98.8
2007-11-16,24.39,24.53,0.6,99.4
2007-11-19,24.29,24.29,0.03,99.97
2007-11-20,24.74,24.17,2.3,97.7
2007-11-21,24.49,23.91,2.37,97.63
2007-11-23,24.4,23.91,2.03,97.97
2007-11-26,23.59,23.91,1.36,98.64
2007-11-27,23.65,23.45,0.84,99.16
2007-11-28,24.11,23.83,1.14,98.86
2007-11-29,24.03,23.96,0.29,99.71
2007-11-30,24.04,24.38,1.42,98.58
2007-12-03,23.55,24.1,2.34,97.66
2007-12-04,23.44,23.03,1.76,98.24
2007-12-05,24.43,23.77,2.69,97.31
2007-12-06,24.72,23.99,2.94,97.06
2007-12-07,24.7,23.89,3.28,96.72
2007-12-10,24.87,23.99,3.53,96.47
2007-12-11,24.39,24.1,1.2,98.8
2007-12-12,24.66,24.38,1.14,98.86
2007-12-13,25.19,24.62,2.29,97.71
2007-12-14,25.26,25.69,1.7,98.3
2007-12-17,24.6,25.18,2.37,97.63
2007-12-18,24.85,25.07,0.89,99.11
2007-12-19,24.89,25.18,1.2,98.8
2007-12-20,25.41,25.44,0.11,99.89
2007-12-21,25.8,25.83,0.14,99.86
2007-12-24,26.17,25.87,1.12,98.88
2007-12-26,26.19,25.82,1.42,98.58
2007-12-27,25.73,25.45,1.09,98.91
2007-12-28,25.84,25.53,1.21,98.79
2007-12-31,25.47,26.2,2.88,97.12
2008-01-02,25.19,26.23,4.09,95.91
2008-01-03,25.3,26.23,3.65,96.35
2008-01-04,24.59,25.59,4.07,95.93
2008-01-07,24.76,25.59,3.38,96.62
2008-01-08,23.93,24.61,2.83,97.17
2008-01-09,24.64,25.0,1.46,98.54
2008-01-10,24.56,24.63,0.28,99.72
2008-01-11,24.26,24.36,0.41,99.59
2008-01-14,24.6,24.32,1.15,98.85
2008-01-15,24.32,23.52,3.29,96.71
2008-01-16,23.77,23.52,1.05,98.95
2008-01-17,23.69,23.45,0.99,99.01
2008-01-18,23.61,23.45,0.69,99.31
2008-01-22,22.86,22.85,0.07,99.93
2008-01-23,22.84,22.85,0.02,99.98
2008-01-24,23.79,22.99,3.34,96.66
2008-01-25,23.56,22.79,3.28,96.72
2008-01-28,23.41,22.59,3.51,96.49
2008-01-29,23.32,22.82,2.14,97.86
2008-01-30,23.03,22.24,3.43,96.57
2008-01-31,23.32,22.52,3.44,96.56
2008-02-01,21.78,22.24,2.12,97.88
2008-02-04,21.6,22.12,2.45,97.55
2008-02-05,20.8,21.57,3.72,96.28
2008-02-06,20.4,21.41,4.93,95.07
2008-02-07,20.12,20.83,3.55,96.45
2008-02-08,20.43,20.73,1.45,98.55
2008-02-11,20.18,20.51,1.64,98.36
2008-02-12,20.27,20.26,0.04,99.96
2008-02-13,20.72,20.15,2.75,97.25
2008-02-14,20.39,19.72,3.29,96.71
2008-02-15,20.33,19.71,3.07,96.93
2008-02-19,20.23,19.71,2.59,97.41
2008-02-20,20.27,20.14,0.64,99.36
2008-02-21,20.18,20.14,0.22,99.78
2008-02-22,19.88,20.06,0.94,99.06
2008-02-25,19.99,19.69,1.53,98.47
2008-02-26,20.38,20.1,1.4,98.6
2008-02-27,20.29,20.29,0.02,99.98
2008-02-28,20.06,19.96,0.48,99.52
2008-02-29,19.53,19.51,0.11,99.89
2008-03-03,19.38,19.47,0.46,99.54
2008-03-04,19.81,19.72,0.45,99.55
2008-03-05,20.19,19.66,2.66,97.34
2008-03-06,19.8,19.61,0.97,99.03
2008-03-07,20.01,19.72,1.45,98.55
2008-03-10,20.14,19.92,1.11,98.89
2008-03-11,21.03,20.25,3.7,96.3
2008-03-12,20.56,20.08,2.32,97.68
2008-03-13,20.55,20.25,1.48,98.52
2008-03-14,20.08,19.95,0.67,99.33
2008-03-17,20.32,20.25,0.36,99.64
2008-03-18,21.13,20.58,2.59,97.41
2008-03-19,20.55,20.41,0.67,99.33
2008-03-20,20.95,20.63,1.56,98.44
2008-03-24,20.95,20.7,1.18,98.82
2008-03-25,20.93,21.05,0.6,99.4
2008-03-26,20.51,20.84,1.63,98.37
2008-03-27,20.14,20.84,3.48,96.52
2008-03-28,20.04,20.71,3.31,96.69
2008-03-31,20.38,20.71,1.6,98.4
2008-04-01,21.18,20.71,2.26,97.74
2008-04-02,20.94,20.84,0.46,99.54
2008-04-03,20.83,20.76,0.32,99.68
2008-04-04,20.94,21.01,0.33,99.67
2008-04-07,20.94,21.05,0.52,99.48
2008-04-08,20.65,20.53,0.58,99.42
2008-04-09,20.75,20.87,0.57,99.43
2008-04-10,20.9,20.72,0.88,99.12
2008-04-11,20.31,20.41,0.49,99.51
2008-04-14,20.15,20.34,0.94,99.06
2008-04-15,20.29,20.54,1.23,98.77
2008-04-16,20.79,21.01,1.06,98.94
2008-04-17,20.98,21.06,0.35,99.65
2008-04-18,21.54,21.17,1.73,98.27
2008-04-21,21.85,21.05,3.64,96.36
2008-04-22,21.72,21.09,2.91,97.09
2008-04-23,22.59,21.76,3.65,96.35
2008-04-24,22.84,21.95,3.9,96.1
2008-04-25,21.42,21.37,0.26,99.74
2008-04-28,20.82,21.23,1.97,98.03
2008-04-29,20.57,21.01,2.17,97.83
2008-04-30,20.48,20.87,1.9,98.1
2008-05-01,21.11,21.27,0.76,99.24
2008-05-02,21.0,21.05,0.26,99.74
2008-05-05,20.88,20.93,0.23,99.77
2008-05-06,21.33,20.93,1.86,98.14
2008-05-07,20.98,20.79,0.88,99.12
2008-05-08,21.02,20.57,2.13,97.87
2008-05-09,21.11,20.57,2.53,97.47
2008-05-12,21.54,21.04,2.33,97.67
2008-05-13,21.46,20.7,3.58,96.42
2008-05-14,21.57,20.59,4.56,95.44
2008-05-15,21.95,21.38,2.57,97.43
2008-05-16,21.62,21.64,0.1,99.9
2008-05-19,21.23,21.63,1.87,98.13
2008-05-20,20.73,21.51,3.76,96.24
2008-05-21,20.36,20.92,2.75,97.25
2008-05-22,20.52,20.93,1.98,98.02
2008-05-23,20.22,20.74,2.58,97.42
2008-05-27,20.5,20.63,0.63,99.37
2008-05-28,20.31,20.65,1.68,98.32
2008-05-29,20.41,20.45,0.2,99.8
2008-05-30,20.41,20.38,0.15,99.85
2008-06-02,20.04,20.07,0.16,99.84
2008-06-03,19.68,20.03,1.76,98.24
2008-06-04,19.85,19.6,1.26,98.74
2008-06-05,20.4,19.6,3.91,96.09
2008-06-06,19.81,19.27,2.75,97.25
2008-06-09,19.97,19.46,2.56,97.44
2008-06-10,20.1,19.64,2.28,97.72
2008-06-11,19.55,19.58,0.17,99.83
2008-06-12,20.35,19.92,2.14,97.86
2008-06-13,20.95,20.25,3.36,96.64
2008-06-16,20.85,20.08,3.69,96.31
2008-06-17,20.76,20.08,3.25,96.75
2008-06-18,20.51,19.95,2.77,97.23
2008-06-19,20.85,20.41,2.1,97.9
2008-06-20,20.35,20.41,0.33,99.67
2008-06-23,20.16,20.41,1.26,98.74
2008-06-24,19.99,20.28,1.45,98.55
2008-06-25,20.43,20.28,0.77,99.23
2008-06-26,20.0,20.28,1.37,98.63
2008-06-27,19.91,20.25,1.69,98.31
2008-06-30,19.83,20.03,1.04,98.96
2008-07-01,19.37,20.18,4.19,95.81
2008-07-02,18.65,19.2,2.91,97.09
2008-07-03,18.73,19.14,2.23,97.77
2008-07-07,18.76,19.14,2.04,97.96
2008-07-08,18.63,18.71,0.41,99.59
2008-07-09,18.19,18.68,2.72,97.28
2008-07-10,18.34,18.44,0.51,99.49
2008-07-11,18.2,18.16,0.19,99.81
2008-07-14,18.13,18.16,0.21,99.79
2008-07-15,18.85,18.42,2.27,97.73
2008-07-16,19.65,18.55,5.57,94.43
2008-07-17,19.84,18.87,4.88,95.12
2008-07-18,18.64,18.49,0.81,99.19
2008-07-21,18.48,18.49,0.04,99.96
2008-07-22,18.6,18.6,0.04,99.96
2008-07-23,19.05,18.72,1.74,98.26
2008-07-24,18.34,18.35,0.08,99.92
2008-07-25,18.86,18.56,1.57,98.43
2008-07-28,18.38,18.53,0.84,99.16
2008-07-29,18.82,18.7,0.65,99.35
2008-07-30,18.91,19.0,0.48,99.52
2008-07-31,18.54,18.88,1.82,98.18
2008-08-01,18.34,18.82,2.65,97.35
2008-08-04,18.22,18.6,2.09,97.91
2008-08-05,18.89,18.6,1.53,98.47
2008-08-06,19.48,18.67,4.15,95.85
2008-08-07,19.74,19.12,3.15,96.85
2008-08-08,20.28,19.24,5.11,94.89
2008-08-11,20.11,19.14,4.82,95.18
2008-08-12,20.27,19.35,4.52,95.48
2008-08-13,20.12,19.86,1.28,98.72
2008-08-14,20.12,19.83,1.41,98.59
2008-08-15,20.04,20.38,1.66,98.34
2008-08-18,19.96,20.29,1.69,98.31
2008-08-19,19.77,20.19,2.12,97.88
2008-08-20,19.75,20.29,2.77,97.23
2008-08-21,19.67,20.38,3.61,96.39
2008-08-22,20.15,20.53,1.92,98.08
2008-08-25,20.02,20.39,1.88,98.12
2008-08-26,19.73,20.01,1.4,98.6
2008-08-27,19.94,20.01,0.34,99.66
2008-08-28,20.22,19.85,1.84,98.16
2008-08-29,19.75,19.65,0.49,99.51
2008-09-02,19.61,19.47,0.73,99.27
2008-09-03,19.47,19.47,0.0,100.0
2008-09-04,19.07,19.2,0.67,99.33
2008-09-05,18.56,19.17,3.26,96.74
2008-09-08,18.9,19.37,2.48,97.52
2008-09-09,18.89,19.0,0.61,99.39
2008-09-10,19.13,19.12,0.08,99.92
2008-09-11,19.78,19.17,3.13,96.87
2008-09-12,19.99,19.08,4.55,95.45
2008-09-15,19.41,18.88,2.71,97.29
2008-09-16,18.81,18.8,0.04,99.96
2008-09-17,17.78,18.43,3.64,96.36
2008-09-18,18.28,18.33,0.27,99.73
2008-09-19,18.21,18.42,1.17,98.83
2008-09-22,18.38,18.22,0.9,99.1
2008-09-23,18.41,18.07,1.82,98.18
2008-09-24,18.61,18.22,2.11,97.89
2008-09-25,19.26,18.61,3.34,96.66
2008-09-26,19.83,18.64,6.0,94.0
2008-09-29,18.1,18.35,1.4,98.6
2008-09-30,19.31,18.57,3.84,96.16
2008-10-01,19.16,18.66,2.6,97.4
2008-10-02,19.0,18.66,1.75,98.25
2008-10-03,19.05,18.74,1.63,98.37
2008-10-06,18.03,18.63,3.34,96.66
2008-10-07,16.81,18.63,10.81,89.19
2008-10-08,16.65,18.17,9.14,90.86
2008-10-09,16.14,17.84,10.58,89.42
2008-10-10,15.56,17.35,11.54,88.46
2008-10-13,18.45,17.74,3.85,96.15
2008-10-14,17.44,17.19,1.42,98.58
2008-10-15,16.4,16.86,2.85,97.15
2008-10-16,17.5,16.61,5.09,94.91
2008-10-17,17.32,16.78,3.07,96.93
2008-10-20,17.89,16.73,6.46,93.54
2008-10-21,16.9,16.56,2.04,97.96
2008-10-22,15.58,16.67,6.99,93.01
2008-10-23,16.15,16.78,3.87,96.13
2008-10-24,15.89,16.38,3.09,96.91
2008-10-27,15.33,16.34,6.6,93.4
2008-10-28,16.72,16.49,1.34,98.66
2008-10-29,16.64,16.49,0.91,99.09
2008-10-30,16.38,16.63,1.55,98.45
2008-10-31,16.16,16.12,0.23,99.77
2008-11-03,16.37,16.29,0.49,99.51
2008-11-04,17.03,16.59,2.54,97.46
2008-11-05,15.98,16.15,1.08,98.92
2008-11-06,15.11,16.08,6.45,93.55
2008-11-07,15.56,16.06,3.24,96.76
2008-11-10,15.41,16.15,4.79,95.21
2008-11-11,15.34,16.31,6.3,93.7
2008-11-12,14.69,15.94,8.5,91.5
2008-11-13,15.38,15.87,3.23,96.77
2008-11-14,14.52,15.82,8.99,91.01
2008-11-17,13.98,15.2,8.76,91.24
2008-11-18,14.29,15.08,5.47,94.53
2008-11-19,13.33,14.6,9.54,90.46
2008-11-20,12.77,14.27,11.71,88.29
2008-11-21,14.34,14.5,1.1,98.9
2008-11-24,15.07,14.5,3.83,96.17
2008-11-25,14.56,14.57,0.05,99.95
2008-11-26,14.93,14.64,1.91,98.09
2008-11-28,14.73,14.57,1.08,98.92
2008-12-01,13.56,14.46,6.64,93.36
2008-12-02,13.95,14.49,3.84,96.16
2008-12-03,14.48,14.56,0.57,99.43
2008-12-04,13.92,14.49,4.06,95.94
2008-12-05,14.48,14.58,0.75,99.25
2008-12-08,15.31,14.79,3.37,96.63
2008-12-09,15.01,14.72,1.9,98.1
2008-12-10,15.02,14.8,1.43,98.57
2008-12-11,14.17,14.79,4.38,95.62
2008-12-12,14.1,14.56,3.22,96.78
2008-12-15,13.87,14.44,4.08,95.92
2008-12-16,14.65,14.58,0.46,99.54
2008-12-17,14.32,14.49,1.14,98.86
2008-12-18,14.06,14.49,3.03,96.97
2008-12-19,13.93,14.54,4.42,95.58
2008-12-22,13.97,14.41,3.1,96.9
2008-12-23,14.05,14.31,1.87,98.13
2008-12-24,13.97,14.41,3.15,96.85
2008-12-26,13.94,13.87,0.49,99.51
2008-12-29,13.81,13.65,1.21,98.79
2008-12-30,14.09,13.77,2.29,97.71
2008-12-31,14.16,13.79,2.63,97.37
2009-01-02,14.81,14.18,4.25,95.75
2009-01-05,14.95,14.72,1.54,98.46
2009-01-06,15.12,14.84,1.88,98.12
2009-01-07,14.21,14.31,0.67,99.33
2009-01-08,14.66,14.88,1.48,98.52
2009-01-09,14.22,14.41,1.3,98.7
2009-01-12,14.18,14.54,2.54,97.46
2009-01-13,14.44,14.59,1.03,98.97
2009-01-14,13.91,14.38,3.4,96.6
2009-01-15,14.02,13.97,0.36,99.64
2009-01-16,14.36,14.1,1.77,98.23
2009-01-20,13.46,13.92,3.4,96.6
2009-01-21,14.12,13.97,1.08,98.92
2009-01-22,12.47,13.79,10.65,89.35
2009-01-23,12.53,13.68,9.14,90.86
2009-01-26,12.84,13.93,8.49,91.51
2009-01-27,12.87,13.85,7.68,92.32
2009-01-28,13.14,13.32,1.33,98.67
2009-01-29,12.82,13.26,3.44,96.56
2009-01-30,12.46,13.26,6.4,93.6
2009-02-02,12.99,13.32,2.53,97.47
2009-02-03,13.48,13.19,2.14,97.86
2009-02-04,13.57,13.24,2.44,97.56
2009-02-05,13.87,13.26,4.39,95.61
2009-02-06,14.32,13.97,2.49,97.51
2009-02-09,14.16,14.15,0.11,99.89
2009-02-10,13.7,13.87,1.26,98.74
2009-02-11,14.0,14.38,2.74,97.26
2009-02-12,14.03,14.38,2.48,97.52
2009-02-13,13.91,14.28,2.67,97.33
2009-02-17,13.27,13.44,1.31,98.69
2009-02-18,13.29,13.31,0.1,99.9
2009-02-19,13.14,13.44,2.33,97.67
2009-02-20,13.2,13.52,2.4,97.6
2009-02-23,12.62,13.21,4.63,95.37
2009-02-24,12.59,13.11,4.06,95.94
2009-02-25,12.44,13.09,5.19,94.81
2009-02-26,12.04,12.95,7.53,92.47
2009-02-27,11.85,12.26,3.51,96.49
2009-03-02,11.58,12.26,5.86,94.14
2009-03-03,11.65,11.54,0.95,99.05
2009-03-04,11.82,11.54,2.43,97.57
2009-03-05,11.2,11.54,3.01,96.99
2009-03-06,11.21,11.54,2.94,97.06
2009-03-09,11.11,11.54,3.82,96.18
2009-03-10,12.09,11.68,3.36,96.64
2009-03-11,12.55,11.81,5.94,94.06
2009-03-12,12.48,11.76,5.79,94.21
2009-03-13,12.21,11.81,3.34,96.66
2009-03-16,11.92,11.81,0.96,99.04
2009-03-17,12.4,11.88,4.19,95.81
2009-03-18,12.44,12.04,3.22,96.78
2009-03-19,12.57,12.11,3.69,96.31
2009-03-20,12.51,12.12,3.11,96.89
2009-03-23,13.45,12.34,8.25,91.75
2009-03-24,13.15,12.97,1.37,98.63
2009-03-25,13.12,13.08,0.31,99.69
2009-03-26,13.81,13.12,5.0,95.0
2009-03-27,13.3,13.07,1.7,98.3
2009-03-30,12.82,12.83,0.08,99.92
2009-03-31,13.48,13.51,0.27,99.73
2009-04-01,14.16,13.72,3.15,96.85
2009-04-02,14.15,13.72,3.05,96.95
2009-04-03,13.75,13.72,0.26,99.74
2009-04-06,13.76,13.65,0.8,99.2
2009-04-07,13.76,13.62,1.04,98.96
2009-04-08,14.08,13.69,2.73,97.27
2009-04-09,14.43,13.72,4.92,95.08
2009-04-13,14.37,13.52,5.91,94.09
2009-04-14,14.19,14.21,0.15,99.85
2009-04-15,13.81,14.17,2.61,97.39
2009-04-16,14.49,14.17,2.22,97.78
2009-04-17,14.08,14.17,0.63,99.37
2009-04-20,13.65,14.17,3.82,96.18
2009-04-21,13.92,14.1,1.36,98.64
2009-04-22,13.78,13.87,0.68,99.32
2009-04-23,13.88,13.87,0.07,99.93
2009-04-24,15.34,14.38,6.25,93.75
2009-04-27,14.96,14.21,5.01,94.99
2009-04-28,14.62,14.17,3.06,96.94
2009-04-29,14.85,14.17,4.59,95.41
2009-04-30,14.86,14.1,5.09,94.91
2009-05-01,14.85,14.1,5.0,95.0
2009-05-04,14.81,14.59,1.5,98.5
2009-05-05,14.52,14.61,0.66,99.34
2009-05-06,14.52,14.74,1.52,98.48
2009-05-07,14.17,14.74,3.99,96.01
2009-05-08,14.25,14.94,4.9,95.1
2009-05-11,14.17,14.44,1.86,98.14
2009-05-12,14.59,14.99,2.71,97.29
2009-05-13,14.49,14.94,3.15,96.85
2009-05-14,14.71,14.56,1.05,98.95
2009-05-15,14.83,14.69,0.95,99.05
2009-05-18,15.11,14.99,0.83,99.17
2009-05-19,14.99,15.05,0.4,99.6
2009-05-20,15.04,14.88,1.12,98.88
2009-05-21,14.63,14.64,0.06,99.94
2009-05-22,14.58,14.64,0.41,99.59
2009-05-26,15.02,14.94,0.48,99.52
2009-05-27,14.86,14.92,0.39,99.61
2009-05-28,15.1,15.15,0.36,99.64
2009-05-29,15.42,15.17,1.62,98.38
2009-06-01,15.8,15.94,0.88,99.12
2009-06-02,15.8,15.9,0.68,99.32
2009-06-03,16.04,15.94,0.65,99.35
2009-06-04,16.11,15.92,1.21,98.79
2009-06-05,16.34,15.94,2.49,97.51
2009-06-08,16.28,16.22,0.38,99.62
2009-06-09,16.3,16.23,0.41,99.59
2009-06-10,16.65,16.27,2.29,97.71
2009-06-11,16.85,16.75,0.61,99.39
2009-06-12,17.22,16.75,2.77,97.23
2009-06-15,17.29,16.75,3.14,96.86
2009-06-16,17.31,16.75,3.27,96.73
2009-06-17,17.48,17.09,2.24,97.76
2009-06-18,17.35,17.36,0.05,99.95
2009-06-19,17.77,17.48,1.63,98.37
2009-06-22,17.19,17.57,2.22,97.78
2009-06-23,17.23,17.66,2.48,97.52
2009-06-24,17.33,17.66,1.92,98.08
2009-06-25,17.56,17.63,0.39,99.61
2009-06-26,17.24,17.46,1.32,98.68
2009-06-29,17.61,17.63,0.1,99.9
2009-06-30,17.55,17.72,1.0,99.0
2009-07-01,17.75,17.72,0.14,99.86
2009-07-02,17.25,17.39,0.79,99.21
2009-07-06,17.13,17.24,0.66,99.34
2009-07-07,16.63,17.12,2.92,97.08
2009-07-08,16.65,17.09,2.62,97.38
2009-07-09,16.57,17.09,3.18,96.82
2009-07-10,16.53,16.56,0.18,99.82
2009-07-13,17.15,17.12,0.19,99.81
2009-07-14,17.06,16.99,0.4,99.6
2009-07-15,17.81,17.22,3.3,96.7
2009-07-16,18.04,17.32,3.99,96.01
2009-07-17,17.93,17.35,3.26,96.74
2009-07-20,18.11,17.35,4.2,95.8
2009-07-21,18.33,17.88,2.43,97.57
2009-07-22,18.31,17.84,2.54,97.46
2009-07-23,18.87,18.13,3.92,96.08
2009-07-24,17.31,17.91,3.49,96.51
2009-07-27,17.06,18.05,5.82,94.18
2009-07-28,17.33,17.82,2.84,97.16
2009-07-29,17.57,17.85,1.61,98.39
2009-07-30,17.58,17.73,0.89,99.11
2009-07-31,17.36,17.52,0.89,99.11
2009-08-03,17.59,17.66,0.37,99.63
2009-08-04,17.55,17.47,0.46,99.54
2009-08-05,17.58,17.42,0.92,99.08
2009-08-06,17.32,17.35,0.16,99.84
2009-08-07,17.39,17.3,0.55,99.45
2009-08-10,17.29,17.16,0.73,99.27
2009-08-11,17.07,17.15,0.45,99.55
2009-08-12,17.37,16.99,2.21,97.79
2009-08-13,17.44,17.69,1.45,98.55
2009-08-14,17.49,17.85,2.08,97.92
2009-08-17,17.16,17.42,1.47,98.53
2009-08-18,17.5,17.61,0.61,99.39
2009-08-19,17.56,17.61,0.31,99.69
2009-08-20,17.57,17.78,1.19,98.81
2009-08-21,18.12,17.89,1.27,98.73
2009-08-24,18.29,18.02,1.49,98.51
2009-08-25,18.29,18.02,1.49,98.51
2009-08-26,18.22,18.11,0.61,99.39
2009-08-27,18.33,18.39,0.35,99.65
2009-08-28,18.32,18.41,0.47,99.53
2009-08-31,18.3,18.91,3.36,96.64
2009-09-01,17.82,18.56,4.15,95.85
2009-09-02,17.71,18.52,4.57,95.43
2009-09-03,17.9,18.55,3.62,96.38
2009-09-04,18.28,18.78,2.77,97.23
2009-09-08,18.43,18.77,1.86,98.14
2009-09-09,18.4,18.7,1.66,98.34
2009-09-10,18.56,18.77,1.13,98.87
2009-09-11,18.45,18.58,0.65,99.35
2009-09-14,18.56,18.58,0.09,99.91
2009-09-15,18.71,18.73,0.1,99.9
2009-09-16,18.71,18.76,0.27,99.73
2009-09-17,18.78,18.76,0.12,99.88
2009-09-18,18.75,18.76,0.03,99.97
2009-09-21,18.78,19.07,1.54,98.46
2009-09-22,19.13,19.46,1.72,98.28
2009-09-23,19.09,19.44,1.88,98.12
2009-09-24,19.26,19.44,0.97,99.03
2009-09-25,18.97,19.25,1.47,98.53
2009-09-28,19.17,19.26,0.44,99.56
2009-09-29,19.12,19.25,0.68,99.32
2009-09-30,19.09,19.39,1.54,98.46
2009-10-01,18.47,19.09,3.38,96.62
2009-10-02,18.53,19.01,2.58,97.42
2009-10-05,18.29,18.48,1.05,98.95
2009-10-06,18.64,18.8,0.84,99.16
2009-10-07,18.63,18.65,0.11,99.89
2009-10-08,19.06,18.96,0.5,99.5
2009-10-09,18.97,18.96,0.03,99.97
2009-10-12,19.09,18.8,1.55,98.45
2009-10-13,19.16,18.82,1.76,98.24
2009-10-14,19.27,18.82,2.33,97.67
2009-10-15,19.83,19.41,2.11,97.89
2009-10-16,19.67,19.45,1.14,98.86
2009-10-19,19.57,19.69,0.62,99.38
2009-10-20,19.58,19.69,0.58,99.42
2009-10-21,19.73,19.95,1.11,98.89
2009-10-22,19.74,19.95,1.07,98.93
2009-10-23,20.8,20.11,3.34,96.66
2009-10-26,21.29,20.71,2.73,97.27
2009-10-27,21.22,20.81,1.96,98.04
2009-10-28,20.8,20.51,1.42,98.58
2009-10-29,20.95,20.53,1.99,98.01
2009-10-30,20.59,20.46,0.6,99.4
2009-11-02,20.7,20.79,0.46,99.54
2009-11-03,20.44,20.63,0.94,99.06
2009-11-04,20.83,20.98,0.74,99.26
2009-11-05,21.13,21.15,0.09,99.91
2009-11-06,21.17,21.4,1.08,98.92
2009-11-09,21.52,21.4,0.54,99.46
2009-11-10,21.54,21.65,0.53,99.47
2009-11-11,21.62,21.69,0.34,99.66
2009-11-12,21.8,21.55,1.11,98.89
2009-11-13,22.0,21.59,1.87,98.13
2009-11-16,21.93,21.59,1.57,98.43
2009-11-17,22.37,22.24,0.56,99.44
2009-11-18,22.45,22.42,0.16,99.84
2009-11-19,22.2,22.56,1.6,98.4
2009-11-20,22.09,22.99,4.11,95.89
2009-11-23,22.32,23.3,4.37,95.63
2009-11-24,22.3,23.14,3.75,96.25
2009-11-25,22.21,22.99,3.51,96.49
2009-11-27,21.79,22.54,3.48,96.52
2009-11-30,21.93,22.4,2.14,97.86
2009-12-01,22.38,22.65,1.23,98.77
2009-12-02,22.2,22.51,1.38,98.62
2009-12-03,22.24,22.4,0.7,99.3
2009-12-04,22.35,22.37,0.09,99.91
2009-12-07,22.21,22.28,0.29,99.71
2009-12-08,22.05,21.94,0.51,99.49
2009-12-09,22.15,21.94,0.98,99.02
2009-12-10,22.27,22.2,0.32,99.68
2009-12-11,22.26,22.32,0.28,99.72
2009-12-14,22.45,22.32,0.58,99.42
2009-12-15,22.38,22.2,0.82,99.18
2009-12-16,22.44,22.48,0.17,99.83
2009-12-17,22.07,22.58,2.31,97.69
2009-12-18,22.64,22.72,0.38,99.62
2009-12-21,22.76,22.6,0.67,99.33
2009-12-22,22.98,22.89,0.39,99.61
2009-12-23,23.06,22.89,0.72,99.28
2009-12-24,23.11,22.88,1.02,98.98
2009-12-28,23.24,23.14,0.45,99.55
2009-12-29,23.41,23.4,0.01,99.99
2009-12-30,23.08,23.57,2.08,97.92
2009-12-31,22.73,23.28,2.45,97.55
2010-01-04,23.08,23.4,1.41,98.59
2010-01-05,23.08,23.4,1.35,98.65
2010-01-06,22.94,23.28,1.48,98.52
2010-01-07,22.7,23.16,2.01,97.99
2010-01-08,22.86,23.4,2.37,97.63
2010-01-11,22.57,22.85,1.24,98.76
2010-01-12,22.42,22.65,1.04,98.96
2010-01-13,22.63,22.14,2.15,97.85
2010-01-14,23.08,22.36,3.13,96.87
2010-01-15,23.01,22.34,2.92,97.08
2010-01-19,23.19,22.34,3.67,96.33
2010-01-20,22.81,22.02,3.44,96.56
2010-01-21,22.38,22.0,1.69,98.31
2010-01-22,21.59,21.89,1.37,98.63
2010-01-25,21.86,21.87,0.03,99.97
2010-01-26,22.0,21.89,0.48,99.52
2010-01-27,22.12,22.0,0.56,99.44
2010-01-28,21.74,21.79,0.21,99.79
2010-01-29,21.01,21.48,2.24,97.76
2010-02-01,21.18,21.67,2.31,97.69
2010-02-02,21.22,21.11,0.53,99.47
2010-02-03,21.35,20.78,2.67,97.33
2010-02-04,20.76,20.41,1.66,98.34
2010-02-05,20.89,20.47,2.04,97.96
2010-02-08,20.67,20.35,1.55,98.45
2010-02-09,20.89,20.47,2.0,98.0
2010-02-10,20.87,20.47,1.93,98.07
2010-02-11,20.97,20.78,0.9,99.1
2010-02-12,20.83,20.65,0.85,99.15
2010-02-16,21.24,20.78,2.16,97.84
2010-02-17,21.42,20.78,2.99,97.01
2010-02-18,21.7,21.12,2.69,97.31
2010-02-19,21.55,21.5,0.25,99.75
2010-02-22,21.52,21.36,0.76,99.24
2010-02-23,21.22,21.25,0.13,99.87
2010-02-24,21.45,21.37,0.37,99.63
2010-02-25,21.42,21.78,1.66,98.34
2010-02-26,21.48,21.78,1.41,98.59
2010-03-01,21.74,22.19,2.09,97.91
2010-03-02,21.32,21.63,1.45,98.55
2010-03-03,21.32,21.63,1.45,98.55
2010-03-04,21.45,21.63,0.86,99.14
2010-03-05,21.42,21.78,1.68,98.32
2010-03-08,21.45,21.51,0.29,99.71
2010-03-09,21.57,21.51,0.3,99.7
2010-03-10,21.7,21.39,1.44,98.56
2010-03-11,21.86,21.63,1.04,98.96
2010-03-12,21.93,21.74,0.83,99.17
2010-03-15,21.94,22.39,2.03,97.97
2010-03-16,22.0,22.3,1.37,98.63
2010-03-17,22.2,22.39,0.86,99.14
2010-03-18,22.18,22.96,3.53,96.47
2010-03-19,22.17,22.72,2.48,97.52
2010-03-22,22.17,22.97,3.61,96.39
2010-03-23,22.38,22.97,2.64,97.36
2010-03-24,22.21,23.14,4.17,95.83
2010-03-25,22.48,23.3,3.64,96.36
2010-03-26,22.22,22.96,3.35,96.65
2010-03-29,22.17,22.72,2.48,97.52
2010-03-30,22.3,22.72,1.86,98.14
2010-03-31,21.94,22.16,0.98,99.02
2010-04-01,21.84,22.01,0.75,99.25
2010-04-05,21.93,22.13,0.94,99.06
2010-04-06,21.96,22.13,0.77,99.23
2010-04-07,21.99,21.94,0.23,99.77
2010-04-08,22.41,22.32,0.42,99.58
2010-04-09,22.73,22.56,0.76,99.24
2010-04-12,22.71,22.56,0.7,99.3
2010-04-13,22.81,22.44,1.62,98.38
2010-04-14,23.09,22.72,1.61,98.39
2010-04-15,23.13,22.79,1.46,98.54
2010-04-16,22.98,22.88,0.42,99.58
2010-04-19,23.25,23.13,0.54,99.46
2010-04-20,23.49,23.16,1.43,98.57
2010-04-21,23.47,23.67,0.84,99.16
2010-04-22,23.51,23.76,1.02,98.98
2010-04-23,23.19,23.86,2.86,97.14
2010-04-26,23.31,24.02,3.08,96.92
2010-04-27,23.11,23.91,3.46,96.54
2010-04-28,23.16,23.66,2.19,97.81
2010-04-29,23.22,23.51,1.22,98.78
2010-04-30,22.88,23.23,1.52,98.48
2010-05-03,23.12,23.36,1.07,98.93
2010-05-04,22.57,22.68,0.47,99.53
2010-05-05,22.36,22.57,0.93,99.07
2010-05-06,21.71,22.2,2.26,97.74
2010-05-07,21.13,21.6,2.22,97.78
2010-05-10,21.68,21.68,0.01,99.99
2010-05-11,21.63,21.52,0.55,99.45
2010-05-12,22.05,21.12,4.23,95.77
2010-05-13,21.9,21.2,3.21,96.79
2010-05-14,21.67,20.94,3.39,96.61
2010-05-17,21.68,20.94,3.42,96.58
2010-05-18,21.52,20.94,2.71,97.29
2010-05-19,21.25,20.94,1.47,98.53
2010-05-20,20.4,20.87,2.31,97.69
2010-05-21,20.2,20.79,2.91,97.09
2010-05-24,19.77,20.6,4.19,95.81
2010-05-25,19.62,20.35,3.72,96.28
2010-05-26,18.82,20.02,6.38,93.62
2010-05-27,19.57,19.85,1.43,98.57
2010-05-28,19.41,19.31,0.54,99.46
2010-06-01,19.48,19.31,0.89,99.11
2010-06-02,19.91,18.83,5.41,94.59
2010-06-03,20.21,18.83,6.82,93.18
2010-06-04,19.41,18.83,2.95,97.05
2010-06-07,19.03,18.83,1.04,98.96
2010-06-08,18.9,18.76,0.71,99.29
2010-06-09,18.65,18.76,0.57,99.43
2010-06-10,18.81,18.94,0.7,99.3
2010-06-11,19.31,18.89,2.15,97.85
2010-06-14,19.19,18.97,1.12,98.88
2010-06-15,20.0,19.33,3.34,96.66
2010-06-16,19.81,19.51,1.5,98.5
2010-06-17,19.84,19.58,1.35,98.65
2010-06-18,19.9,19.67,1.12,98.88
2010-06-21,19.53,19.86,1.72,98.28
2010-06-22,19.39,19.64,1.3,98.7
2010-06-23,19.05,19.39,1.81,98.19
2010-06-24,18.81,19.55,3.9,96.1
2010-06-25,18.46,19.55,5.89,94.11
2010-06-28,18.29,19.11,4.46,95.54
2010-06-29,17.54,18.69,6.57,93.43
2010-06-30,17.32,18.22,5.21,94.79
2010-07-01,17.43,17.87,2.53,97.47
2010-07-02,17.51,17.73,1.24,98.76
2010-07-06,17.92,17.3,3.49,96.51
2010-07-07,18.29,17.35,5.11,94.89
2010-07-08,18.37,17.35,5.54,94.46
2010-07-09,18.26,17.35,4.99,95.01
2010-07-12,18.68,17.66,5.47,94.53
2010-07-13,18.91,18.18,3.85,96.15
2010-07-14,19.14,18.39,3.91,96.09
2010-07-15,19.2,18.67,2.72,97.28
2010-07-16,18.73,18.97,1.3,98.7
2010-07-19,18.99,19.04,0.3,99.7
2010-07-20,19.17,19.3,0.67,99.33
2010-07-21,18.9,19.29,2.03,97.97
2010-07-22,19.44,19.33,0.59,99.41
2010-07-23,19.42,19.53,0.55,99.45
2010-07-26,19.64,19.55,0.47,99.53
2010-07-27,19.69,19.69,0.03,99.97
2010-07-28,19.53,19.61,0.42,99.58
2010-07-29,19.59,19.69,0.52,99.48
2010-07-30,19.42,19.75,1.69,98.31
2010-08-02,19.81,19.82,0.06,99.94
2010-08-03,19.69,19.7,0.09,99.91
2010-08-04,19.36,19.4,0.19,99.81
2010-08-05,19.09,19.66,3.01,96.99
2010-08-06,19.23,19.52,1.55,98.45
2010-08-09,19.27,19.39,0.59,99.41
2010-08-10,18.87,19.36,2.63,97.37
2010-08-11,18.71,18.91,1.1,98.9
2010-08-12,18.43,18.48,0.28,99.72
2010-08-13,18.36,18.42,0.31,99.69
2010-08-16,18.44,18.21,1.23,98.77
2010-08-17,18.69,18.4,1.56,98.44
2010-08-18,18.78,18.41,1.94,98.06
2010-08-19,18.49,18.35,0.73,99.27
2010-08-20,18.33,18.13,1.1,98.9
2010-08-23,18.37,18.14,1.25,98.75
2010-08-24,18.19,18.17,0.08,99.92
2010-08-25,18.23,18.17,0.33,99.67
2010-08-26,18.02,18.13,0.6,99.4
2010-08-27,18.1,17.86,1.35,98.65
2010-08-30,17.88,17.86,0.14,99.86
2010-08-31,17.76,17.72,0.21,99.79
2010-09-01,18.08,18.08,0.01,99.99
2010-09-02,18.11,18.15,0.2,99.8
2010-09-03,18.38,18.34,0.18,99.82
2010-09-07,18.13,17.96,0.9,99.1
2010-09-08,18.1,17.9,1.15,98.85
2010-09-09,18.16,18.08,0.47,99.53
2010-09-10,18.04,18.08,0.2,99.8
2010-09-13,19.0,18.62,2.0,98.0
2010-09-14,18.94,18.62,1.65,98.35
2010-09-15,19.0,18.66,1.83,98.17
2010-09-16,19.16,18.8,1.87,98.13
2010-09-17,19.08,18.86,1.13,98.87
2010-09-20,19.24,18.98,1.36,98.64
2010-09-21,19.03,19.26,1.23,98.77
2010-09-22,18.62,19.03,2.21,97.79
2010-09-23,18.48,19.0,2.83,97.17
2010-09-24,18.75,19.0,1.37,98.63
2010-09-27,18.71,19.07,1.94,98.06
2010-09-28,18.67,19.04,1.97,98.03
2010-09-29,18.53,19.0,2.53,97.47
2010-09-30,18.53,19.03,2.71,97.29
2010-10-01,18.44,18.35,0.51,99.49
2010-10-04,18.09,18.17,0.46,99.54
2010-10-05,18.42,18.42,0.02,99.98
2010-10-06,18.48,18.35,0.72,99.28
2010-10-07,18.56,18.14,2.23,97.77
2010-10-08,18.59,18.04,2.96,97.04
2010-10-11,18.6,18.14,2.46,97.54
2010-10-12,18.78,18.65,0.72,99.28
2010-10-13,19.17,19.18,0.04,99.96
2010-10-14,19.09,19.03,0.3,99.7
2010-10-15,19.32,19.18,0.75,99.25
2010-10-18,19.53,19.25,1.47,98.53
2010-10-19,18.99,19.03,0.21,99.79
2010-10-20,19.15,19.28,0.69,99.31
2010-10-21,19.23,19.36,0.67,99.33
2010-10-22,19.2,19.51,1.59,98.41
2010-10-25,19.06,19.52,2.41,97.59
2010-10-26,19.59,19.66,0.36,99.64
2010-10-27,19.71,19.92,1.07,98.93
2010-10-28,19.88,19.92,0.2,99.8
2010-10-29,20.18,19.96,1.06,98.94
2010-11-01,20.39,19.96,2.08,97.92
2010-11-02,20.72,19.97,3.62,96.38
2010-11-03,20.45,20.36,0.42,99.58
2010-11-04,20.53,20.39,0.67,99.33
2010-11-05,20.31,20.22,0.46,99.54
2010-11-08,20.28,20.49,1.02,98.98
2010-11-09,20.39,20.49,0.5,99.5
2010-11-10,20.38,20.48,0.47,99.53
2010-11-11,20.18,20.32,0.7,99.3
2010-11-12,19.87,20.59,3.6,96.4
2010-11-15,19.82,20.34,2.63,97.37
2010-11-16,19.65,20.18,2.71,97.29
2010-11-17,19.46,19.9,2.26,97.74
2010-11-18,19.67,19.51,0.82,99.18
2010-11-19,19.55,19.2,1.83,98.17
2010-11-22,19.58,19.14,2.25,97.75
2010-11-23,19.12,19.14,0.12,99.88
2010-11-24,19.31,19.14,0.86,99.14
2010-11-26,19.22,19.16,0.29,99.71
2010-11-29,19.27,19.17,0.51,99.49
2010-11-30,19.23,19.11,0.59,99.41
2010-12-01,19.82,19.04,3.93,96.07
2010-12-02,20.47,19.58,4.36,95.64
2010-12-03,20.57,19.78,3.81,96.19
2010-12-06,20.43,20.19,1.19,98.81
2010-12-07,20.45,20.26,0.95,99.05
2010-12-08,20.73,20.48,1.21,98.79
2010-12-09,20.61,20.32,1.4,98.6
2010-12-10,20.81,20.81,0.01,99.99
2010-12-13,20.74,20.79,0.24,99.76
2010-12-14,21.02,21.42,1.9,98.1
2010-12-15,21.2,21.65,2.12,97.88
2010-12-16,21.3,21.68,1.78,98.22
2010-12-17,21.24,21.65,1.93,98.07
2010-12-20,21.17,21.65,2.26,97.74
2010-12-21,21.37,21.82,2.15,97.85
2010-12-22,21.46,21.72,1.23,98.77
2010-12-23,21.54,21.72,0.83,99.17
2010-12-27,21.37,21.7,1.58,98.42
2010-12-28,21.32,21.69,1.74,98.26
2010-12-29,21.29,21.69,1.89,98.11
2010-12-30,21.2,21.69,2.33,97.67
2010-12-31,21.24,21.63,1.81,98.19
2011-01-03,21.3,21.95,3.07,96.93
2011-01-04,21.38,21.78,1.89,98.11
2011-01-05,21.31,21.61,1.42,98.58
2011-01-06,21.94,21.76,0.79,99.21
2011-01-07,21.77,21.86,0.4,99.6
2011-01-10,21.48,21.63,0.71,99.29
2011-01-11,21.4,21.25,0.68,99.32
2011-01-12,21.73,21.36,1.71,98.29
2011-01-13,21.46,21.12,1.58,98.42
2011-01-14,21.54,21.37,0.79,99.21
2011-01-18,21.81,21.61,0.96,99.04
2011-01-19,21.67,21.49,0.82,99.18
2011-01-20,21.58,21.63,0.25,99.75
2011-01-21,21.33,21.39,0.29,99.71
2011-01-24,21.6,21.51,0.43,99.57
2011-01-25,21.66,21.51,0.67,99.33
2011-01-26,21.91,21.63,1.25,98.75
2011-01-27,21.97,21.58,1.79,98.21
2011-01-28,21.12,21.22,0.44,99.56
2011-01-31,21.11,21.17,0.3,99.7
2011-02-01,21.3,21.23,0.37,99.63
2011-02-02,21.27,20.85,1.94,98.06
2011-02-03,21.05,20.85,0.91,99.09
2011-02-04,21.14,20.85,1.34,98.66
2011-02-07,21.46,20.92,2.53,97.47
2011-02-08,21.53,20.99,2.47,97.53
2011-02-09,21.29,20.92,1.73,98.27
2011-02-10,20.93,21.03,0.47,99.53
2011-02-11,20.74,20.78,0.17,99.83
2011-02-14,20.73,20.76,0.15,99.85
2011-02-15,20.64,20.39,1.25,98.75
2011-02-16,20.69,20.39,1.47,98.53
2011-02-17,20.83,20.82,0.08,99.92
2011-02-18,20.72,20.7,0.09,99.91
2011-02-22,20.36,20.12,1.19,98.81
2011-02-23,20.36,20.07,1.42,98.58
2011-02-24,20.5,20.34,0.76,99.24
2011-02-25,20.33,20.07,1.27,98.73
2011-02-28,20.35,20.02,1.64,98.36
2011-03-01,20.03,20.02,0.06,99.94
2011-03-02,19.97,19.98,0.04,99.96
2011-03-03,20.06,19.6,2.3,97.7
2011-03-04,19.87,19.6,1.35,98.65
2011-03-07,19.69,19.55,0.74,99.26
2011-03-08,19.84,19.6,1.2,98.8
2011-03-09,19.82,19.27,2.79,97.21
2011-03-10,19.46,19.14,1.6,98.4
2011-03-11,19.66,19.2,2.37,97.63
2011-03-14,19.67,19.2,2.41,97.59
2011-03-15,19.44,19.2,1.25,98.75
2011-03-16,18.98,19.14,0.86,99.14
2011-03-17,18.97,19.14,0.9,99.1
2011-03-18,18.99,18.71,1.47,98.53
2011-03-21,19.39,18.96,2.22,97.78
2011-03-22,19.37,19.03,1.75,98.25
2011-03-23,19.56,19.07,2.47,97.53
2011-03-24,19.76,19.29,2.4,97.6
2011-03-25,19.62,19.4,1.08,98.92
2011-03-28,19.46,19.14,1.62,98.38
2011-03-29,19.52,19.21,1.58,98.42
2011-03-30,19.61,20.0,2.01,97.99
2011-03-31,19.44,19.63,0.98,99.02
2011-04-01,19.51,19.65,0.73,99.27
2011-04-04,19.56,19.96,2.03,97.97
2011-04-05,19.74,20.45,3.63,96.37
2011-04-06,20.02,20.48,2.31,97.69
2011-04-07,20.06,20.5,2.18,97.82
2011-04-08,19.96,20.32,1.78,98.22
2011-04-11,19.89,20.29,2.0,98.0
2011-04-12,19.63,19.86,1.18,98.82
2011-04-13,19.62,19.64,0.1,99.9
2011-04-14,19.46,19.64,0.93,99.07
2011-04-15,19.42,19.83,2.06,97.94
2011-04-18,19.2,19.5,1.52,98.48
2011-04-19,19.26,19.47,1.11,98.89
2011-04-20,19.72,20.14,2.1,97.9
2011-04-21,19.54,19.83,1.51,98.49
2011-04-25,19.61,19.83,1.15,98.85
2011-04-26,20.05,19.71,1.72,98.28
2011-04-27,20.2,20.0,0.97,99.03
2011-04-28,20.45,20.17,1.38,98.62
2011-04-29,19.85,19.84,0.04,99.96
2011-05-02,19.65,19.64,0.02,99.98
2011-05-03,19.76,19.43,1.69,98.31
2011-05-04,19.95,19.57,1.94,98.06
2011-05-05,19.75,19.57,0.91,99.09
2011-05-06,19.81,19.71,0.51,99.49
2011-05-09,19.78,19.73,0.23,99.77
2011-05-10,19.65,20.14,2.48,97.52
2011-05-11,19.42,19.64,1.16,98.84
2011-05-12,19.39,19.69,1.59,98.41
2011-05-13,19.16,19.57,2.14,97.86
2011-05-16,18.81,19.17,1.89,98.11
2011-05-17,18.9,18.73,0.88,99.12
2011-05-18,19.03,18.68,1.84,98.16
2011-05-19,19.05,18.73,1.68,98.32
2011-05-20,18.87,18.73,0.75,99.25
2011-05-23,18.63,18.44,1.02,98.98
2011-05-24,18.61,18.44,0.94,99.06
2011-05-25,18.64,18.44,1.1,98.9
2011-05-26,19.01,18.42,3.13,96.87
2011-05-27,19.08,18.6,2.52,97.48
2011-05-31,19.27,18.76,2.69,97.31
2011-06-01,18.83,18.68,0.81,99.19
2011-06-02,18.67,18.61,0.31,99.69
2011-06-03,18.43,18.61,0.98,99.02
2011-06-06,18.5,18.65,0.79,99.21
2011-06-07,18.54,18.57,0.15,99.85
2011-06-08,18.45,18.35,0.55,99.45
2011-06-09,18.47,18.35,0.63,99.37
2011-06-10,18.27,18.35,0.42,99.58
2011-06-13,18.53,18.67,0.79,99.21
2011-06-14,18.67,18.82,0.84,99.16
2011-06-15,18.3,18.6,1.67,98.33
2011-06-16,18.5,18.46,0.21,99.79
2011-06-17,18.7,18.53,0.87,99.13
2011-06-20,18.86,18.53,1.72,98.28
2011-06-21,19.08,18.96,0.64,99.36
2011-06-22,19.0,19.03,0.17,99.83
2011-06-23,18.98,19.08,0.5,99.5
2011-06-24,18.73,18.96,1.25,98.75
2011-06-27,19.42,19.18,1.26,98.74
2011-06-28,19.88,19.3,2.95,97.05
2011-06-29,19.74,19.23,2.63,97.37
2011-06-30,20.04,19.34,3.49,96.51
2011-07-01,20.05,19.55,2.53,97.47
2011-07-05,20.06,19.69,1.84,98.16
2011-07-06,20.29,20.13,0.81,99.19
2011-07-07,20.63,20.56,0.33,99.67
2011-07-08,20.75,20.56,0.88,99.12
2011-07-11,20.52,20.52,0.0,100.0
2011-07-12,20.45,20.81,1.73,98.27
2011-07-13,20.52,20.84,1.53,98.47
2011-07-14,20.4,20.81,2.0,98.0
2011-07-15,20.64,21.32,3.29,96.71
2011-07-18,20.49,21.24,3.63,96.37
2011-07-19,21.22,21.27,0.2,99.8
2011-07-20,20.85,21.15,1.44,98.56
2011-07-21,20.89,21.09,0.96,99.04
2011-07-22,21.22,21.32,0.49,99.51
2011-07-25,21.51,21.4,0.49,99.51
2011-07-26,21.64,21.4,1.11,98.89
2011-07-27,21.06,20.98,0.37,99.63
2011-07-28,21.36,21.05,1.47,98.53
2011-07-29,21.12,21.05,0.32,99.68
2011-08-01,21.02,21.05,0.16,99.84
2011-08-02,20.65,20.75,0.45,99.55
2011-08-03,20.75,20.88,0.66,99.34
2011-08-04,19.99,20.46,2.33,97.67
2011-08-05,19.79,20.42,3.16,96.84
2011-08-08,18.87,20.03,6.17,93.83
2011-08-09,19.71,19.91,1.0,99.0
2011-08-10,18.65,19.2,2.93,97.07
2011-08-11,19.41,19.4,0.07,99.93
2011-08-12,19.34,18.87,2.44,97.56
2011-08-15,19.66,18.96,3.54,96.46
2011-08-16,19.66,18.83,4.22,95.78
2011-08-17,19.58,18.95,3.21,96.79
2011-08-18,19.13,18.94,0.99,99.01
2011-08-19,18.65,18.76,0.59,99.41
2011-08-22,18.6,18.87,1.48,98.52
2011-08-23,19.17,19.04,0.69,99.31
2011-08-24,19.31,19.19,0.64,99.36
2011-08-25,19.06,18.94,0.58,99.42
2011-08-26,19.58,19.44,0.71,99.29
2011-08-29,20.04,19.55,2.47,97.53
2011-08-30,20.34,19.96,1.89,98.11
2011-08-31,20.63,19.89,3.59,96.41
2011-09-01,20.33,20.22,0.54,99.46
2011-09-02,20.01,20.01,0.01,99.99
2011-09-06,19.78,19.87,0.45,99.55
2011-09-07,20.16,20.15,0.06,99.94
2011-09-08,20.33,20.22,0.54,99.46
2011-09-09,19.96,20.3,1.68,98.32
2011-09-12,20.08,20.32,1.22,98.78
2011-09-13,20.2,20.22,0.14,99.86
2011-09-14,20.55,20.3,1.24,98.76
2011-09-15,20.93,20.48,2.18,97.82
2011-09-16,21.03,20.72,1.47,98.53
2011-09-19,21.1,20.66,2.12,97.88
2011-09-20,20.92,20.58,1.65,98.35
2011-09-21,20.16,20.05,0.5,99.5
2011-09-22,19.44,20.27,4.29,95.71
2011-09-23,19.44,19.91,2.46,97.54
2011-09-26,19.73,20.18,2.27,97.73
2011-09-27,19.91,19.7,1.03,98.97
2011-09-28,19.84,19.65,0.94,99.06
2011-09-29,19.74,19.7,0.17,99.83
2011-09-30,19.3,19.51,1.06,98.94
2011-10-03,19.02,19.4,1.97,98.03
2011-10-04,19.65,19.51,0.74,99.26
2011-10-05,20.08,19.51,2.85,97.15
2011-10-06,20.43,19.65,3.8,96.2
2011-10-07,20.36,19.58,3.81,96.19
2011-10-10,20.89,19.87,4.89,95.11
2011-10-11,20.94,20.18,3.65,96.35
2011-10-12,20.91,20.48,2.07,97.93
2011-10-13,21.08,20.81,1.29,98.71
2011-10-14,21.15,20.97,0.84,99.16
2011-10-17,20.92,21.13,0.99,99.01
2011-10-18,21.18,21.32,0.67,99.33
2011-10-19,21.04,21.16,0.56,99.44
2011-10-20,20.97,21.68,3.38,96.62
2011-10-21,21.06,21.89,3.94,96.06
2011-10-24,21.09,21.8,3.4,96.6
2011-10-25,20.79,21.42,3.01,96.99
2011-10-26,20.62,21.13,2.47,97.53
2011-10-27,21.13,21.42,1.34,98.66
2011-10-28,20.92,20.75,0.85,99.15
2011-10-31,20.65,20.53,0.62,99.38
2011-11-01,20.16,20.34,0.91,99.09
2011-11-02,20.17,20.21,0.2,99.8
2011-11-03,20.58,20.37,1.01,98.99
2011-11-04,20.36,20.37,0.04,99.96
2011-11-07,20.78,20.48,1.44,98.56
2011-11-08,21.06,20.75,1.51,98.49
2011-11-09,20.32,20.42,0.48,99.52
2011-11-10,20.38,20.42,0.17,99.83
2011-11-11,20.87,20.56,1.5,98.5
2011-11-14,20.75,20.68,0.35,99.65
2011-11-15,20.89,20.88,0.05,99.95
2011-11-16,20.37,20.37,0.02,99.98
2011-11-17,19.96,20.34,1.93,98.07
2011-11-18,19.77,20.34,2.89,97.11
2011-11-21,19.53,20.42,4.52,95.48
2011-11-22,19.37,19.86,2.55,97.45
2011-11-23,19.12,19.64,2.71,97.29
2011-11-25,18.99,19.38,2.06,97.94
2011-11-28,19.43,19.38,0.28,99.72
2011-11-29,19.41,19.2,1.1,98.9
2011-11-30,19.99,19.65,1.68,98.32
2011-12-01,19.75,19.58,0.86,99.14
2011-12-02,19.71,19.38,1.66,98.34
2011-12-05,20.08,19.53,2.73,97.27
2011-12-06,20.05,19.51,2.71,97.29
2011-12-07,20.0,19.65,1.76,98.24
2011-12-08,19.85,19.85,0.0,100.0
2011-12-09,20.08,20.01,0.35,99.65
2011-12-12,19.93,20.18,1.22,98.78
2011-12-13,20.13,20.22,0.48,99.52
2011-12-14,20.0,20.32,1.64,98.36
2011-12-15,19.97,20.39,2.11,97.89
2011-12-16,20.32,20.32,0.04,99.96
2011-12-19,19.95,20.18,1.14,98.86
2011-12-20,20.34,20.15,0.93,99.07
2011-12-21,20.13,20.18,0.24,99.76
2011-12-22,20.17,20.18,0.04,99.96
2011-12-23,20.34,20.01,1.61,98.39
2011-12-27,20.35,20.15,0.96,99.04
2011-12-28,20.18,20.34,0.82,99.18
2011-12-29,20.33,20.51,0.86,99.14
2011-12-30,20.28,20.34,0.28,99.72
2012-01-03,20.92,20.66,1.25,98.75
2012-01-04,21.41,21.39,0.1,99.9
2012-01-05,21.63,21.43,0.9,99.1
2012-01-06,21.96,21.52,2.04,97.96
2012-01-09,21.68,21.36,1.45,98.55
2012-01-10,21.75,21.8,0.23,99.77
2012-01-11,21.66,21.69,0.14,99.86
2012-01-12,21.88,21.87,0.06,99.94
2012-01-13,22.07,21.93,0.63,99.37
2012-01-17,22.08,22.18,0.45,99.55
2012-01-18,22.06,22.31,1.12,98.88
2012-01-19,21.97,22.56,2.66,97.34
2012-01-20,23.21,22.82,1.7,98.3
2012-01-23,23.23,22.93,1.3,98.7
2012-01-24,22.93,23.08,0.66,99.34
2012-01-25,23.1,23.1,0.01,99.99
2012-01-26,23.05,23.07,0.08,99.92
2012-01-27,22.84,22.89,0.23,99.77
2012-01-30,23.14,23.25,0.47,99.53
2012-01-31,23.07,23.23,0.69,99.31
2012-02-01,23.36,23.79,1.87,98.13
2012-02-02,23.4,23.77,1.59,98.41
2012-02-03,23.63,24.1,2.01,97.99
2012-02-06,23.6,24.1,2.15,97.85
2012-02-07,23.72,24.38,2.82,97.18
2012-02-08,23.96,24.79,3.5,96.5
2012-02-09,24.04,24.48,1.81,98.19
2012-02-10,23.83,24.16,1.37,98.63
2012-02-13,23.89,24.57,2.84,97.16
2012-02-14,23.79,24.33,2.24,97.76
2012-02-15,23.64,24.16,2.22,97.78
2012-02-16,24.61,25.07,1.87,98.13
2012-02-17,24.58,24.63,0.2,99.8
2012-02-21,24.73,25.07,1.38,98.62
2012-02-22,24.59,24.59,0.04,99.96
2012-02-23,24.67,24.63,0.18,99.82
2012-02-24,24.76,25.22,1.86,98.14
2012-02-27,24.66,25.22,2.27,97.73
2012-02-28,25.07,25.32,1.0,99.0
2012-02-29,24.96,25.61,2.58,97.42
2012-03-01,25.4,25.7,1.21,98.79
2012-03-02,25.23,25.7,1.87,98.13
2012-03-05,25.01,25.46,1.78,98.22
2012-03-06,24.82,25.46,2.56,97.44
2012-03-07,25.04,25.7,2.64,97.36
2012-03-08,25.18,25.18,0.03,99.97
2012-03-09,25.16,25.33,0.67,99.33
2012-03-12,25.2,25.42,0.87,99.13
2012-03-13,25.7,25.92,0.88,99.12
2012-03-14,25.77,25.92,0.58,99.42
2012-03-15,25.84,25.92,0.33,99.67
2012-03-16,25.64,25.69,0.2,99.8
2012-03-19,25.33,26.1,3.07,96.93
2012-03-20,25.16,26.1,3.75,96.25
2012-03-21,25.1,25.59,1.98,98.02
2012-03-22,25.17,25.0,0.68,99.32
2012-03-23,25.18,25.18,0.03,99.97
2012-03-26,25.63,25.69,0.23,99.77
2012-03-27,25.58,25.49,0.36,99.64
2012-03-28,25.32,25.18,0.53,99.47
2012-03-29,25.26,25.12,0.58,99.42
2012-03-30,25.37,25.18,0.75,99.25
2012-04-02,25.4,24.61,3.12,96.88
2012-04-03,25.12,24.36,3.03,96.97
2012-04-04,24.55,24.1,1.84,98.16
2012-04-05,24.79,24.35,1.78,98.22
2012-04-09,24.46,24.35,0.45,99.55
2012-04-10,23.97,24.1,0.55,99.45
2012-04-11,23.87,23.98,0.44,99.56
2012-04-12,24.37,24.36,0.04,99.96
2012-04-13,24.23,24.29,0.26,99.74
2012-04-16,24.45,23.98,1.92,98.08
2012-04-17,24.73,23.9,3.35,96.65
2012-04-18,24.49,23.9,2.4,97.6
2012-04-19,24.39,23.86,2.16,97.84
2012-04-20,25.5,24.54,3.75,96.25
2012-04-23,25.26,24.88,1.53,98.47
2012-04-24,25.11,24.9,0.81,99.19
2012-04-25,25.33,25.18,0.56,99.44
2012-04-26,25.26,25.06,0.76,99.24
2012-04-27,25.15,25.18,0.13,99.87
2012-04-30,25.18,25.57,1.53,98.47
2012-05-01,25.18,25.73,2.21,97.79
2012-05-02,25.01,25.42,1.63,98.37
2012-05-03,24.98,25.49,2.03,97.97
2012-05-04,24.37,25.0,2.59,97.41
2012-05-07,24.11,24.5,1.65,98.35
2012-05-08,23.99,24.48,2.07,97.93
2012-05-09,24.19,24.63,1.79,98.21
2012-05-10,24.18,23.86,1.33,98.67
2012-05-11,24.51,24.23,1.14,98.86
2012-05-14,24.13,23.91,0.94,99.06
2012-05-15,23.92,23.33,2.45,97.55
2012-05-16,23.67,23.33,1.43,98.57
2012-05-17,23.53,23.33,0.84,99.16
2012-05-18,23.17,23.33,0.69,99.31
2012-05-21,23.55,22.85,3.0,97.0
2012-05-22,23.56,22.85,3.03,96.97
2012-05-23,23.05,22.81,1.01,98.99
2012-05-24,23.01,22.85,0.73,99.27
2012-05-25,23.01,22.67,1.45,98.55
2012-05-29,23.4,23.08,1.38,98.62
2012-05-30,23.23,22.94,1.26,98.74
2012-05-31,23.11,22.91,0.84,99.16
2012-06-01,22.52,22.54,0.08,99.92
2012-06-04,22.6,22.4,0.9,99.1
2012-06-05,22.57,22.4,0.76,99.24
2012-06-06,23.24,22.81,1.84,98.16
2012-06-07,23.14,22.81,1.43,98.57
2012-06-08,23.47,23.28,0.84,99.16
2012-06-11,22.88,22.64,1.04,98.96
2012-06-12,23.19,23.0,0.82,99.18
2012-06-13,23.06,23.15,0.37,99.63
2012-06-14,23.23,23.27,0.17,99.83
2012-06-15,23.77,23.39,1.59,98.41
2012-06-18,23.62,23.27,1.51,98.49
2012-06-19,24.3,23.89,1.71,98.29
2012-06-20,24.49,24.09,1.64,98.36
2012-06-21,23.86,24.06,0.83,99.17
2012-06-22,24.3,24.33,0.09,99.91
2012-06-25,23.65,24.11,1.97,98.03
2012-06-26,23.77,23.88,0.48,99.52
2012-06-27,23.89,24.0,0.49,99.51
2012-06-28,23.68,23.76,0.34,99.66
2012-06-29,24.22,24.19,0.1,99.9
2012-07-02,24.19,24.11,0.33,99.67
2012-07-03,24.35,24.19,0.65,99.35
2012-07-05,24.3,24.11,0.78,99.22
2012-07-06,23.9,24.37,1.94,98.06
2012-07-09,23.75,24.37,2.59,97.41
2012-07-10,23.54,23.82,1.18,98.82
2012-07-11,23.2,23.69,2.14,97.86
2012-07-12,22.67,23.1,1.91,98.09
2012-07-13,23.27,23.18,0.39,99.61
2012-07-16,23.31,23.48,0.76,99.24
2012-07-17,23.48,23.48,0.01,99.99
2012-07-18,24.11,23.64,1.94,98.06
2012-07-19,24.28,23.83,1.87,98.13
2012-07-20,23.85,23.48,1.51,98.49
2012-07-23,23.18,23.22,0.16,99.84
2012-07-24,23.08,23.11,0.13,99.87
2012-07-25,22.82,22.91,0.39,99.61
2012-07-26,23.09,23.07,0.07,99.93
2012-07-27,23.56,23.56,0.0,100.0
2012-07-30,23.47,23.56,0.41,99.59
2012-07-31,23.33,23.59,1.09,98.91
2012-08-01,23.28,23.83,2.34,97.66
2012-08-02,23.11,23.33,0.96,99.04
2012-08-03,23.55,23.71,0.65,99.35
2012-08-06,23.71,23.71,0.02,99.98
2012-08-07,23.96,23.56,1.65,98.35
2012-08-08,24.01,23.48,2.2,97.8
2012-08-09,24.15,23.88,1.11,98.89
2012-08-10,24.08,24.33,1.01,98.99
2012-08-13,24.06,24.49,1.79,98.21
2012-08-14,24.01,24.6,2.46,97.54
2012-08-15,24.07,24.57,2.1,97.9
2012-08-16,24.53,25.18,2.64,97.36
2012-08-17,24.63,25.22,2.43,97.57
2012-08-20,24.5,25.23,3.0,97.0
2012-08-21,24.55,25.72,4.78,95.22
2012-08-22,24.34,25.48,4.69,95.31
2012-08-23,24.12,24.84,3.0,97.0
2012-08-24,24.35,24.97,2.55,97.45
2012-08-27,24.46,24.81,1.43,98.57
2012-08-28,24.41,24.73,1.31,98.69
2012-08-29,24.43,25.07,2.64,97.36
2012-08-30,24.16,24.82,2.72,97.28
2012-08-31,24.56,25.17,2.49,97.51
2012-09-04,24.22,24.94,2.97,97.03
2012-09-05,24.22,24.94,2.97,97.03
2012-09-06,24.98,24.61,1.51,98.49
2012-09-07,24.67,24.37,1.22,98.78
2012-09-10,24.48,24.37,0.48,99.52
2012-09-11,24.54,24.37,0.7,99.3
2012-09-12,24.53,24.48,0.18,99.82
2012-09-13,24.66,25.06,1.64,98.36
2012-09-14,24.87,25.07,0.8,99.2
2012-09-17,24.87,25.07,0.8,99.2
2012-09-18,24.85,25.07,0.9,99.1
2012-09-19,24.74,25.05,1.22,98.78
2012-09-20,25.06,25.43,1.46,98.54
2012-09-21,24.86,25.06,0.83,99.17
2012-09-24,24.53,25.05,2.11,97.89
2012-09-25,24.22,24.83,2.52,97.48
2012-09-26,24.04,23.91,0.58,99.42
2012-09-27,24.04,24.17,0.55,99.45
2012-09-28,23.72,23.45,1.12,98.88
2012-10-01,23.5,23.45,0.22,99.78
2012-10-02,23.64,23.45,0.79,99.21
2012-10-03,23.8,23.56,0.98,99.02
2012-10-04,23.93,22.85,4.54,95.46
2012-10-05,23.79,22.85,3.96,96.04
2012-10-08,23.73,22.85,3.74,96.26
2012-10-09,23.33,22.85,2.09,97.91
2012-10-10,23.1,22.73,1.59,98.41
2012-10-11,23.07,22.73,1.49,98.51
2012-10-12,23.27,22.85,1.83,98.17
2012-10-15,23.52,23.12,1.69,98.31
2012-10-16,23.5,23.23,1.17,98.83
2012-10-17,23.58,23.04,2.28,97.72
2012-10-18,23.51,23.31,0.84,99.16
2012-10-19,22.82,22.98,0.68,99.32
2012-10-22,22.31,22.66,1.56,98.44
2012-10-23,22.35,22.37,0.05,99.95
2012-10-24,22.23,22.11,0.54,99.46
2012-10-25,22.22,22.11,0.47,99.53
2012-10-26,22.48,21.72,3.38,96.62
2012-10-31,22.74,22.1,2.82,97.18
2012-11-01,23.53,22.86,2.82,97.18
2012-11-02,23.51,22.86,2.75,97.25
2012-11-05,23.61,22.77,3.59,96.41
2012-11-06,23.8,22.77,4.33,95.67
2012-11-07,23.17,22.83,1.48,98.52
2012-11-08,22.96,22.86,0.45,99.55
2012-11-09,22.98,22.93,0.22,99.78
2012-11-12,22.49,23.26,3.43,96.57
2012-11-13,21.77,23.19,6.53,93.47
2012-11-14,21.57,22.74,5.44,94.56
2012-11-15,21.42,22.06,2.98,97.02
2012-11-16,21.31,22.06,3.53,96.47
2012-11-19,21.48,21.86,1.77,98.23
2012-11-20,21.46,21.7,1.1,98.9
2012-11-21,21.65,20.82,3.85,96.15
2012-11-23,22.26,21.19,4.79,95.21
2012-11-26,22.01,20.94,4.86,95.14
2012-11-27,21.76,20.9,3.92,96.08
2012-11-28,21.98,21.19,3.6,96.4
2012-11-29,21.65,20.94,3.31,96.69
2012-11-30,21.39,20.9,2.26,97.74
2012-12-03,21.24,21.02,1.03,98.97
2012-12-04,21.19,21.22,0.13,99.87
2012-12-05,21.43,21.43,0.01,99.99
2012-12-06,21.48,21.39,0.4,99.6
2012-12-07,21.26,21.37,0.49,99.51
2012-12-10,21.65,21.44,0.93,99.07
2012-12-11,21.95,21.63,1.45,98.55
2012-12-12,21.89,21.7,0.86,99.14
2012-12-13,21.78,21.29,2.25,97.75
2012-12-14,21.54,21.29,1.16,98.84
2012-12-17,21.77,21.58,0.89,99.11
2012-12-18,22.14,21.63,2.3,97.7
2012-12-19,21.94,21.7,1.11,98.89
2012-12-20,22.24,22.05,0.87,99.13
2012-12-21,22.06,22.58,2.4,97.6
2012-12-24,21.74,22.4,3.02,96.98
2012-12-26,21.58,22.16,2.67,97.33
2012-12-27,21.66,21.7,0.17,99.83
2012-12-28,21.33,21.58,1.16,98.84
2012-12-31,21.46,21.41,0.23,99.77
2013-01-02,22.19,21.7,2.22,97.78
2013-01-03,21.89,21.58,1.44,98.56
2013-01-04,21.49,21.36,0.58,99.42
2013-01-07,21.44,21.56,0.51,99.49
2013-01-08,21.33,21.36,0.13,99.87
2013-01-09,21.45,21.22,1.11,98.89
2013-01-10,21.26,21.22,0.21,99.79
2013-01-11,21.56,21.22,1.59,98.41
2013-01-14,21.61,21.36,1.14,98.86
2013-01-15,21.86,21.39,2.16,97.84
2013-01-16,21.73,21.39,1.55,98.45
2013-01-17,21.89,21.51,1.76,98.24
2013-01-18,21.89,21.82,0.33,99.67
2013-01-22,21.81,21.8,0.08,99.92
2013-01-23,22.18,21.58,2.72,97.28
2013-01-24,22.2,21.8,1.82,98.18
2013-01-25,22.4,22.39,0.07,99.93
2013-01-28,22.43,22.4,0.11,99.89
2013-01-29,22.51,23.14,2.81,97.19
2013-01-30,22.38,22.96,2.62,97.38
2013-01-31,22.06,22.88,3.74,96.26
2013-02-01,22.44,22.95,2.26,97.74
2013-02-04,22.05,22.4,1.59,98.41
2013-02-05,22.1,22.28,0.82,99.18
2013-02-06,21.97,22.44,2.15,97.85
2013-02-07,21.92,22.32,1.83,98.17
2013-02-08,22.14,22.44,1.37,98.63
2013-02-11,22.39,22.71,1.44,98.56
2013-02-12,22.4,22.44,0.17,99.83
2013-02-13,22.52,22.54,0.07,99.93
2013-02-14,22.53,22.48,0.21,99.79
2013-02-15,22.51,22.36,0.63,99.37
2013-02-19,22.72,22.48,1.06,98.94
2013-02-20,22.58,22.48,0.43,99.57
2013-02-21,22.27,22.48,0.95,99.05
2013-02-22,22.49,22.36,0.56,99.44
2013-02-25,22.17,22.48,1.39,98.61
2013-02-26,22.17,22.36,0.86,99.14
2013-02-27,22.53,22.72,0.86,99.14
2013-02-28,22.52,22.72,0.9,99.1
2013-03-01,22.64,22.72,0.33,99.67
2013-03-04,22.81,22.72,0.38,99.62
2013-03-05,22.97,22.72,1.06,98.94
2013-03-06,22.76,22.48,1.2,98.8
2013-03-07,22.8,22.58,0.95,99.05
2013-03-08,22.68,22.48,0.89,99.11
2013-03-11,22.58,22.19,1.7,98.3
2013-03-12,22.61,22.36,1.1,98.9
2013-03-13,22.62,22.6,0.06,99.94
2013-03-14,22.8,22.6,0.84,99.16
2013-03-15,22.72,22.89,0.77,99.23
2013-03-18,22.76,22.89,0.55,99.45
2013-03-19,22.83,22.72,0.49,99.51
2013-03-20,22.94,22.8,0.63,99.37
2013-03-21,22.77,22.48,1.28,98.72
2013-03-22,22.89,22.48,1.76,98.24
2013-03-25,22.81,22.14,2.94,97.06
2013-03-26,22.81,22.36,1.97,98.03
2013-03-27,22.98,23.12,0.58,99.42
2013-03-28,23.18,23.4,0.97,99.03
2013-04-01,23.18,23.66,2.09,97.91
2013-04-02,23.33,23.7,1.56,98.44
2013-04-03,23.14,23.57,1.86,98.14
2013-04-04,23.17,23.4,1.0,99.0
2013-04-05,23.25,23.73,2.07,97.93
2013-04-08,23.16,23.4,1.04,98.96
2013-04-09,23.99,23.97,0.08,99.92
2013-04-10,24.53,24.58,0.22,99.78
2013-04-11,23.45,23.78,1.42,98.58
2013-04-12,23.32,23.75,1.84,98.16
2013-04-15,23.24,23.75,2.19,97.81
2013-04-16,23.47,23.52,0.19,99.81
2013-04-17,23.36,23.39,0.16,99.84
2013-04-18,23.32,23.27,0.22,99.78
2013-04-19,24.12,23.68,1.82,98.18
2013-04-22,24.98,24.15,3.3,96.7
2013-04-23,24.79,24.15,2.57,97.43
2013-04-24,25.73,24.7,4.01,95.99
2013-04-25,25.88,24.79,4.21,95.79
2013-04-26,25.75,25.39,1.41,98.59
2013-04-29,26.42,25.39,3.9,96.1
2013-04-30,26.82,25.8,3.78,96.22
2013-05-01,26.51,26.32,0.72,99.28
2013-05-02,26.86,26.66,0.77,99.23
2013-05-03,27.13,27.58,1.65,98.35
2013-05-06,27.34,27.58,0.87,99.13
2013-05-07,26.99,27.9,3.38,96.62
2013-05-08,26.73,27.91,4.44,95.56
2013-05-09,26.46,27.61,4.36,95.64
2013-05-10,26.48,27.37,3.33,96.67
2013-05-13,26.76,27.61,3.19,96.81
2013-05-14,27.35,27.53,0.64,99.36
2013-05-15,27.62,27.6,0.07,99.93
2013-05-16,27.8,27.61,0.69,99.31
2013-05-17,28.45,28.48,0.12,99.88
2013-05-20,28.62,28.48,0.48,99.52
2013-05-21,28.43,28.49,0.22,99.78
2013-05-22,28.24,28.23,0.0,100.0
2013-05-23,27.86,28.28,1.5,98.5
2013-05-24,27.96,28.28,1.14,98.86
2013-05-28,28.57,28.83,0.9,99.1
2013-05-29,28.46,28.91,1.6,98.4
2013-05-30,28.58,28.97,1.36,98.64
2013-05-31,28.47,28.94,1.64,98.36
2013-06-03,29.03,28.96,0.27,99.73
2013-06-04,28.55,28.57,0.09,99.91
2013-06-05,28.37,28.28,0.34,99.66
2013-06-06,28.52,28.28,0.85,99.15
2013-06-07,29.1,28.47,2.17,97.83
2013-06-10,28.94,28.31,2.15,97.85
2013-06-11,28.42,28.22,0.72,99.28
2013-06-12,28.55,28.31,0.84,99.16
2013-06-13,28.33,29.1,2.72,97.28
2013-06-14,28.06,28.96,3.21,96.79
2013-06-17,28.55,28.22,1.17,98.83
2013-06-18,28.54,28.31,0.78,99.22
2013-06-19,28.22,27.76,1.61,98.39
2013-06-20,27.32,27.42,0.35,99.65
2013-06-21,27.14,27.06,0.31,99.69
2013-06-24,27.51,27.34,0.62,99.38
2013-06-25,27.47,27.34,0.48,99.52
2013-06-26,28.02,27.61,1.49,98.51
2013-06-27,28.24,27.34,3.21,96.79
2013-06-28,28.18,27.36,2.89,97.11
2013-07-01,28.03,27.61,1.52,98.48
2013-07-02,27.69,27.34,1.27,98.73
2013-07-03,27.75,27.46,1.01,98.99
2013-07-05,27.91,27.9,0.02,99.98
2013-07-08,28.01,27.46,1.94,98.06
2013-07-09,28.02,27.46,1.99,98.01
2013-07-10,28.31,28.16,0.54,99.46
2013-07-11,29.12,29.13,0.04,99.96
2013-07-12,29.1,29.64,1.84,98.16
2013-07-15,29.51,29.64,0.43,99.57
2013-07-16,29.59,30.21,2.11,97.89
2013-07-17,29.16,29.96,2.74,97.26
2013-07-18,28.91,29.68,2.67,97.33
2013-07-19,25.62,27.71,8.16,91.84
2013-07-22,26.11,27.33,4.66,95.34
2013-07-23,25.96,27.23,4.89,95.11
2013-07-24,26.07,26.87,3.05,96.95
2013-07-25,25.61,25.91,1.18,98.82
2013-07-26,25.8,25.91,0.45,99.55
2013-07-29,25.73,25.74,0.02,99.98
2013-07-30,25.98,25.74,0.95,99.05
2013-07-31,25.98,25.45,2.02,97.98
2013-08-01,25.84,25.45,1.5,98.5
2013-08-02,26.02,25.36,2.51,97.49
2013-08-05,25.86,25.36,1.92,98.08
2013-08-06,25.76,25.36,1.55,98.45
2013-08-07,26.16,25.48,2.57,97.43
2013-08-08,26.83,27.19,1.33,98.67
2013-08-09,26.68,26.8,0.48,99.52
2013-08-12,26.82,27.06,0.9,99.1
2013-08-13,26.48,26.78,1.13,98.87
2013-08-14,26.58,27.19,2.3,97.7
2013-08-15,26.12,26.68,2.16,97.84
2013-08-16,26.13,26.78,2.5,97.5
2013-08-19,25.79,26.13,1.33,98.67
2013-08-20,25.98,26.59,2.34,97.66
2013-08-21,25.97,26.68,2.74,97.26
2013-08-22,26.61,26.8,0.73,99.27
2013-08-23,28.55,27.47,3.79,96.21
2013-08-26,28.06,27.42,2.26,97.74
2013-08-27,27.33,26.8,1.91,98.09
2013-08-28,27.13,26.86,1.0,99.0
2013-08-29,27.56,26.98,2.12,97.88
2013-08-30,27.44,26.86,2.12,97.88
2013-09-03,26.19,26.61,1.59,98.41
2013-09-04,25.63,26.24,2.35,97.65
2013-09-05,25.66,26.31,2.54,97.46
2013-09-06,25.59,26.13,2.11,97.89
2013-09-09,26.01,26.68,2.58,97.42
2013-09-10,26.61,26.1,1.9,98.1
2013-09-11,26.9,26.2,2.59,97.41
2013-09-12,26.86,26.04,3.05,96.95
2013-09-13,27.14,25.82,4.83,95.17
2013-09-16,26.95,25.87,4.02,95.98
2013-09-17,27.05,26.31,2.76,97.24
2013-09-18,27.37,26.86,1.89,98.11
2013-09-19,27.64,26.86,2.82,97.18
2013-09-20,26.94,26.31,2.34,97.66
2013-09-23,26.9,27.85,3.53,96.47
2013-09-24,26.66,27.27,2.3,97.7
2013-09-25,26.71,27.27,2.11,97.89
2013-09-26,26.92,27.37,1.64,98.36
2013-09-27,27.33,27.37,0.12,99.88
2013-09-30,27.34,27.96,2.27,97.73
2013-10-01,27.59,27.96,1.35,98.65
2013-10-02,27.87,28.14,0.98,99.02
2013-10-03,27.82,27.96,0.52,99.48
2013-10-04,27.83,28.14,1.1,98.9
2013-10-07,27.36,27.73,1.35,98.65
2013-10-08,27.12,27.18,0.21,99.79
2013-10-09,27.17,27.04,0.49,99.51
2013-10-10,27.74,28.1,1.32,98.68
2013-10-11,28.04,28.23,0.69,99.31
2013-10-14,28.3,28.51,0.73,99.27
2013-10-15,28.34,28.94,2.13,97.87
2013-10-16,28.46,28.94,1.69,98.31
2013-10-17,28.69,28.92,0.82,99.18
2013-10-18,28.72,28.92,0.7,99.3
2013-10-21,28.75,28.91,0.57,99.43
2013-10-22,28.41,28.39,0.07,99.93
2013-10-23,27.74,27.9,0.61,99.39
2013-10-24,27.7,27.9,0.73,99.27
2013-10-25,29.35,28.91,1.51,98.49
2013-10-28,29.22,29.09,0.44,99.56
2013-10-29,29.18,29.08,0.35,99.65
2013-10-30,29.2,29.02,0.61,99.39
2013-10-31,29.09,29.21,0.42,99.58
2013-11-01,29.19,29.75,1.92,98.08
2013-11-04,29.53,29.96,1.45,98.55
2013-11-05,30.1,30.12,0.06,99.94
2013-11-06,31.37,30.33,3.3,96.7
2013-11-07,30.81,29.96,2.77,97.23
2013-11-08,31.04,30.12,2.96,97.04
2013-11-11,30.88,30.18,2.28,97.72
2013-11-12,30.69,30.36,1.09,98.91
2013-11-13,31.35,30.86,1.57,98.43
2013-11-14,31.24,31.13,0.34,99.66
2013-11-15,31.09,31.13,0.14,99.86
2013-11-18,30.56,30.78,0.7,99.3
2013-11-19,30.41,30.67,0.84,99.16
2013-11-20,30.69,30.84,0.48,99.52
2013-11-21,30.96,30.91,0.17,99.83
2013-11-22,31.1,30.82,0.91,99.09
2013-11-25,31.16,30.64,1.68,98.32
2013-11-26,30.92,30.49,1.38,98.62
2013-11-27,31.13,31.15,0.08,99.92
2013-11-29,31.56,31.31,0.82,99.18
2013-12-02,31.83,31.53,0.95,99.05
2013-12-03,31.71,31.56,0.48,99.52
2013-12-04,32.23,31.49,2.32,97.68
2013-12-05,31.46,31.55,0.3,99.7
2013-12-06,31.75,31.79,0.1,99.9
2013-12-09,32.04,32.09,0.15,99.85
2013-12-10,31.55,32.01,1.45,98.55
2013-12-11,31.13,31.63,1.6,98.4
2013-12-12,30.81,31.38,1.85,98.15
2013-12-13,30.37,30.78,1.35,98.65
2013-12-16,30.54,30.89,1.16,98.84
2013-12-17,30.23,30.45,0.72,99.28
2013-12-18,30.28,30.37,0.29,99.71
2013-12-19,30.01,30.15,0.46,99.54
2013-12-20,30.46,30.17,0.97,99.03
2013-12-23,30.31,30.17,0.48,99.52
2013-12-24,30.69,30.15,1.78,98.22
2013-12-26,30.99,30.6,1.26,98.74
2013-12-27,30.87,30.25,1.99,98.01
2013-12-30,30.87,30.16,2.31,97.69
2013-12-31,30.97,30.38,1.9,98.1
2014-01-02,30.76,30.49,0.88,99.12
2014-01-03,30.55,30.6,0.15,99.85
2014-01-06,29.91,30.45,1.8,98.2
2014-01-07,30.14,30.49,1.17,98.83
2014-01-08,29.6,30.37,2.59,97.41
2014-01-09,29.41,29.47,0.19,99.81
2014-01-10,29.83,29.96,0.41,99.59
2014-01-13,28.96,29.22,0.92,99.08
2014-01-14,29.62,29.66,0.15,99.85
2014-01-15,30.43,29.96,1.56,98.44
2014-01-16,30.54,29.82,2.36,97.64
2014-01-17,30.12,29.66,1.5,98.5
2014-01-21,29.94,29.6,1.15,98.85
2014-01-22,29.74,29.47,0.92,99.08
2014-01-23,29.85,29.6,0.85,99.15
2014-01-24,30.47,30.12,1.17,98.83
2014-01-27,29.83,30.12,0.97,99.03
2014-01-28,30.02,30.12,0.31,99.69
2014-01-29,30.35,30.5,0.5,99.5
2014-01-30,30.51,30.52,0.03,99.97
2014-01-31,31.32,30.67,2.09,97.91
2014-02-03,30.2,30.64,1.45,98.55
2014-02-04,30.09,30.37,0.92,99.08
2014-02-05,29.65,29.6,0.19,99.81
2014-02-06,29.95,29.82,0.44,99.56
2014-02-07,30.26,30.37,0.34,99.66
2014-02-10,30.46,30.37,0.32,99.68
2014-02-11,30.77,30.52,0.8,99.2
2014-02-12,31.02,30.64,1.23,98.77
2014-02-13,31.13,30.5,2.04,97.96
2014-02-14,31.14,31.56,1.34,98.66
2014-02-18,31.21,31.53,1.02,98.98
2014-02-19,31.28,31.42,0.43,99.57
2014-02-20,31.48,31.42,0.2,99.8
2014-02-21,31.68,31.15,1.66,98.34
2014-02-24,31.43,31.92,1.54,98.46
2014-02-25,31.31,31.92,1.95,98.05
2014-02-26,31.25,32.57,4.21,95.79
2014-02-27,31.58,32.57,3.14,96.86
2014-02-28,31.95,32.97,3.18,96.82
2014-03-03,31.51,32.26,2.37,97.63
2014-03-04,32.03,32.32,0.88,99.12
2014-03-05,31.78,31.89,0.33,99.67
2014-03-06,31.82,31.82,0.01,99.99
2014-03-07,31.61,31.79,0.56,99.44
2014-03-10,31.54,31.66,0.39,99.61
2014-03-11,31.71,31.76,0.17,99.83
2014-03-12,31.92,31.76,0.49,99.51
2014-03-13,31.6,31.38,0.7,99.3
2014-03-14,31.44,31.54,0.3,99.7
2014-03-17,31.73,31.76,0.09,99.91
2014-03-18,32.98,32.34,1.97,98.03
2014-03-19,32.75,32.01,2.28,97.72
2014-03-20,33.64,32.17,4.35,95.65
2014-03-21,33.49,33.65,0.47,99.53
2014-03-24,33.78,33.64,0.41,99.59
2014-03-25,33.64,33.65,0.03,99.97
2014-03-26,33.19,33.34,0.46,99.54
2014-03-27,32.83,33.19,1.1,98.9
2014-03-28,33.61,33.43,0.54,99.46
2014-03-31,34.19,33.64,1.6,98.4
2014-04-01,34.54,33.65,2.59,97.41
2014-04-02,34.49,33.63,2.47,97.53
2014-04-03,34.2,34.76,1.63,98.37
2014-04-04,33.25,34.26,3.03,96.97
2014-04-07,33.19,33.99,2.4,97.6
2014-04-08,33.21,33.99,2.35,97.65
2014-04-09,33.75,33.99,0.71,99.29
2014-04-10,32.83,33.49,2.03,97.97
2014-04-11,32.7,33.28,1.77,98.23
2014-04-14,32.68,33.28,1.85,98.15
2014-04-15,33.15,32.84,0.93,99.07
2014-04-16,33.69,33.09,1.78,98.22
2014-04-17,33.37,32.69,2.04,97.96
2014-04-21,33.31,32.17,3.42,96.58
2014-04-22,33.35,32.06,3.88,96.12
2014-04-23,33.1,32.06,3.15,96.85
2014-04-24,33.24,32.14,3.31,96.69
2014-04-25,33.29,32.94,1.04,98.96
2014-04-28,34.09,33.21,2.58,97.42
2014-04-29,33.79,33.07,2.12,97.88
2014-04-30,33.69,32.69,2.98,97.02
2014-05-01,33.36,33.09,0.8,99.2
2014-05-02,33.1,34.08,2.95,97.05
2014-05-05,32.88,34.04,3.52,96.48
2014-05-06,32.58,33.43,2.63,97.37
2014-05-07,32.88,32.14,2.23,97.77
2014-05-08,33.06,32.55,1.54,98.46
2014-05-09,32.98,32.55,1.29,98.71
2014-05-12,33.34,32.84,1.48,98.52
2014-05-13,33.95,33.21,2.18,97.82
2014-05-14,33.8,33.09,2.08,97.92
2014-05-15,33.26,32.84,1.25,98.75
2014-05-16,33.45,32.33,3.36,96.64
2014-05-19,33.39,32.55,2.5,97.5
2014-05-20,33.33,32.55,2.33,97.67
2014-05-21,33.89,34.17,0.84,99.16
2014-05-22,33.68,34.2,1.54,98.46
2014-05-23,33.7,34.31,1.83,98.17
2014-05-27,33.76,34.55,2.36,97.64
2014-05-28,33.6,34.31,2.11,97.89
2014-05-29,33.88,34.35,1.37,98.63
2014-05-30,34.38,34.72,0.96,99.04
2014-06-02,34.26,34.42,0.47,99.53
2014-06-03,33.84,33.79,0.14,99.86
2014-06-04,33.86,34.04,0.53,99.47
2014-06-05,34.61,34.76,0.44,99.56
2014-06-06,34.84,34.76,0.22,99.78
2014-06-09,34.66,35.15,1.41,98.59
2014-06-10,34.53,35.15,1.8,98.2
2014-06-11,34.32,34.77,1.32,98.68
2014-06-12,34.08,34.77,2.02,97.98
2014-06-13,34.63,34.94,0.91,99.09
2014-06-16,34.86,35.02,0.46,99.54
2014-06-17,35.01,35.15,0.41,99.59
2014-06-18,34.98,35.06,0.22,99.78
2014-06-19,34.86,34.8,0.19,99.81
2014-06-20,35.01,34.91,0.28,99.72
2014-06-23,35.27,35.37,0.31,99.69
2014-06-24,35.07,36.02,2.73,97.27
2014-06-25,35.3,35.82,1.46,98.54
2014-06-26,35.04,35.51,1.35,98.65
2014-06-27,35.49,35.89,1.14,98.86
2014-06-30,35.02,35.67,1.85,98.15
2014-07-01,35.17,35.82,1.85,98.15
2014-07-02,35.19,36.02,2.36,97.64
2014-07-03,35.11,35.67,1.6,98.4
2014-07-07,35.27,35.67,1.14,98.86
2014-07-08,35.09,35.51,1.21,98.79
2014-07-09,35.0,35.42,1.2,98.8
2014-07-10,35.01,35.51,1.43,98.57
2014-07-11,35.35,35.65,0.83,99.17
2014-07-14,35.39,35.51,0.34,99.66
2014-07-15,35.65,35.78,0.37,99.63
2014-07-16,37.02,36.25,2.09,97.91
2014-07-17,37.4,36.77,1.69,98.31
2014-07-18,37.53,36.57,2.57,97.43
2014-07-21,37.66,38.13,1.24,98.76
2014-07-22,37.65,38.13,1.26,98.74
2014-07-23,37.69,38.3,1.62,98.38
2014-07-24,37.29,37.71,1.12,98.88
2014-07-25,37.38,37.96,1.56,98.44
2014-07-28,36.93,37.43,1.37,98.63
2014-07-29,36.86,37.43,1.55,98.45
2014-07-30,36.6,37.42,2.25,97.75
2014-07-31,36.25,36.97,2.0,98.0
2014-08-01,36.0,36.86,2.4,97.6
2014-08-04,36.43,36.86,1.2,98.8
2014-08-05,36.18,35.77,1.15,98.85
2014-08-06,35.9,35.45,1.25,98.75
2014-08-07,36.31,35.2,3.06,96.94
2014-08-08,36.28,35.2,3.0,97.0
2014-08-11,36.28,35.18,3.04,96.96
2014-08-12,36.55,35.43,3.06,96.94
2014-08-13,37.02,36.16,2.32,97.68
2014-08-14,37.18,36.35,2.22,97.78
2014-08-15,37.62,36.79,2.2,97.8
2014-08-18,37.89,37.26,1.65,98.35
2014-08-19,38.31,38.01,0.79,99.21
2014-08-20,37.99,38.01,0.05,99.95
2014-08-21,38.22,38.38,0.43,99.57
2014-08-22,38.16,37.83,0.85,99.15
2014-08-25,38.17,38.94,2.0,98.0
2014-08-26,38.04,39.07,2.7,97.3
2014-08-27,37.92,38.64,1.9,98.1
2014-08-28,37.93,38.94,2.67,97.33
2014-08-29,38.39,39.11,1.87,98.13
2014-09-02,38.11,38.57,1.22,98.78
2014-09-03,38.0,39.3,3.42,96.58
2014-09-04,38.25,38.34,0.25,99.75
2014-09-05,38.8,38.5,0.79,99.21
2014-09-08,39.27,38.71,1.45,98.55
2014-09-09,39.52,39.61,0.23,99.77
2014-09-10,39.59,39.68,0.25,99.75
2014-09-11,39.72,39.82,0.25,99.75
2014-09-12,39.47,39.82,0.9,99.1
2014-09-15,39.08,39.49,1.06,98.94
2014-09-16,39.52,39.81,0.74,99.26
2014-09-17,39.32,39.6,0.73,99.27
2014-09-18,39.45,39.76,0.8,99.2
2014-09-19,40.16,39.82,0.84,99.16
2014-09-22,39.77,39.76,0.02,99.98
2014-09-23,39.35,39.53,0.47,99.53
2014-09-24,39.79,39.78,0.03,99.97
2014-09-25,38.91,39.36,1.16,98.84
2014-09-26,39.22,39.11,0.29,99.71
2014-09-29,39.25,39.01,0.61,99.39
2014-09-30,39.18,38.89,0.74,99.26
2014-10-01,38.79,38.58,0.55,99.45
2014-10-02,38.67,38.74,0.16,99.84
2014-10-03,38.95,39.11,0.4,99.6
2014-10-06,38.95,38.6,0.9,99.1
2014-10-07,38.48,38.4,0.2,99.8
2014-10-08,39.54,39.36,0.44,99.56
2014-10-09,38.75,38.05,1.82,98.18
2014-10-10,37.21,37.49,0.75,99.25
2014-10-13,36.89,37.49,1.63,98.37
2014-10-14,36.96,37.49,1.44,98.56
2014-10-15,36.53,37.49,2.64,97.36
2014-10-16,36.12,36.25,0.36,99.64
2014-10-17,36.87,36.54,0.91,99.09
2014-10-20,37.25,36.51,2.01,97.99
2014-10-21,37.93,37.23,1.84,98.16
2014-10-22,37.51,37.19,0.85,99.15
2014-10-23,38.05,37.23,2.15,97.85
2014-10-24,38.99,37.72,3.26,96.74
2014-10-27,38.8,37.81,2.55,97.45
2014-10-28,39.29,37.98,3.33,96.67
2014-10-29,39.4,38.23,2.97,97.03
2014-10-30,38.92,38.54,0.96,99.04
2014-10-31,39.68,39.82,0.36,99.64
2014-11-03,40.09,39.83,0.67,99.33
2014-11-04,40.2,40.2,0.01,99.99
2014-11-05,40.45,40.5,0.12,99.88
2014-11-06,41.16,40.67,1.18,98.82
2014-11-07,41.14,41.08,0.15,99.85
2014-11-10,41.32,41.11,0.49,99.51
2014-11-11,41.3,41.79,1.18,98.82
2014-11-12,41.23,41.42,0.48,99.52
2014-11-13,41.93,41.42,1.2,98.8
2014-11-14,41.9,43.51,3.84,96.16
2014-11-17,41.8,43.14,3.21,96.79
2014-11-18,41.45,43.43,4.78,95.22
2014-11-19,41.01,43.43,5.91,94.09
2014-11-20,41.42,43.44,4.87,95.13
2014-11-21,40.81,42.15,3.3,96.7
2014-11-24,40.47,42.09,4.0,96.0
2014-11-25,40.37,41.75,3.41,96.59
2014-11-26,40.61,41.37,1.88,98.12
2014-11-28,40.66,41.37,1.75,98.25
2014-12-01,41.35,41.9,1.33,98.67
2014-12-02,41.21,40.79,1.02,98.98
2014-12-03,40.89,41.53,1.56,98.44
2014-12-04,41.54,41.53,0.02,99.98
2014-12-05,41.18,41.4,0.55,99.45
2014-12-08,40.57,40.71,0.34,99.66
2014-12-09,40.47,41.19,1.77,98.23
2014-12-10,39.89,40.9,2.54,97.46
2014-12-11,40.12,39.78,0.83,99.17
2014-12-12,39.93,40.26,0.83,99.17
2014-12-15,39.69,40.26,1.43,98.57
2014-12-16,38.41,38.55,0.37,99.63
2014-12-17,38.9,38.94,0.1,99.9
2014-12-18,40.41,39.99,1.04,98.96
2014-12-19,40.53,39.66,2.14,97.86
2014-12-22,40.81,39.77,2.53,97.47
2014-12-23,41.2,40.34,2.1,97.9
2014-12-24,40.94,40.57,0.9,99.1
2014-12-26,40.72,40.57,0.37,99.63
2014-12-29,40.35,40.79,1.08,98.92
2014-12-30,39.99,39.77,0.54,99.46
2014-12-31,39.5,39.77,0.68,99.32
2015-01-02,39.77,39.96,0.49,99.51
2015-01-05,39.4,39.77,0.94,99.06
2015-01-06,38.82,39.66,2.16,97.84
2015-01-07,39.32,40.4,2.75,97.25
2015-01-08,40.47,40.51,0.09,99.91
2015-01-09,40.13,39.96,0.42,99.58
2015-01-12,39.63,39.62,0.03,99.97
2015-01-13,39.43,39.15,0.71,99.29
2015-01-14,39.09,38.55,1.37,98.63
2015-01-15,38.68,38.55,0.33,99.67
2015-01-16,39.33,38.58,1.9,98.1
2015-01-20,39.45,39.05,1.02,98.98
2015-01-21,39.05,39.05,0.01,99.99
2015-01-22,40.08,39.77,0.78,99.22
2015-01-23,40.12,39.77,0.89,99.11
2015-01-26,39.98,39.77,0.53,99.47
2015-01-27,36.28,38.06,4.89,95.11
2015-01-28,35.03,37.49,7.02,92.98
2015-01-29,35.73,37.49,4.93,95.07
2015-01-30,34.36,36.36,5.82,94.18
2015-02-02,35.11,36.13,2.93,97.07
2015-02-03,35.38,35.88,1.43,98.57
2015-02-04,35.58,36.0,1.18,98.82
2015-02-05,36.1,36.04,0.17,99.83
2015-02-06,36.07,36.01,0.15,99.85
2015-02-09,36.03,36.0,0.06,99.94
2015-02-10,36.23,36.03,0.56,99.44
2015-02-11,36.04,35.64,1.12,98.88
2015-02-12,36.65,35.64,2.75,97.25
2015-02-13,37.31,36.19,2.99,97.01
2015-02-17,37.33,37.29,0.1,99.9
2015-02-18,37.28,37.89,1.61,98.39
2015-02-19,37.26,37.68,1.12,98.88
2015-02-20,37.57,38.35,2.08,97.92
2015-02-23,37.82,38.35,1.41,98.59
2015-02-24,37.76,38.96,3.18,96.82
2015-02-25,37.68,38.71,2.73,97.27
2015-02-26,37.74,38.48,1.96,98.04
2015-02-27,37.56,38.44,2.34,97.66
2015-03-02,37.58,38.74,3.08,96.92
2015-03-03,37.07,37.92,2.29,97.71
2015-03-04,36.88,38.1,3.3,96.7
2015-03-05,36.92,37.76,2.25,97.75
2015-03-06,36.28,35.85,1.2,98.8
2015-03-09,36.7,36.21,1.35,98.65
2015-03-10,36.0,35.85,0.43,99.57
2015-03-11,35.96,35.85,0.31,99.69
2015-03-12,35.13,35.49,1.01,98.99
2015-03-13,35.44,34.96,1.35,98.65
2015-03-16,35.6,35.14,1.29,98.71
2015-03-17,35.72,35.34,1.06,98.94
2015-03-18,36.4,35.47,2.56,97.44
2015-03-19,36.22,35.47,2.08,97.92
2015-03-20,36.73,35.91,2.22,97.78
2015-03-23,36.71,36.07,1.75,98.25
2015-03-24,36.74,36.21,1.47,98.53
2015-03-25,35.51,35.49,0.07,99.93
2015-03-26,35.3,35.52,0.62,99.38
2015-03-27,35.09,35.4,0.87,99.13
2015-03-30,35.08,35.49,1.16,98.84
2015-03-31,34.83,35.49,1.9,98.1
2015-04-01,34.88,35.9,2.92,97.08
2015-04-02,34.51,34.72,0.61,99.39
2015-04-06,35.59,35.42,0.48,99.52
2015-04-07,35.57,35.26,0.86,99.14
2015-04-08,35.48,34.72,2.13,97.87
2015-04-09,35.53,34.84,1.95,98.05
2015-04-10,35.73,34.68,2.95,97.05
2015-04-13,35.77,34.68,3.04,96.96
2015-04-14,35.67,34.63,2.91,97.09
2015-04-15,36.2,35.78,1.14,98.86
2015-04-16,36.11,35.89,0.61,99.39
2015-04-17,35.65,35.67,0.06,99.94
2015-04-20,36.75,36.96,0.56,99.44
2015-04-21,36.52,36.96,1.19,98.81
2015-04-22,36.82,37.02,0.53,99.47
2015-04-23,37.12,37.34,0.6,99.4
2015-04-24,41.0,38.34,6.49,93.51
2015-04-27,41.14,38.91,5.41,94.59
2015-04-28,42.11,39.4,6.42,93.58
2015-04-29,42.02,39.96,4.91,95.09
2015-04-30,41.66,40.51,2.77,97.23
2015-05-01,41.68,41.45,0.54,99.46
2015-05-04,41.32,41.66,0.82,99.18
2015-05-05,40.77,41.34,1.41,98.59
2015-05-06,39.64,41.12,3.75,96.25
2015-05-07,40.0,41.35,3.38,96.62
2015-05-08,40.9,41.35,1.1,98.9
2015-05-11,40.57,41.35,1.91,98.09
2015-05-12,40.56,41.33,1.92,98.08
2015-05-13,40.8,41.51,1.76,98.24
2015-05-14,41.73,41.3,1.02,98.98
2015-05-15,41.37,41.17,0.48,99.52
2015-05-18,41.12,41.44,0.77,99.23
2015-05-19,41.02,41.44,1.02,98.98
2015-05-20,41.02,41.55,1.29,98.71
2015-05-21,40.88,40.58,0.74,99.26
2015-05-22,40.43,40.58,0.36,99.64
2015-05-26,40.16,40.62,1.13,98.87
2015-05-27,41.04,41.61,1.37,98.63
2015-05-28,40.91,41.2,0.71,99.29
2015-05-29,40.4,40.46,0.16,99.84
2015-06-01,40.72,41.04,0.8,99.2
2015-06-02,40.45,40.79,0.85,99.15
2015-06-03,40.39,40.57,0.45,99.55
2015-06-04,39.97,39.35,1.54,98.46
2015-06-05,39.78,38.55,3.08,96.92
2015-06-08,39.42,38.55,2.21,97.79
2015-06-09,39.35,38.55,2.04,97.96
2015-06-10,40.18,39.55,1.57,98.43
2015-06-11,40.04,39.55,1.21,98.79
2015-06-12,39.63,39.62,0.02,99.98
2015-06-15,39.21,39.46,0.65,99.35
2015-06-16,39.51,38.78,1.85,98.15
2015-06-17,39.63,38.94,1.74,98.26
2015-06-18,40.28,39.42,2.12,97.88
2015-06-19,39.74,38.87,2.2,97.8
2015-06-22,39.85,39.09,1.91,98.09
2015-06-23,39.58,38.98,1.51,98.49
2015-06-24,39.35,39.05,0.75,99.25
2015-06-25,39.35,39.2,0.38,99.62
2015-06-26,39.02,39.2,0.48,99.52
2015-06-29,38.25,38.58,0.85,99.15
2015-06-30,38.06,37.67,1.03,98.97
2015-07-01,38.32,37.67,1.7,98.3
2015-07-02,38.28,38.03,0.63,99.37
2015-07-06,38.27,38.22,0.12,99.88
2015-07-07,38.19,37.67,1.37,98.63
2015-07-08,38.14,37.49,1.7,98.3
2015-07-09,38.38,37.13,3.25,96.75
2015-07-10,38.46,37.49,2.52,97.48
2015-07-13,39.26,38.4,2.19,97.81
2015-07-14,39.33,38.71,1.57,98.43
2015-07-15,39.45,39.18,0.68,99.32
2015-07-16,40.22,39.53,1.72,98.28
2015-07-17,40.19,39.78,1.02,98.98
2015-07-20,40.45,41.04,1.46,98.54
2015-07-21,40.76,40.25,1.26,98.74
2015-07-22,39.26,39.53,0.69,99.31
2015-07-23,39.75,40.28,1.34,98.66
2015-07-24,39.6,40.24,1.61,98.39
2015-07-27,39.1,39.42,0.83,99.17
2015-07-28,39.09,39.42,0.85,99.15
2015-07-29,39.91,39.67,0.58,99.42
2015-07-30,40.41,39.78,1.57,98.43
2015-07-31,40.26,39.83,1.07,98.93
2015-08-03,40.35,39.83,1.3,98.7
2015-08-04,40.98,40.58,0.99,99.01
2015-08-05,41.02,40.4,1.51,98.49
2015-08-06,40.19,40.15,0.11,99.89
2015-08-07,40.29,39.99,0.75,99.25
2015-08-10,40.8,40.15,1.6,98.4
2015-08-11,40.01,40.37,0.91,99.09
2015-08-12,40.29,40.34,0.11,99.89
2015-08-13,40.29,40.37,0.22,99.78
2015-08-14,40.52,40.69,0.43,99.57
2015-08-17,40.79,40.69,0.25,99.75
2015-08-18,41.02,40.58,1.08,98.92
2015-08-19,40.45,40.15,0.74,99.26
2015-08-20,39.62,39.66,0.1,99.9
2015-08-21,37.37,38.55,3.15,96.85
2015-08-24,36.17,38.2,5.6,94.4
2015-08-25,35.12,38.24,8.89,91.11
2015-08-26,37.06,38.8,4.68,95.32
2015-08-27,38.09,38.35,0.68,99.32
2015-08-28,38.12,38.02,0.26,99.74
2015-08-31,37.77,38.06,0.79,99.21
2015-09-01,36.29,37.06,2.13,97.87
2015-09-02,37.63,36.9,1.92,98.08
2015-09-03,37.75,36.73,2.69,97.31
2015-09-04,36.98,36.52,1.22,98.78
2015-09-08,38.09,36.9,3.1,96.9
2015-09-09,37.37,36.73,1.72,98.28
2015-09-10,37.57,37.09,1.27,98.73
2015-09-11,37.73,37.63,0.26,99.74
2015-09-14,37.35,38.09,1.97,98.03
2015-09-15,38.16,38.4,0.63,99.37
2015-09-16,38.44,38.29,0.39,99.61
2015-09-17,38.4,38.11,0.75,99.25
2015-09-18,37.73,37.83,0.26,99.74
2015-09-21,38.28,38.11,0.44,99.56
2015-09-22,38.09,38.32,0.58,99.42
2015-09-23,38.07,38.11,0.11,99.89
2015-09-24,38.1,38.11,0.02,99.98
2015-09-25,38.13,38.28,0.4,99.6
2015-09-28,37.57,37.53,0.09,99.91
2015-09-29,37.7,38.11,1.1,98.9
2015-09-30,38.41,38.17,0.62,99.38
2015-10-01,38.71,38.28,1.11,98.89
2015-10-02,39.54,38.72,2.08,97.92
2015-10-05,40.46,38.88,3.93,96.07
2015-10-06,40.57,39.82,1.84,98.16
2015-10-07,40.61,39.83,1.93,98.07
2015-10-08,41.18,40.88,0.73,99.27
2015-10-09,40.88,40.07,1.97,98.03
2015-10-12,40.79,40.95,0.39,99.61
2015-10-13,40.69,40.95,0.63,99.37
2015-10-14,40.51,40.75,0.6,99.4
2015-10-15,40.79,40.75,0.11,99.89
2015-10-16,41.23,41.79,1.36,98.64
2015-10-19,41.32,41.79,1.12,98.88
2015-10-20,41.45,41.63,0.42,99.58
2015-10-21,40.96,40.75,0.51,99.49
2015-10-22,41.68,42.62,2.25,97.75
2015-10-23,45.88,44.31,3.42,96.58
2015-10-26,47.08,44.47,5.54,94.46
2015-10-27,46.59,44.15,5.23,94.77
2015-10-28,46.84,45.28,3.34,96.66
2015-10-29,46.3,45.34,2.08,97.92
2015-10-30,45.68,44.77,1.99,98.01
2015-11-02,46.2,46.1,0.21,99.79
2015-11-03,46.99,46.6,0.83,99.17
2015-11-04,47.21,46.95,0.55,99.45
2015-11-05,47.19,46.75,0.93,99.07
2015-11-06,47.66,47.53,0.26,99.74
2015-11-09,47.0,46.96,0.08,99.92
2015-11-10,46.43,46.94,1.1,98.9
2015-11-11,46.56,46.92,0.78,99.22
2015-11-12,46.27,46.64,0.8,99.2
2015-11-13,45.85,45.73,0.26,99.74
2015-11-16,46.66,46.54,0.25,99.75
2015-11-17,46.28,46.25,0.06,99.94
2015-11-18,47.04,46.99,0.12,99.88
2015-11-19,47.12,47.16,0.09,99.91
2015-11-20,47.34,47.1,0.52,99.48
2015-11-23,47.34,46.91,0.91,99.09
2015-11-24,47.39,46.91,1.02,98.98
2015-11-25,46.9,46.53,0.79,99.21
2015-11-27,47.11,46.34,1.64,98.36
2015-11-30,47.48,46.99,1.04,98.96
2015-12-01,48.24,47.24,2.08,97.92
2015-12-02,48.23,48.36,0.27,99.73
2015-12-03,47.35,48.22,1.84,98.16
2015-12-04,48.84,48.38,0.96,99.04
2015-12-07,48.76,48.36,0.81,99.19
2015-12-08,48.74,48.38,0.75,99.25
2015-12-09,48.03,48.21,0.37,99.63
2015-12-10,48.28,48.22,0.13,99.87
2015-12-11,47.23,47.69,0.97,99.03
2015-12-14,48.17,48.11,0.13,99.87
2015-12-15,48.22,48.11,0.24,99.76
2015-12-16,49.04,48.36,1.38,98.62
2015-12-17,48.66,48.22,0.9,99.1
2015-12-18,47.29,47.69,0.84,99.16
2015-12-21,47.9,47.69,0.45,99.55
2015-12-22,48.35,47.94,0.86,99.14
2015-12-23,48.77,49.47,1.45,98.55
2015-12-24,48.63,48.95,0.65,99.35
2015-12-28,48.88,49.2,0.65,99.35
2015-12-29,49.4,49.29,0.22,99.78
2015-12-30,49.19,49.47,0.57,99.43
2015-12-31,48.47,49.2,1.51,98.49
2016-01-04,47.87,49.29,2.97,97.03
2016-01-05,48.09,48.95,1.78,98.22
2016-01-06,47.22,48.45,2.6,97.4
2016-01-07,45.58,46.98,3.07,96.93
2016-01-08,45.72,45.71,0.01,99.99
2016-01-11,45.69,46.61,2.01,97.99
2016-01-12,46.11,46.67,1.22,98.78
2016-01-13,45.11,44.84,0.6,99.4
2016-01-14,46.4,45.55,1.83,98.17
2016-01-15,44.55,44.84,0.67,99.33
2016-01-19,44.17,44.15,0.04,99.96
2016-01-20,44.37,43.86,1.14,98.86
2016-01-21,44.1,43.86,0.53,99.47
2016-01-22,45.68,44.51,2.56,97.44
2016-01-25,45.24,44.64,1.34,98.66
2016-01-26,45.58,44.64,2.06,97.94
2016-01-27,44.75,44.54,0.46,99.54
2016-01-28,45.48,45.53,0.1,99.9
2016-01-29,48.13,46.16,4.08,95.92
2016-02-01,47.8,46.4,2.93,97.07
2016-02-02,46.3,45.95,0.77,99.23
2016-02-03,45.57,45.95,0.83,99.17
2016-02-04,45.43,45.48,0.11,99.89
2016-02-05,43.82,45.48,3.78,96.22
2016-02-08,43.17,45.48,5.35,94.65
2016-02-09,43.05,45.27,5.16,94.84
2016-02-10,43.43,45.15,3.97,96.03
2016-02-11,43.41,44.41,2.3,97.7
2016-02-12,44.12,43.78,0.77,99.23
2016-02-16,44.95,43.9,2.35,97.65
2016-02-17,46.12,44.42,3.69,96.31
2016-02-18,45.92,44.34,3.44,96.56
2016-02-19,45.6,44.2,3.06,96.94
2016-02-22,46.33,44.88,3.12,96.88
2016-02-23,45.03,44.88,0.33,99.67
2016-02-24,45.19,45.57,0.84,99.16
2016-02-25,45.84,45.95,0.23,99.77
2016-02-26,45.14,46.05,2.02,97.98
2016-02-29,44.77,46.16,3.11,96.89
2016-03-01,46.26,46.34,0.17,99.83
2016-03-02,46.59,46.34,0.53,99.47
2016-03-03,46.06,46.3,0.52,99.48
2016-03-04,45.78,46.05,0.59,99.41
2016-03-07,44.9,45.76,1.91,98.09
2016-03-08,45.45,45.48,0.07,99.93
2016-03-09,46.49,46.04,0.97,99.03
2016-03-10,45.8,45.95,0.32,99.68
2016-03-11,46.7,46.04,1.4,98.6
2016-03-14,46.78,46.33,0.96,99.04
2016-03-15,47.15,46.51,1.36,98.64
2016-03-16,47.82,47.1,1.52,98.48
2016-03-17,48.09,47.24,1.78,98.22
2016-03-18,47.07,47.2,0.28,99.72
2016-03-21,47.39,47.09,0.64,99.36
2016-03-22,47.58,46.99,1.24,98.76
2016-03-23,47.49,47.09,0.84,99.16
2016-03-24,47.7,47.24,0.97,99.03
2016-03-28,47.11,48.36,2.66,97.34
2016-03-29,48.14,48.36,0.46,99.54
2016-03-30,48.44,48.36,0.16,99.84
2016-03-31,48.6,48.38,0.45,99.55
2016-04-01,48.9,48.36,1.09,98.91
2016-04-04,48.77,48.36,0.84,99.16
2016-04-05,48.01,48.21,0.43,99.57
2016-04-06,48.5,48.11,0.8,99.2
2016-04-07,47.92,47.69,0.48,99.52
2016-04-08,47.88,48.21,0.68,99.32
2016-04-11,47.79,48.03,0.52,99.48
2016-04-12,48.09,48.08,0.02,99.98
2016-04-13,48.7,48.22,0.99,99.01
2016-04-14,48.71,49.47,1.56,98.44
2016-04-15,48.97,49.62,1.34,98.66
2016-04-18,49.68,49.62,0.11,99.89
2016-04-19,49.62,49.62,0.01,99.99
2016-04-20,48.91,49.29,0.78,99.22
2016-04-21,49.08,49.29,0.44,99.56
2016-04-22,45.56,46.98,3.1,96.9
2016-04-25,45.85,47.94,4.55,95.45
2016-04-26,45.26,45.71,1.0,99.0
2016-04-27,44.82,45.71,1.99,98.01
2016-04-28,43.91,44.84,2.14,97.86
2016-04-29,43.88,44.84,2.2,97.8
2016-05-02,44.53,44.15,0.85,99.15
2016-05-03,43.8,43.85,0.11,99.89
2016-05-04,43.88,43.57,0.71,99.29
2016-05-05,43.94,43.5,1.0,99.0
2016-05-06,44.34,43.5,1.89,98.11
2016-05-09,44.06,43.5,1.26,98.74
2016-05-10,44.89,42.6,5.11,94.89
2016-05-11,44.92,42.6,5.16,94.84
2016-05-12,45.32,45.25,0.15,99.85
2016-05-13,44.94,44.88,0.14,99.86
2016-05-16,45.6,45.6,0.01,99.99
2016-05-17,44.75,45.25,1.12,98.88
2016-05-18,45.02,45.82,1.77,98.23
2016-05-19,44.59,44.48,0.24,99.76
2016-05-20,44.85,44.4,1.0,99.0
2016-05-23,44.33,44.45,0.27,99.73
2016-05-24,45.71,44.84,1.91,98.09
2016-05-25,46.18,44.84,2.91,97.09
2016-05-26,45.98,44.76,2.64,97.36
2016-05-27,46.36,45.18,2.53,97.47
2016-05-31,46.96,46.47,1.04,98.96
2016-06-01,46.83,46.47,0.76,99.24
2016-06-02,46.5,46.22,0.6,99.4
2016-06-03,45.89,46.12,0.5,99.5
2016-06-06,46.19,46.73,1.18,98.82
2016-06-07,46.16,46.99,1.78,98.22
2016-06-08,46.11,46.91,1.74,98.26
2016-06-09,45.74,46.92,2.58,97.42
2016-06-10,45.61,46.83,2.67,97.33
2016-06-13,44.43,46.64,4.98,95.02
2016-06-14,44.15,44.67,1.17,98.83
2016-06-15,44.03,43.97,0.13,99.87
2016-06-16,44.65,44.72,0.17,99.83
2016-06-17,44.42,43.63,1.78,98.22
2016-06-20,44.36,43.27,2.47,97.53
2016-06-21,45.36,44.33,2.26,97.74
2016-06-22,45.18,44.5,1.5,98.5
2016-06-23,45.99,45.6,0.86,99.14
2016-06-24,44.15,44.33,0.41,99.59
2016-06-27,42.91,43.63,1.66,98.34
2016-06-28,43.81,44.5,1.58,98.42
2016-06-29,44.78,43.87,2.03,97.97
2016-06-30,45.34,44.09,2.75,97.25
2016-07-01,45.33,44.51,1.8,98.2
2016-07-05,45.34,44.51,1.84,98.16
2016-07-06,45.52,44.58,2.07,97.93
2016-07-07,45.52,44.48,2.29,97.71
2016-07-08,46.34,44.7,3.55,96.45
2016-07-11,46.6,46.43,0.35,99.65
2016-07-12,47.15,46.33,1.72,98.28
2016-07-13,47.41,46.47,1.98,98.02
2016-07-14,47.62,46.92,1.46,98.54
2016-07-15,47.58,47.54,0.08,99.92
2016-07-18,47.81,47.36,0.94,99.06
2016-07-19,47.04,47.97,1.97,98.03
2016-07-20,49.54,48.29,2.53,97.47
2016-07-21,49.44,49.16,0.56,99.44
2016-07-22,50.12,49.28,1.69,98.31
2016-07-25,50.27,49.28,1.96,98.04
2016-07-26,50.29,49.29,1.98,98.02
2016-07-27,49.79,50.25,0.94,99.06
2016-07-28,49.8,50.06,0.51,99.49
2016-07-29,50.22,50.06,0.33,99.67
2016-08-01,50.13,49.68,0.9,99.1
2016-08-02,50.13,49.66,0.93,99.07
2016-08-03,50.48,49.66,1.61,98.39
2016-08-04,50.85,49.7,2.27,97.73
2016-08-05,51.36,50.92,0.85,99.15
2016-08-08,51.44,52.06,1.19,98.81
2016-08-09,51.57,51.28,0.55,99.45
2016-08-10,51.41,51.22,0.36,99.64
2016-08-11,51.66,50.85,1.57,98.43
2016-08-12,51.34,50.79,1.07,98.93
2016-08-15,51.5,51.77,0.53,99.47
2016-08-16,51.21,51.79,1.12,98.88
2016-08-17,51.32,51.81,0.96,99.04
2016-08-18,51.35,51.77,0.81,99.19
2016-08-19,51.37,51.79,0.81,99.19
2016-08-22,51.42,51.85,0.85,99.15
2016-08-23,51.61,51.85,0.47,99.53
2016-08-24,51.67,51.84,0.33,99.67
2016-08-25,51.86,52.36,0.95,99.05
2016-08-26,51.74,52.24,0.98,99.02
2016-08-29,51.8,52.14,0.66,99.34
2016-08-30,51.61,52.47,1.66,98.34
2016-08-31,51.23,50.53,1.36,98.64
2016-09-01,51.35,51.16,0.35,99.65
2016-09-02,51.42,51.01,0.79,99.21
2016-09-06,51.36,51.3,0.12,99.88
2016-09-07,51.41,51.26,0.29,99.71
2016-09-08,51.2,50.91,0.57,99.43
2016-09-09,50.11,50.44,0.65,99.35
2016-09-12,50.86,51.86,1.97,98.03
2016-09-13,50.4,50.76,0.71,99.29
2016-09-14,50.16,48.88,2.55,97.45
2016-09-15,50.99,50.24,1.47,98.53
2016-09-16,51.04,50.31,1.44,98.56
2016-09-19,50.76,49.92,1.64,98.36
2016-09-20,50.65,49.66,1.96,98.04
2016-09-21,51.5,51.08,0.8,99.2
2016-09-22,51.55,51.08,0.91,99.09
2016-09-23,51.2,50.74,0.91,99.09
2016-09-26,50.73,50.48,0.49,99.51
2016-09-27,51.67,51.08,1.13,98.87
2016-09-28,51.74,51.08,1.26,98.74
2016-09-29,51.18,52.24,2.09,97.91
2016-09-30,51.35,52.07,1.39,98.61
2016-10-03,51.19,51.08,0.23,99.77
2016-10-04,51.03,51.08,0.09,99.91
2016-10-05,51.39,50.9,0.95,99.05
2016-10-06,51.48,52.11,1.22,98.78
2016-10-07,51.53,51.08,0.88,99.12
2016-10-10,51.75,52.32,1.11,98.89
2016-10-11,50.99,51.46,0.93,99.07
2016-10-12,50.92,50.05,1.7,98.3
2016-10-13,50.75,50.33,0.81,99.19
2016-10-14,51.19,50.98,0.42,99.58
2016-10-17,51.02,49.98,2.02,97.98
2016-10-18,51.41,50.91,0.97,99.03
2016-10-19,51.29,51.16,0.25,99.75
2016-10-20,51.04,50.91,0.26,99.74
2016-10-21,53.19,51.41,3.35,96.65
2016-10-24,54.39,54.21,0.31,99.69
2016-10-25,54.38,54.15,0.42,99.58
2016-10-26,54.06,54.09,0.06,99.94
2016-10-27,53.58,54.09,0.94,99.06
2016-10-28,53.38,54.02,1.19,98.81
2016-10-31,53.42,54.09,1.25,98.75
2016-11-01,53.32,54.16,1.58,98.42
2016-11-02,52.99,54.16,2.21,97.79
2016-11-03,52.79,54.16,2.59,97.41
2016-11-04,52.34,54.02,3.2,96.8
2016-11-07,53.87,54.16,0.54,99.46
2016-11-08,53.91,54.16,0.45,99.55
2016-11-09,53.65,54.16,0.95,99.05
2016-11-10,52.33,53.63,2.47,97.53
2016-11-11,52.62,53.1,0.91,99.09
2016-11-14,51.82,52.2,0.74,99.26
2016-11-15,52.84,53.56,1.36,98.64
2016-11-16,53.54,54.09,1.03,98.97
2016-11-17,54.43,54.27,0.3,99.7
2016-11-18,54.17,54.23,0.12,99.88
2016-11-21,54.63,54.37,0.47,99.53
2016-11-22,54.86,54.38,0.88,99.12
2016-11-23,54.21,54.37,0.28,99.72
2016-11-25,54.33,54.38,0.09,99.91
2016-11-28,54.4,54.19,0.39,99.61
2016-11-29,54.83,54.27,1.03,98.97
2016-11-30,54.09,54.19,0.19,99.81
2016-12-01,53.14,54.27,2.12,97.88
2016-12-02,53.18,54.19,1.9,98.1
2016-12-05,54.05,54.52,0.86,99.14
2016-12-06,53.81,54.37,1.04,98.96
2016-12-07,55.09,54.38,1.28,98.72
2016-12-08,54.76,54.19,1.04,98.96
2016-12-09,55.62,54.38,2.24,97.76
2016-12-12,55.8,54.37,2.57,97.43
2016-12-13,56.53,54.38,3.81,96.19
2016-12-14,56.26,54.52,3.1,96.9
2016-12-15,56.17,54.97,2.13,97.87
2016-12-16,55.92,54.83,1.94,98.06
2016-12-19,57.1,55.02,3.66,96.34
2016-12-20,57.03,56.72,0.55,99.45
2016-12-21,57.03,57.12,0.16,99.84
2016-12-22,57.04,57.12,0.14,99.86
2016-12-23,56.76,57.22,0.8,99.2
2016-12-27,56.8,57.25,0.79,99.21
2016-12-28,56.54,57.17,1.12,98.88
2016-12-29,56.46,57.17,1.27,98.73
2016-12-30,55.78,56.75,1.75,98.25
2017-01-03,56.17,56.85,1.2,98.8
2017-01-04,55.92,56.41,0.88,99.12
2017-01-05,55.92,56.62,1.26,98.74
2017-01-06,56.4,56.85,0.78,99.22
2017-01-09,56.22,56.85,1.1,98.9
2017-01-10,56.21,55.88,0.58,99.42
2017-01-11,56.72,56.62,0.17,99.83
2017-01-12,56.2,56.03,0.3,99.7
2017-01-13,56.28,56.32,0.07,99.93
2017-01-17,56.13,56.34,0.39,99.61
2017-01-18,56.1,56.32,0.39,99.61
2017-01-19,55.92,56.34,0.76,99.24
2017-01-20,56.31,56.73,0.73,99.27
2017-01-23,56.51,56.53,0.04,99.96
2017-01-24,57.01,56.6,0.73,99.27
2017-01-25,57.16,56.68,0.85,99.15
2017-01-26,57.69,57.19,0.87,99.13
2017-01-27,59.04,57.61,2.43,97.57
2017-01-30,58.46,57.19,2.17,97.83
2017-01-31,58.03,57.17,1.47,98.53
2017-02-01,57.07,56.85,0.39,99.61
2017-02-02,56.7,56.85,0.26,99.74
2017-02-03,57.16,56.95,0.37,99.63
2017-02-06,57.12,57.02,0.17,99.83
2017-02-07,56.93,56.92,0.02,99.98
2017-02-08,56.85,57.02,0.3,99.7
2017-02-09,57.5,57.02,0.83,99.17
2017-02-10,57.45,57.02,0.73,99.27
2017-02-13,58.09,57.02,1.84,98.16
2017-02-14,58.31,57.28,1.77,98.23
2017-02-15,58.27,57.14,1.94,98.06
2017-02-16,58.26,56.67,2.74,97.26
2017-02-17,58.35,58.21,0.24,99.76
2017-02-21,58.24,58.33,0.16,99.84
2017-02-22,58.12,58.66,0.93,99.07
2017-02-23,58.35,59.09,1.27,98.73
2017-02-24,58.35,58.7,0.6,99.4
2017-02-27,58.0,58.66,1.14,98.86
2017-02-28,57.78,58.66,1.53,98.47
2017-03-01,58.64,58.72,0.13,99.87
2017-03-02,57.8,58.33,0.92,99.08
2017-03-03,58.02,58.51,0.85,99.15
2017-03-06,58.04,58.21,0.3,99.7
2017-03-07,58.16,58.18,0.04,99.96
2017-03-08,58.69,58.41,0.48,99.52
2017-03-09,58.45,58.08,0.64,99.36
2017-03-10,58.63,58.33,0.51,99.49
2017-03-13,58.44,58.08,0.61,99.39
2017-03-14,58.16,57.98,0.31,99.69
2017-03-15,58.47,57.98,0.84,99.16
2017-03-16,58.37,57.98,0.67,99.33
2017-03-17,58.58,58.41,0.29,99.71
2017-03-20,58.63,58.52,0.19,99.81
2017-03-21,57.98,57.83,0.26,99.74
2017-03-22,58.72,58.59,0.23,99.77
2017-03-23,58.58,58.51,0.12,99.88
2017-03-24,58.68,58.51,0.29,99.71
2017-03-27,58.79,58.51,0.47,99.53
2017-03-28,58.96,58.33,1.06,98.94
2017-03-29,59.12,58.52,1.02,98.98
2017-03-30,59.34,58.52,1.38,98.62
2017-03-31,59.47,58.66,1.37,98.63
2017-04-03,59.19,58.66,0.9,99.1
2017-04-04,59.36,58.85,0.84,99.16
2017-04-05,59.2,58.82,0.65,99.35
2017-04-06,59.36,58.78,0.97,99.03
2017-04-07,59.31,58.59,1.21,98.79
2017-04-10,59.18,62.04,4.83,95.17
2017-04-11,59.13,59.83,1.19,98.81
2017-04-12,58.9,59.82,1.56,98.44
2017-04-13,58.65,58.28,0.63,99.37
2017-04-17,59.13,58.48,1.1,98.9
2017-04-18,59.05,59.34,0.49,99.51
2017-04-19,58.73,59.0,0.46,99.54
2017-04-20,59.15,59.21,0.11,99.89
2017-04-21,59.96,61.46,2.5,97.5
2017-04-24,60.98,61.82,1.38,98.62
2017-04-25,61.33,61.83,0.8,99.2
2017-04-26,61.25,62.87,2.65,97.35
2017-04-27,61.65,62.92,2.05,97.95
2017-04-28,61.82,62.93,1.8,98.2
2017-05-01,62.68,63.23,0.87,99.13
2017-05-02,62.58,63.26,1.09,98.91
2017-05-03,62.38,63.26,1.42,98.58
2017-05-04,62.14,63.23,1.75,98.25
2017-05-05,62.31,63.26,1.53,98.47
2017-05-08,62.25,63.26,1.62,98.38
2017-05-09,62.35,63.71,2.19,97.81
2017-05-10,62.59,63.79,1.92,98.08
2017-05-11,61.82,63.05,1.99,98.01
2017-05-12,61.75,62.79,1.68,98.32
2017-05-15,61.79,62.68,1.43,98.57
2017-05-16,63.04,63.05,0.02,99.98
2017-05-17,61.29,62.38,1.78,98.22
2017-05-18,61.49,62.45,1.55,98.45
2017-05-19,61.48,61.59,0.19,99.81
2017-05-22,62.17,62.38,0.34,99.66
2017-05-23,62.38,62.51,0.21,99.79
2017-05-24,62.46,62.6,0.23,99.77
2017-05-25,63.23,62.78,0.71,99.29
2017-05-26,63.54,62.79,1.18,98.82
2017-05-30,63.95,62.98,1.51,98.49
2017-05-31,63.43,62.68,1.19,98.81
2017-06-01,63.67,63.05,0.96,99.04
2017-06-02,65.17,63.07,3.23,96.77
2017-06-05,65.65,63.07,3.93,96.07
2017-06-06,65.86,63.74,3.23,96.77
2017-06-07,65.75,65.98,0.35,99.65
2017-06-08,65.35,65.3,0.06,99.94
2017-06-09,63.87,64.77,1.42,98.58
2017-06-12,63.37,64.5,1.77,98.23
2017-06-13,64.16,64.63,0.72,99.28
2017-06-14,63.82,64.5,1.06,98.94
2017-06-15,63.48,64.22,1.16,98.84
2017-06-16,63.57,64.22,1.02,98.98
2017-06-19,64.36,64.32,0.07,99.93
2017-06-20,63.49,64.22,1.15,98.85
2017-06-21,63.82,64.22,0.63,99.37
2017-06-22,63.81,63.79,0.03,99.97
2017-06-23,64.67,63.88,1.22,98.78
2017-06-26,64.06,63.67,0.6,99.4
2017-06-27,62.86,63.5,1.02,98.98
2017-06-28,63.39,63.67,0.44,99.56
2017-06-29,62.2,63.79,2.55,97.45
2017-06-30,62.6,64.09,2.38,97.62
2017-07-03,61.91,62.69,1.26,98.74
2017-07-05,62.74,62.34,0.63,99.37
2017-07-06,62.28,62.17,0.17,99.83
2017-07-07,63.08,62.45,1.0,99.0
2017-07-10,63.56,62.38,1.85,98.15
2017-07-11,63.57,62.51,1.67,98.33
2017-07-12,64.62,63.63,1.53,98.47
2017-07-13,65.18,63.81,2.1,97.9
2017-07-14,66.1,63.81,3.46,96.54
2017-07-17,66.62,64.85,2.66,97.34
2017-07-18,66.57,64.86,2.57,97.43
2017-07-19,67.08,64.86,3.31,96.69
2017-07-20,67.41,65.72,2.5,97.5
2017-07-21,67.02,66.48,0.79,99.21
2017-07-24,66.84,66.87,0.04,99.96
2017-07-25,67.38,66.87,0.75,99.25
2017-07-26,67.25,67.34,0.13,99.87
2017-07-27,66.44,66.05,0.59,99.41
2017-07-28,66.34,66.01,0.49,99.51
2017-07-31,66.03,65.99,0.05,99.95
2017-08-01,65.92,65.84,0.11,99.89
2017-08-02,65.63,65.47,0.24,99.76
2017-08-03,65.53,65.03,0.75,99.25
2017-08-04,66.01,65.03,1.48,98.52
2017-08-07,65.75,64.97,1.2,98.8
2017-08-08,66.11,66.05,0.09,99.91
2017-08-09,65.82,64.69,1.71,98.29
2017-08-10,64.86,63.47,2.14,97.86
2017-08-11,65.84,64.65,1.81,98.19
2017-08-14,66.83,66.15,1.02,98.98
2017-08-15,66.85,66.15,1.05,98.95
2017-08-16,67.25,65.72,2.27,97.73
2017-08-17,66.1,66.26,0.23,99.77
2017-08-18,66.19,66.28,0.14,99.86
2017-08-21,65.88,65.44,0.66,99.34
2017-08-22,66.8,66.56,0.36,99.64
2017-08-23,66.4,66.45,0.09,99.91
2017-08-24,66.37,66.38,0.01,99.99
2017-08-25,66.49,66.45,0.05,99.95
2017-08-28,66.5,66.38,0.18,99.82
2017-08-29,66.7,66.45,0.37,99.63
2017-08-30,67.57,66.92,0.97,99.03
2017-08-31,68.27,68.05,0.31,99.69
2017-09-01,67.51,67.6,0.14,99.86
2017-09-05,67.21,67.53,0.47,99.53
2017-09-06,67.02,67.41,0.58,99.42
2017-09-07,67.88,68.05,0.26,99.74
2017-09-08,67.55,67.84,0.43,99.57
2017-09-11,68.26,68.05,0.3,99.7
2017-09-12,68.19,68.02,0.25,99.75
2017-09-13,68.67,68.05,0.9,99.1
2017-09-14,68.27,68.05,0.31,99.69
2017-09-15,68.76,68.05,1.03,98.97
2017-09-18,68.62,68.05,0.83,99.17
2017-09-19,68.88,68.05,1.2,98.8
2017-09-20,68.42,67.63,1.16,98.84
2017-09-21,67.76,67.3,0.67,99.33
2017-09-22,67.94,67.53,0.61,99.39
2017-09-25,66.89,67.38,0.73,99.27
2017-09-26,66.89,67.41,0.77,99.23
2017-09-27,67.43,69.07,2.43,97.57
2017-09-28,67.45,69.28,2.72,97.28
2017-09-29,68.01,69.25,1.82,98.18
2017-10-02,68.12,69.28,1.7,98.3
2017-10-03,67.8,68.58,1.14,98.86
2017-10-04,68.2,69.28,1.59,98.41
2017-10-05,69.36,69.38,0.02,99.98
2017-10-06,69.39,70.04,0.93,99.07
2017-10-09,69.66,70.04,0.55,99.45
2017-10-10,69.66,70.27,0.89,99.11
2017-10-11,69.77,74.43,6.68,93.32
2017-10-12,70.41,72.69,3.23,96.77
2017-10-13,70.75,72.18,2.02,97.98
2017-10-16,70.9,72.18,1.81,98.19
2017-10-17,70.84,72.18,1.89,98.11
2017-10-18,70.86,72.18,1.86,98.14
2017-10-19,71.14,72.18,1.47,98.53
2017-10-20,71.96,72.18,0.31,99.69
2017-10-23,71.98,72.18,0.29,99.71
2017-10-24,72.0,74.25,3.13,96.87
2017-10-25,71.79,74.25,3.43,96.57
2017-10-26,71.91,74.25,3.26,96.74
2017-10-27,76.52,74.25,2.96,97.04
2017-10-30,76.6,74.25,3.06,96.94
2017-10-31,75.95,76.06,0.15,99.85
2017-11-01,75.95,76.06,0.15,99.85
2017-11-02,76.74,76.06,0.88,99.12
2017-11-03,76.82,76.06,0.99,99.01
2017-11-06,77.12,76.06,1.38,98.62
2017-11-07,76.94,76.06,1.14,98.86
2017-11-08,77.21,75.57,2.13,97.87
2017-11-09,76.78,77.39,0.8,99.2
2017-11-10,76.58,77.42,1.1,98.9
2017-11-13,76.63,77.42,1.03,98.97
2017-11-14,76.74,77.39,0.85,99.15
2017-11-15,76.14,76.99,1.1,98.9
2017-11-16,76.35,76.32,0.04,99.96
2017-11-17,75.61,75.5,0.14,99.86
2017-11-20,75.73,73.96,2.34,97.66
2017-11-21,76.82,74.19,3.42,96.58
2017-11-22,76.26,73.78,3.26,96.74
2017-11-24,76.4,74.75,2.16,97.84
2017-11-27,76.96,76.22,0.97,99.03
2017-11-28,77.89,76.42,1.88,98.12
2017-11-29,76.48,77.84,1.78,98.22
2017-11-30,77.24,78.28,1.35,98.65
2017-12-01,77.32,78.36,1.34,98.66
2017-12-04,74.4,77.32,3.93,96.07
2017-12-05,74.87,74.27,0.81,99.19
2017-12-06,75.96,75.17,1.04,98.96
2017-12-07,75.7,74.96,0.97,99.03
2017-12-08,77.23,77.31,0.1,99.9
2017-12-11,78.21,77.42,1.01,98.99
2017-12-12,78.53,77.28,1.6,98.4
2017-12-13,78.32,77.28,1.33,98.67
2017-12-14,77.71,77.18,0.69,99.31
2017-12-15,79.7,79.64,0.07,99.93
2017-12-18,79.26,79.53,0.34,99.66
2017-12-19,78.76,79.63,1.11,98.89
2017-12-20,78.48,79.53,1.34,98.66
2017-12-21,78.46,80.68,2.83,97.17
2017-12-22,78.47,81.06,3.3,96.7
2017-12-26,78.37,81.05,3.43,96.57
2017-12-27,78.65,81.04,3.04,96.96
2017-12-28,78.66,81.04,3.03,96.97
2017-12-29,78.49,80.82,2.96,97.04
2018-01-02,78.87,80.71,2.33,97.67
2018-01-03,79.24,80.71,1.86,98.14
2018-01-04,79.93,81.04,1.38,98.62
2018-01-05,80.93,81.47,0.68,99.32
2018-01-08,81.01,81.04,0.04,99.96
2018-01-09,80.95,81.06,0.13,99.87
2018-01-10,80.59,81.19,0.75,99.25
2018-01-11,80.82,82.22,1.72,98.28
2018-01-12,82.22,82.83,0.74,99.26
2018-01-16,81.07,81.05,0.02,99.98
2018-01-17,82.72,82.0,0.86,99.14
2018-01-18,82.68,81.49,1.44,98.56
2018-01-19,82.59,81.47,1.35,98.65
2018-01-22,84.06,82.22,2.2,97.8
2018-01-23,84.33,82.22,2.51,97.49
2018-01-24,84.26,82.24,2.39,97.61
2018-01-25,84.72,82.24,2.93,97.07
2018-01-26,86.31,84.05,2.62,97.38
2018-01-29,86.18,84.05,2.47,97.53
2018-01-30,85.1,84.75,0.41,99.59
2018-01-31,87.18,85.94,1.42,98.58
2018-02-01,86.5,86.1,0.46,99.54
2018-02-02,84.22,84.34,0.15,99.85
2018-02-05,80.75,84.78,4.99,95.01
2018-02-06,83.81,84.81,1.19,98.81
2018-02-07,82.23,83.91,2.04,97.96
2018-02-08,78.01,83.49,7.03,92.97
2018-02-09,80.92,83.86,3.63,96.37
2018-02-12,81.79,81.0,0.97,99.03
2018-02-13,82.43,81.2,1.49,98.51
2018-02-14,83.72,83.37,0.42,99.58
2018-02-15,85.43,83.37,2.4,97.6
2018-02-16,84.82,83.34,1.74,98.26
2018-02-20,85.48,83.4,2.44,97.56
2018-02-21,84.35,82.85,1.78,98.22
2018-02-22,84.57,84.3,0.32,99.68
2018-02-23,86.72,85.18,1.78,98.22
2018-02-26,87.97,85.65,2.64,97.36
2018-02-27,86.85,85.25,1.84,98.16
2018-02-28,86.45,85.39,1.23,98.77
2018-03-01,85.6,86.23,0.74,99.26
2018-03-02,85.79,85.65,0.16,99.84
2018-03-05,86.33,85.65,0.79,99.21
2018-03-06,86.04,85.65,0.45,99.55
2018-03-07,86.53,85.45,1.25,98.75
2018-03-08,87.06,88.43,1.57,98.43
2018-03-09,89.0,88.76,0.27,99.73
2018-03-12,89.22,88.82,0.44,99.56
2018-03-13,87.04,88.38,1.54,98.46
2018-03-14,86.52,88.37,2.13,97.87
2018-03-15,86.83,87.43,0.7,99.3
2018-03-16,87.22,86.92,0.34,99.66
2018-03-19,85.64,86.88,1.45,98.55
2018-03-20,85.86,87.12,1.47,98.53
2018-03-21,85.26,87.41,2.52,97.48
2018-03-22,82.78,86.11,4.03,95.97
2018-03-23,80.37,81.57,1.49,98.51
2018-03-26,86.46,87.49,1.19,98.81
2018-03-27,82.49,83.58,1.32,98.68
2018-03-28,82.41,83.55,1.38,98.62
2018-03-29,84.15,83.55,0.71,99.29
2018-04-02,81.61,83.03,1.74,98.26
2018-04-03,82.71,83.58,1.05,98.95
2018-04-04,85.12,84.56,0.66,99.34
2018-04-05,85.17,84.56,0.72,99.28
2018-04-06,83.19,83.91,0.88,99.12
2018-04-09,83.68,84.5,0.97,99.03
2018-04-10,85.63,84.78,0.99,99.01
2018-04-11,84.69,84.78,0.11,99.89
2018-04-12,86.28,85.18,1.27,98.73
2018-04-13,85.81,85.26,0.64,99.36
2018-04-16,86.82,84.81,2.32,97.68
2018-04-17,88.57,85.65,3.3,96.7
2018-04-18,88.91,88.76,0.17,99.83
2018-04-19,88.61,88.82,0.24,99.76
2018-04-20,87.58,88.82,1.41,98.59
2018-04-23,87.91,88.82,1.04,98.96
2018-04-24,85.85,87.49,1.91,98.09
2018-04-25,85.1,87.49,2.8,97.2
2018-04-26,86.9,88.78,2.16,97.84
2018-04-27,88.34,88.82,0.55,99.45
2018-04-30,86.22,87.49,1.47,98.53
2018-05-01,87.58,88.43,0.96,99.04
2018-05-02,86.21,87.49,1.48,98.52
2018-05-03,86.73,87.49,0.88,99.12
2018-05-04,87.73,87.49,0.28,99.72
2018-05-07,88.71,87.43,1.44,98.56
2018-05-08,88.33,87.46,0.98,99.02
2018-05-09,89.37,87.49,2.11,97.89
2018-05-10,90.27,88.43,2.04,97.96
2018-05-11,90.07,88.35,1.91,98.09
2018-05-14,90.38,88.82,1.72,98.28
2018-05-15,89.72,88.82,1.0,99.0
2018-05-16,89.95,88.63,1.48,98.52
2018-05-17,89.06,87.49,1.76,98.24
2018-05-18,89.22,88.82,0.45,99.55
2018-05-21,90.37,88.82,1.71,98.29
2018-05-22,90.28,89.41,0.96,99.04
2018-05-23,91.35,89.69,1.82,98.18
2018-05-24,91.03,88.82,2.42,97.58
2018-05-25,91.08,88.82,2.47,97.53
2018-05-29,90.75,91.38,0.7,99.3
2018-05-30,91.62,92.03,0.45,99.55
2018-05-31,91.52,91.5,0.03,99.97
2018-06-01,93.33,94.46,1.22,98.78
2018-06-04,94.14,94.48,0.36,99.64
2018-06-05,94.62,95.86,1.31,98.69
2018-06-06,94.9,95.86,1.01,98.99
2018-06-07,93.41,95.05,1.76,98.24
2018-06-08,94.1,95.34,1.31,98.69
2018-06-11,93.57,94.46,0.96,99.04
2018-06-12,93.81,94.46,0.7,99.3
2018-06-13,93.38,94.38,1.07,98.93
2018-06-14,93.91,94.46,0.59,99.41
2018-06-15,92.71,93.96,1.34,98.66
2018-06-18,93.39,94.46,1.15,98.85
2018-06-19,93.39,93.96,0.61,99.39
2018-06-20,94.33,94.46,0.15,99.85
2018-06-21,93.65,93.02,0.67,99.33
2018-06-22,92.97,91.71,1.36,98.64
2018-06-25,91.1,89.92,1.29,98.71
2018-06-26,91.74,91.34,0.43,99.57
2018-06-27,90.32,91.34,1.14,98.86
2018-06-28,91.33,91.34,0.02,99.98
2018-06-29,91.31,91.35,0.04,99.96
2018-07-02,92.6,92.15,0.49,99.51
2018-07-03,91.71,91.71,0.0,100.0
2018-07-05,92.37,92.12,0.28,99.72
2018-07-06,93.67,93.7,0.03,99.97
2018-07-09,94.31,93.7,0.65,99.35
2018-07-10,94.56,93.8,0.8,99.2
2018-07-11,94.43,93.02,1.49,98.51
2018-07-12,96.47,94.31,2.24,97.76
2018-07-13,97.62,94.46,3.23,96.77
2018-07-16,97.14,95.34,1.86,98.14
2018-07-17,98.1,98.33,0.23,99.77
2018-07-18,97.33,98.83,1.53,98.47
2018-07-19,96.67,98.04,1.42,98.58
2018-07-20,98.4,98.56,0.16,99.84
2018-07-23,99.97,100.28,0.31,99.69
2018-07-24,99.69,100.8,1.12,98.88
2018-07-25,102.62,101.3,1.29,98.71
2018-07-26,101.5,100.25,1.23,98.77
2018-07-27,99.7,99.25,0.45,99.55
2018-07-30,97.57,98.53,0.98,99.02
2018-07-31,98.22,98.76,0.54,99.46
2018-08-01,98.41,98.53,0.12,99.88
2018-08-02,99.6,98.38,1.23,98.77
2018-08-03,100.04,98.38,1.65,98.35
2018-08-06,100.12,100.18,0.06,99.94
2018-08-07,100.82,100.54,0.28,99.72
2018-08-08,101.38,101.53,0.14,99.86
2018-08-09,101.55,101.13,0.41,99.59
2018-08-10,100.93,100.59,0.33,99.67
2018-08-13,100.2,99.91,0.28,99.72
2018-08-14,101.45,99.08,2.33,97.67
2018-08-15,100.07,99.04,1.03,98.97
2018-08-16,100.05,99.91,0.14,99.86
2018-08-17,100.0,101.67,1.68,98.32
2018-08-20,99.34,100.78,1.45,98.55
2018-08-21,98.51,99.91,1.43,98.57
2018-08-22,99.51,99.75,0.23,99.77
2018-08-23,99.98,99.75,0.23,99.77
2018-08-24,100.76,99.77,0.98,99.02
2018-08-27,101.87,101.71,0.16,99.84
2018-08-28,102.49,102.46,0.02,99.98
2018-08-29,104.12,102.96,1.12,98.88
2018-08-30,104.06,103.5,0.53,99.47
2018-08-31,104.41,103.61,0.77,99.23
2018-09-04,103.83,103.5,0.32,99.68
2018-09-05,100.84,103.55,2.69,97.31
2018-09-06,101.07,104.23,3.12,96.88
2018-09-07,100.58,102.47,1.88,98.12
2018-09-10,101.67,103.33,1.64,98.36
2018-09-11,103.4,103.5,0.1,99.9
2018-09-12,103.83,103.83,0.0,100.0
2018-09-13,104.95,103.83,1.06,98.94
2018-09-14,105.38,105.64,0.25,99.75
2018-09-17,104.23,104.74,0.49,99.51
2018-09-18,105.23,104.97,0.24,99.76
2018-09-19,103.83,103.86,0.03,99.97
2018-09-20,105.56,104.74,0.78,99.22
2018-09-21,106.2,104.74,1.37,98.63
2018-09-24,106.59,104.74,1.73,98.27
2018-09-25,106.38,105.93,0.43,99.57
2018-09-26,105.94,105.64,0.29,99.71
2018-09-27,106.34,106.81,0.44,99.56
2018-09-28,106.31,105.75,0.53,99.47
2018-10-01,107.46,105.64,1.69,98.31
2018-10-02,107.03,107.9,0.81,99.19
2018-10-03,107.05,107.36,0.29,99.71
2018-10-04,104.84,106.09,1.19,98.81
2018-10-05,104.22,106.14,1.84,98.16
2018-10-08,103.04,102.01,0.99,99.01
2018-10-09,104.35,103.88,0.44,99.56
2018-10-10,98.68,98.82,0.14,99.86
2018-10-11,98.44,98.24,0.21,99.79
2018-10-12,101.85,101.32,0.52,99.48
2018-10-15,100.01,100.4,0.39,99.61
2018-10-16,103.17,101.2,1.91,98.09
2018-10-17,102.91,100.54,2.3,97.7
2018-10-18,100.85,99.32,1.52,98.48
2018-10-19,101.0,99.51,1.47,98.53
2018-10-22,101.9,99.51,2.34,97.66
2018-10-23,100.48,98.43,2.04,97.96
2018-10-24,95.11,95.93,0.87,99.13
2018-10-25,100.66,100.12,0.54,99.46
2018-10-26,99.42,99.79,0.37,99.63
2018-10-29,96.53,97.64,1.15,98.85
2018-10-30,96.42,99.18,2.86,97.14
2018-10-31,99.28,100.22,0.94,99.06
2018-11-01,98.45,99.14,0.7,99.3
2018-11-02,98.68,99.41,0.74,99.26
2018-11-05,99.93,98.39,1.54,98.46
2018-11-06,100.13,99.04,1.08,98.92
2018-11-07,104.07,101.53,2.44,97.56
2018-11-08,103.87,101.53,2.26,97.74
2018-11-09,101.85,100.67,1.16,98.84
2018-11-12,99.34,100.19,0.86,99.14
2018-11-13,99.4,101.08,1.69,98.31
2018-11-14,97.99,98.87,0.89,99.11
2018-11-15,100.15,100.22,0.07,99.93
2018-11-16,101.09,101.71,0.62,99.38
2018-11-19,97.66,100.22,2.61,97.39
2018-11-20,94.95,97.78,2.98,97.02
2018-11-21,96.25,98.43,2.26,97.74
2018-11-23,96.22,98.39,2.26,97.74
2018-11-26,99.39,97.64,1.76,98.24
2018-11-27,100.02,99.47,0.55,99.45
2018-11-28,103.73,99.44,4.14,95.86
2018-11-29,102.86,99.44,3.33,96.67
2018-11-30,103.52,100.89,2.54,97.46
2018-12-03,104.64,101.71,2.79,97.21
2018-12-04,101.31,100.89,0.41,99.59
2018-12-06,101.93,101.08,0.84,99.16
2018-12-07,97.85,99.18,1.35,98.65
2018-12-10,100.44,100.19,0.25,99.75
2018-12-11,101.37,101.08,0.29,99.71
2018-12-12,101.83,101.8,0.03,99.97
2018-12-13,102.17,101.8,0.36,99.64
2018-12-14,98.98,101.08,2.12,97.88
2018-12-17,96.05,99.14,3.22,96.78
2018-12-18,97.06,96.59,0.48,99.52
2018-12-19,96.8,94.62,2.24,97.76
2018-12-20,94.76,93.72,1.09,98.91
2018-12-21,91.7,92.78,1.18,98.82
2018-12-24,87.87,92.29,5.03,94.97
2018-12-26,93.87,95.28,1.5,98.5
2018-12-27,94.45,95.28,0.88,99.12
2018-12-28,93.72,93.32,0.42,99.58
2018-12-31,94.82,92.99,1.93,98.07
2019-01-02,94.4,92.29,2.23,97.77
2019-01-03,90.92,89.79,1.25,98.75
2019-01-04,95.15,92.99,2.28,97.72
2019-01-07,95.27,93.6,1.76,98.24
2019-01-08,95.97,94.67,1.35,98.65
2019-01-09,97.34,94.67,2.74,97.26
2019-01-10,96.71,94.53,2.26,97.74
2019-01-11,95.97,97.52,1.62,98.38
2019-01-14,95.27,96.95,1.77,98.23
2019-01-15,98.03,97.47,0.57,99.43
2019-01-16,98.37,97.46,0.93,99.07
2019-01-17,99.06,99.11,0.04,99.96
2019-01-18,100.55,99.11,1.43,98.57
2019-01-22,98.65,98.39,0.27,99.73
2019-01-23,99.62,99.11,0.51,99.49
2019-01-24,99.14,100.17,1.04,98.96
2019-01-25,100.04,99.11,0.94,99.06
2019-01-28,98.09,98.38,0.29,99.71
2019-01-29,96.1,97.52,1.48,98.52
2019-01-30,99.31,98.38,0.93,99.07
2019-01-31,97.49,97.52,0.04,99.96
2019-02-01,95.95,97.52,1.64,98.36
2019-02-04,98.71,100.18,1.49,98.51
2019-02-05,100.09,100.1,0.01,99.99
2019-02-06,98.98,99.32,0.34,99.66
2019-02-07,98.27,99.3,1.04,98.96
2019-02-08,98.64,98.93,0.29,99.71
2019-02-11,98.25,99.75,1.52,98.48
2019-02-12,99.78,99.77,0.01,99.99
2019-02-13,99.71,99.77,0.06,99.94
2019-02-14,99.79,99.75,0.05,99.95
2019-02-15,101.03,100.63,0.39,99.61
2019-02-19,100.98,101.53,0.54,99.46
2019-02-20,100.45,100.45,0.01,99.99
2019-02-21,102.57,101.53,1.02,98.98
2019-02-22,104.03,103.18,0.83,99.17
2019-02-25,104.62,102.78,1.75,98.25
2019-02-26,105.34,102.96,2.26,97.74
2019-02-27,105.16,103.18,1.88,98.12
2019-02-28,105.03,105.8,0.74,99.26
2019-03-01,105.5,106.67,1.11,98.89
2019-03-04,105.24,107.25,1.91,98.09
2019-03-05,104.72,105.98,1.2,98.8
2019-03-06,104.77,105.77,0.96,99.04
2019-03-07,103.49,104.56,1.03,98.97
2019-03-08,103.6,104.56,0.92,99.08
2019-03-11,105.78,106.21,0.41,99.59
2019-03-12,106.52,107.16,0.6,99.4
2019-03-13,107.34,106.63,0.66,99.34
2019-03-14,107.43,105.75,1.57,98.43
2019-03-15,108.67,105.93,2.52,97.48
2019-03-18,110.22,109.14,0.98,99.02
2019-03-19,110.3,109.16,1.03,98.97
2019-03-20,110.18,114.61,4.03,95.97
2019-03-21,112.71,115.11,2.13,97.87
2019-03-22,109.73,113.43,3.36,96.64
2019-03-25,110.31,113.43,2.83,97.17
2019-03-26,110.54,113.43,2.61,97.39
2019-03-27,109.47,113.53,3.71,96.29
2019-03-28,109.62,113.53,3.57,96.43
2019-03-29,110.57,113.43,2.58,97.42
2019-04-01,111.58,113.43,1.65,98.35
2019-04-02,111.74,113.43,1.51,98.49
2019-04-03,112.47,113.43,0.85,99.15
2019-04-04,111.9,113.43,1.36,98.64
2019-04-05,112.4,112.84,0.39,99.61
2019-04-08,112.43,112.84,0.36,99.64
2019-04-09,111.83,112.84,0.9,99.1
2019-04-10,112.68,112.2,0.42,99.58
2019-04-11,112.81,113.43,0.55,99.45
2019-04-12,113.39,113.43,0.03,99.97
2019-04-15,113.48,113.43,0.05,99.95
2019-04-16,113.22,115.32,1.86,98.14
2019-04-17,114.16,115.11,0.83,99.17
2019-04-18,115.66,115.52,0.12,99.88
2019-04-22,116.03,115.11,0.79,99.21
2019-04-23,117.6,116.04,1.33,98.67
2019-04-24,117.2,115.32,1.6,98.4
2019-04-25,121.08,117.78,2.72,97.28
2019-04-26,121.77,117.78,3.28,96.72
2019-04-29,121.66,117.78,3.19,96.81
2019-04-30,122.44,120.52,1.57,98.43
2019-05-01,119.89,120.88,0.83,99.17
2019-05-02,118.32,119.82,1.27,98.73
2019-05-03,120.84,119.86,0.82,99.18
2019-05-06,120.14,119.82,0.27,99.73
2019-05-07,117.68,122.36,3.98,96.02
2019-05-08,117.67,121.99,3.67,96.33
2019-05-09,117.66,121.99,3.68,96.32
2019-05-10,119.18,121.99,2.35,97.65
2019-05-13,115.64,120.35,4.07,95.93
2019-05-14,116.93,120.11,2.72,97.28
2019-05-15,118.58,118.56,0.02,99.98
2019-05-16,121.32,120.11,1.0,99.0
2019-05-17,120.51,119.79,0.6,99.4
2019-05-20,118.77,117.8,0.82,99.18
2019-05-21,119.41,120.11,0.59,99.41
2019-05-22,120.13,121.8,1.39,98.61
2019-05-23,118.73,120.31,1.33,98.67
2019-05-24,118.79,120.35,1.31,98.69
2019-05-28,118.71,121.8,2.6,97.4
2019-05-29,117.57,117.43,0.12,99.88
2019-05-30,118.31,117.35,0.81,99.19
2019-05-31,116.38,115.09,1.11,98.89
2019-06-03,112.77,119.55,6.01,93.99
2019-06-04,115.89,115.33,0.48,99.52
2019-06-05,118.4,115.65,2.32,97.68
2019-06-06,120.28,119.79,0.41,99.59
2019-06-07,123.64,120.24,2.75,97.25
2019-06-10,124.77,121.86,2.34,97.66
2019-06-11,124.3,122.36,1.56,98.44
2019-06-12,123.73,121.99,1.41,98.59
2019-06-13,124.51,123.61,0.73,99.27
2019-06-14,124.63,123.61,0.82,99.18
2019-06-17,125.01,123.61,1.12,98.88
2019-06-18,127.18,123.74,2.71,97.29
2019-06-19,127.68,123.74,3.09,96.91
2019-06-20,128.87,124.38,3.48,96.52
2019-06-21,128.89,127.92,0.75,99.25
2019-06-24,129.65,127.92,1.33,98.67
2019-06-25,125.55,126.63,0.85,99.15
2019-06-26,126.02,126.52,0.39,99.61
2019-06-27,126.23,124.91,1.04,98.96
2019-06-28,126.05,124.52,1.21,98.79
2019-07-01,127.67,126.5,0.92,99.08
2019-07-02,128.52,128.73,0.16,99.84
2019-07-03,129.35,128.73,0.48,99.52
2019-07-05,128.97,128.71,0.21,99.79
2019-07-08,128.88,128.71,0.13,99.87
2019-07-09,128.41,127.31,0.86,99.14
2019-07-10,129.71,127.31,1.85,98.15
2019-07-11,130.23,127.31,2.24,97.76
2019-07-12,130.7,129.84,0.66,99.34
2019-07-15,130.7,129.76,0.72,99.28
2019-07-16,128.99,131.36,1.84,98.16
2019-07-17,128.23,129.67,1.12,98.88
2019-07-18,128.37,129.67,1.01,98.99
2019-07-19,128.56,131.34,2.16,97.84
2019-07-22,130.26,131.34,0.83,99.17
2019-07-23,131.07,131.34,0.21,99.79
2019-07-24,132.41,131.34,0.81,99.19
2019-07-25,131.92,131.34,0.44,99.56
2019-07-26,133.0,132.27,0.55,99.45
2019-07-29,132.71,132.27,0.33,99.67
2019-07-30,132.07,130.41,1.25,98.75
2019-07-31,128.23,127.84,0.3,99.7
2019-08-01,129.91,129.03,0.68,99.32
2019-08-02,128.82,127.88,0.73,99.27
2019-08-05,124.41,125.0,0.48,99.52
2019-08-06,126.74,127.57,0.66,99.34
2019-08-07,127.29,128.62,1.04,98.96
2019-08-08,130.69,129.71,0.75,99.25
2019-08-09,129.58,129.98,0.31,99.69
2019-08-12,127.77,127.7,0.05,99.95
2019-08-13,130.42,127.78,2.02,97.98
2019-08-14,126.49,125.98,0.41,99.59
2019-08-15,126.21,125.14,0.84,99.16
2019-08-16,128.52,127.76,0.59,99.41
2019-08-19,130.67,129.93,0.57,99.43
2019-08-20,129.59,129.77,0.14,99.86
2019-08-21,131.03,129.66,1.05,98.95
2019-08-22,130.08,129.66,0.32,99.68
2019-08-23,125.93,129.66,2.96,97.04
2019-08-26,127.88,129.66,1.39,98.61
2019-08-27,128.15,129.66,1.18,98.82
2019-08-28,127.98,127.7,0.22,99.78
2019-08-29,130.4,129.66,0.57,99.43
2019-08-30,130.15,129.76,0.3,99.7
2019-09-03,128.44,127.53,0.71,99.29
2019-09-04,129.94,129.63,0.23,99.77
2019-09-05,132.22,131.96,0.2,99.8
2019-09-06,131.33,130.26,0.81,99.19
2019-09-09,129.83,130.13,0.23,99.77
2019-09-10,128.47,128.98,0.4,99.6
2019-09-11,128.51,127.83,0.53,99.47
2019-09-12,129.83,130.13,0.23,99.77
2019-09-13,129.64,130.29,0.5,99.5
2019-09-16,128.71,130.07,1.06,98.94
2019-09-17,129.71,130.17,0.36,99.64
2019-09-18,130.78,130.51,0.2,99.8
2019-09-19,133.19,130.51,2.01,97.99
2019-09-20,131.65,130.33,1.0,99.0
2019-09-23,131.36,130.51,0.65,99.35
2019-09-24,129.7,130.39,0.53,99.47
2019-09-25,131.57,130.39,0.9,99.1
2019-09-26,131.74,130.33,1.07,98.93
2019-09-27,130.03,130.33,0.23,99.77
2019-09-30,131.26,130.51,0.57,99.43
2019-10-01,129.41,130.33,0.71,99.29
2019-10-02,127.12,127.84,0.56,99.44
2019-10-03,128.66,129.03,0.28,99.72
2019-10-04,130.4,130.33,0.05,99.95
2019-10-07,129.46,130.39,0.72,99.28
2019-10-08,128.09,127.88,0.16,99.84
2019-10-09,130.51,127.88,2.02,97.98
2019-10-10,131.33,130.39,0.71,99.29
2019-10-11,131.87,130.33,1.17,98.83
2019-10-14,131.75,130.51,0.94,99.06
2019-10-15,133.66,132.62,0.78,99.22
2019-10-16,132.56,134.35,1.35,98.65
2019-10-17,131.88,134.46,1.95,98.05
2019-10-18,129.73,130.17,0.34,99.66
2019-10-21,130.69,130.33,0.28,99.72
2019-10-22,128.75,130.33,1.23,98.77
2019-10-23,129.57,130.33,0.59,99.41
2019-10-24,132.12,130.43,1.28,98.72
2019-10-25,132.86,132.44,0.32,99.68
2019-10-28,136.13,136.29,0.12,99.88
2019-10-29,134.85,134.57,0.2,99.8
2019-10-30,136.53,136.37,0.12,99.88
2019-10-31,135.36,134.64,0.53,99.47
2019-11-01,135.69,134.64,0.77,99.23
2019-11-04,136.47,134.64,1.34,98.66
2019-11-05,136.39,140.11,2.73,97.27
2019-11-06,136.01,140.11,3.01,96.99
2019-11-07,136.2,141.54,3.93,96.07
2019-11-08,137.8,141.54,2.72,97.28
2019-11-11,137.94,140.76,2.04,97.96
2019-11-12,138.85,140.76,1.38,98.62
2019-11-13,139.08,141.06,1.43,98.57
2019-11-14,139.78,141.06,0.91,99.09
2019-11-15,141.59,141.61,0.01,99.99
2019-11-18,141.94,141.5,0.31,99.69
2019-11-19,141.98,140.76,0.86,99.14
2019-11-20,141.74,142.11,0.27,99.73
2019-11-21,141.61,143.29,1.19,98.81
2019-11-22,141.71,143.29,1.12,98.88
2019-11-25,143.26,142.11,0.8,99.2
2019-11-26,144.02,142.11,1.32,98.68
2019-11-27,144.3,142.11,1.51,98.49
2019-11-29,143.41,141.5,1.33,98.67
2019-12-02,141.67,141.54,0.09,99.91
2019-12-03,141.44,141.52,0.05,99.95
2019-12-04,141.96,141.52,0.31,99.69
2019-12-05,142.03,141.62,0.29,99.71
2019-12-06,143.76,141.62,1.48,98.52
2019-12-09,143.39,140.18,2.24,97.76
2019-12-10,143.17,140.18,2.09,97.91
2019-12-11,143.71,140.11,2.51,97.49
2019-12-12,145.17,141.84,2.3,97.7
2019-12-13,146.39,141.84,3.11,96.89
2019-12-16,147.34,150.13,1.9,98.1
2019-12-17,146.54,149.99,2.35,97.65
2019-12-18,146.24,150.06,2.61,97.39
2019-12-19,147.51,151.72,2.86,97.14
2019-12-20,149.12,150.75,1.09,98.91
2019-12-23,149.12,150.81,1.13,98.87
2019-12-24,149.09,150.81,1.15,98.85
2019-12-26,150.31,151.14,0.55,99.45
2019-12-27,150.59,150.75,0.11,99.89
2019-12-30,149.29,151.24,1.3,98.7
2019-12-31,149.39,152.57,2.13,97.87
2020-01-02,152.16,152.18,0.01,99.99
2020-01-03,150.26,152.79,1.68,98.32
2020-01-06,150.65,152.64,1.32,98.68
2020-01-07,149.28,151.04,1.18,98.82
2020-01-08,151.66,152.66,0.66,99.34
2020-01-09,153.55,153.33,0.14,99.86
2020-01-10,152.84,152.64,0.13,99.87
2020-01-13,154.68,152.66,1.3,98.7
2020-01-14,153.59,152.74,0.55,99.45
2020-01-15,154.58,152.64,1.26,98.74
2020-01-16,157.42,152.79,2.94,97.06
2020-01-17,158.3,154.1,2.65,97.35
2020-01-21,157.73,154.16,2.26,97.74
2020-01-22,156.97,153.95,1.92,98.08
2020-01-23,157.94,153.42,2.86,97.14
2020-01-24,156.35,162.38,3.86,96.14
2020-01-27,153.73,161.27,4.91,95.09
2020-01-28,156.74,162.38,3.6,96.4
2020-01-29,159.19,162.38,2.0,98.0
2020-01-30,163.68,163.22,0.28,99.72
2020-01-31,161.26,162.38,0.69,99.31
2020-02-03,165.19,169.07,2.34,97.66
2020-02-04,170.63,169.96,0.39,99.61
2020-02-05,170.42,170.42,0.0,100.0
2020-02-06,173.96,169.96,2.3,97.7
2020-02-07,174.2,170.42,2.17,97.83
2020-02-10,178.76,174.74,2.25,97.75
2020-02-11,174.72,174.8,0.05,99.95
2020-02-12,174.98,174.8,0.1,99.9
2020-02-13,174.03,176.78,1.58,98.42
2020-02-14,175.59,177.29,0.97,99.03
2020-02-18,177.37,177.29,0.04,99.96
2020-02-19,177.9,177.29,0.34,99.66
2020-02-20,175.18,176.45,0.73,99.27
2020-02-21,169.64,173.53,2.29,97.71
2020-02-24,162.33,169.18,4.22,95.78
2020-02-25,159.65,163.3,2.29,97.71
2020-02-26,161.65,164.75,1.92,98.08
2020-02-27,150.26,154.31,2.7,97.3
2020-02-28,153.89,155.31,0.92,99.08
2020-03-02,164.13,159.35,2.92,97.08
2020-03-03,156.27,157.46,0.76,99.24
2020-03-04,162.01,160.65,0.84,99.16
2020-03-05,157.94,152.67,3.34,96.66
2020-03-06,153.48,150.12,2.19,97.81
2020-03-09,143.07,148.08,3.5,96.5
2020-03-10,152.86,151.09,1.16,98.84
2020-03-11,145.93,140.68,3.6,96.4
2020-03-12,132.09,137.56,4.14,95.86
2020-03-13,150.87,146.48,2.91,97.09
2020-03-16,128.64,139.98,8.82,91.18
2020-03-17,139.23,143.11,2.79,97.21
2020-03-18,133.37,137.28,2.94,97.06
2020-03-19,135.56,137.07,1.12,98.88
2020-03-20,130.47,133.2,2.1,97.9
2020-03-23,129.17,133.36,3.24,96.76
2020-03-24,140.91,136.27,3.29,96.71
2020-03-25,139.56,137.28,1.63,98.37
2020-03-26,148.29,146.5,1.2,98.8
2020-03-27,142.2,146.5,3.03,96.97
2020-03-30,152.2,146.68,3.63,96.37
2020-03-31,149.81,142.56,4.84,95.16
2020-04-01,144.49,142.75,1.21,98.79
2020-04-02,147.48,142.41,3.44,96.56
2020-04-03,146.12,150.63,3.08,96.92
2020-04-06,156.99,152.18,3.07,96.93
2020-04-07,155.3,152.96,1.51,98.49
2020-04-08,156.86,152.96,2.48,97.52
2020-04-09,156.87,152.78,2.61,97.39
2020-04-13,157.22,159.08,1.18,98.82
2020-04-14,165.0,159.86,3.11,96.89
2020-04-15,163.27,159.86,2.09,97.91
2020-04-16,168.17,159.81,4.97,95.03
2020-04-17,169.65,169.14,0.31,99.69
2020-04-20,166.29,166.85,0.34,99.66
2020-04-21,159.41,164.28,3.06,96.94
2020-04-22,164.83,168.0,1.92,98.08
2020-04-23,162.83,166.85,2.47,97.53
2020-04-24,165.81,169.22,2.06,97.94
2020-04-27,165.33,165.86,0.32,99.68
2020-04-28,161.3,165.26,2.45,97.55
2020-04-29,168.54,167.85,0.41,99.59
2020-04-30,170.23,167.9,1.37,98.63
2020-05-01,165.83,166.06,0.14,99.86
2020-05-04,169.88,166.06,2.25,97.75
2020-05-05,171.71,170.17,0.89,99.11
2020-05-06,173.4,170.17,1.86,98.14
2020-05-07,174.4,170.17,2.43,97.57
2020-05-08,175.43,170.91,2.58,97.42
2020-05-11,177.39,175.56,1.03,98.97
2020-05-12,173.37,172.68,0.4,99.6
2020-05-13,170.75,172.82,1.21,98.79
2020-05-14,171.49,172.02,0.31,99.69
2020-05-15,173.98,172.68,0.75,99.25
2020-05-18,175.65,176.54,0.51,99.49
2020-05-19,174.43,172.82,0.93,99.07
2020-05-20,176.85,172.68,2.36,97.64
2020-05-21,174.73,173.75,0.56,99.44
2020-05-22,174.8,172.82,1.14,98.86
2020-05-26,172.95,172.15,0.47,99.53
2020-05-27,173.18,172.06,0.65,99.35
2020-05-28,172.79,171.26,0.88,99.12
2020-05-29,174.56,172.06,1.43,98.57
2020-06-01,174.16,167.4,3.88,96.12
2020-06-02,176.14,172.2,2.23,97.77
2020-06-03,176.57,175.2,0.77,99.23
2020-06-04,174.24,172.02,1.27,98.73
2020-06-05,178.32,183.46,2.88,97.12
2020-06-08,179.42,182.8,1.88,98.12
2020-06-09,180.79,184.53,2.07,97.93
2020-06-10,187.5,187.92,0.22,99.78
2020-06-11,177.43,182.58,2.9,97.1
2020-06-12,178.83,182.8,2.22,97.78
2020-06-15,179.98,183.46,1.94,98.06
2020-06-16,184.39,184.53,0.08,99.92
2020-06-17,185.02,185.66,0.34,99.66
2020-06-18,187.01,185.86,0.61,99.39
2020-06-19,185.89,184.53,0.73,99.27
2020-06-22,191.05,187.23,2.0,98.0
2020-06-23,192.33,187.38,2.58,97.42
2020-06-24,188.45,185.66,1.48,98.52
2020-06-25,190.83,196.54,2.99,97.01
2020-06-26,187.01,193.7,3.57,96.43
2020-06-29,189.02,193.7,2.47,97.53
2020-06-30,193.85,193.7,0.08,99.92
2020-07-01,194.99,200.32,2.73,97.27
2020-07-02,196.47,200.32,1.96,98.04
2020-07-06,200.7,200.33,0.18,99.82
2020-07-07,198.37,199.57,0.61,99.39
2020-07-08,202.73,200.5,1.1,98.9
2020-07-09,204.15,200.4,1.84,98.16
2020-07-10,203.53,202.65,0.43,99.57
2020-07-13,197.24,196.05,0.6,99.4
2020-07-14,198.46,196.05,1.21,98.79
2020-07-15,198.17,198.56,0.2,99.8
2020-07-16,194.24,193.47,0.4,99.6
2020-07-17,193.25,193.7,0.23,99.77
2020-07-20,201.56,200.35,0.6,99.4
2020-07-21,198.85,197.8,0.53,99.47
2020-07-22,201.7,200.55,0.57,99.43
2020-07-23,192.93,194.73,0.93,99.07
2020-07-24,191.75,191.29,0.24,99.76
2020-07-27,194.18,194.62,0.23,99.77
2020-07-28,192.43,192.59,0.08,99.92
2020-07-29,194.38,192.5,0.96,99.04
2020-07-30,194.23,192.5,0.89,99.11
2020-07-31,195.28,195.9,0.31,99.69
2020-08-03,206.27,201.83,2.15,97.85
2020-08-04,203.17,201.83,0.66,99.34
2020-08-05,202.84,202.4,0.22,99.78
2020-08-06,206.08,206.45,0.18,99.82
2020-08-07,202.4,201.96,0.22,99.78
2020-08-10,198.37,201.38,1.52,98.48
2020-08-11,193.73,196.69,1.53,98.47
2020-08-12,199.26,201.68,1.21,98.79
2020-08-13,198.8,201.68,1.45,98.55
2020-08-14,198.99,201.68,1.35,98.65
2020-08-17,200.3,202.92,1.31,98.69
2020-08-18,201.46,201.8,0.17,99.83
2020-08-19,200.23,201.68,0.72,99.28
2020-08-20,204.89,204.76,0.07,99.93
2020-08-21,203.4,202.32,0.53,99.47
2020-08-24,204.04,203.88,0.08,99.92
2020-08-25,206.7,203.52,1.53,98.47
2020-08-26,211.17,205.19,2.83,97.17
2020-08-27,216.35,212.61,1.73,98.27
2020-08-28,218.58,216.04,1.16,98.84
2020-08-31,215.35,215.69,0.16,99.84
2020-09-01,217.01,215.52,0.69,99.31
2020-09-02,221.19,215.29,2.67,97.33
2020-09-03,207.49,206.86,0.3,99.7
2020-09-04,204.58,206.74,1.06,98.94
2020-09-08,193.51,199.64,3.17,96.83
2020-09-09,201.75,207.09,2.65,97.35
2020-09-10,196.1,201.36,2.68,97.32
2020-09-11,194.82,197.7,1.48,98.52
2020-09-14,196.14,199.34,1.63,98.37
2020-09-15,199.35,199.86,0.25,99.75
2020-09-16,195.79,198.29,1.28,98.72
2020-09-17,193.75,194.84,0.56,99.44
2020-09-18,191.34,190.39,0.5,99.5
2020-09-21,193.4,192.0,0.72,99.28
2020-09-22,198.06,195.05,1.52,98.48
2020-09-23,191.53,190.65,0.46,99.54
2020-09-24,194.02,194.18,0.09,99.91
2020-09-25,198.44,197.53,0.46,99.54
2020-09-28,199.98,200.47,0.24,99.76
2020-09-29,197.9,198.43,0.26,99.74
2020-09-30,200.83,200.47,0.18,99.82
2020-10-01,202.87,200.72,1.06,98.94
2020-10-02,196.88,198.32,0.73,99.27
2020-10-05,200.88,200.39,0.24,99.76
2020-10-06,196.61,200.39,1.92,98.08
2020-10-07,200.36,200.04,0.16,99.84
2020-10-08,201.07,202.81,0.86,99.14
2020-10-09,206.07,204.85,0.59,99.41
2020-10-12,211.4,206.45,2.34,97.66
2020-10-13,212.8,212.82,0.01,99.99
2020-10-14,210.89,212.53,0.78,99.22
2020-10-15,209.74,207.99,0.83,99.17
2020-10-16,209.74,206.66,1.47,98.53
2020-10-19,204.55,203.1,0.71,99.29
2020-10-20,204.96,204.13,0.41,99.59
2020-10-21,205.1,203.84,0.61,99.39
2020-10-22,205.19,206.79,0.78,99.22
2020-10-23,206.47,207.5,0.5,99.5
2020-10-26,200.6,204.13,1.76,98.24
2020-10-27,203.62,204.13,0.25,99.75
2020-10-28,193.53,198.73,2.69,97.31
2020-10-29,195.48,199.15,1.88,98.12
2020-10-30,193.33,195.04,0.88,99.12
2020-11-02,193.2,194.2,0.52,99.48
2020-11-03,197.11,197.25,0.07,99.93
2020-11-04,206.62,203.2,1.66,98.34
2020-11-05,213.21,206.08,3.35,96.65
2020-11-06,213.62,207.45,2.89,97.11
2020-11-09,208.53,205.92,1.25,98.75
2020-11-10,201.48,204.6,1.55,98.45
2020-11-11,206.77,205.92,0.41,99.59
2020-11-12,205.71,204.07,0.8,99.2
2020-11-13,206.74,204.13,1.26,98.74
2020-11-16,207.42,207.73,0.15,99.85
2020-11-17,204.78,209.75,2.43,97.57
2020-11-18,202.08,204.13,1.01,98.99
2020-11-19,203.36,206.0,1.3,98.7
2020-11-20,201.42,204.13,1.34,98.66
2020-11-23,201.15,204.13,1.48,98.52
2020-11-24,204.74,203.55,0.58,99.42
2020-11-25,204.75,200.6,2.03,97.97
2020-11-27,206.05,200.68,2.61,97.39
2020-11-30,204.94,202.6,1.14,98.86
2020-12-01,206.99,207.91,0.45,99.55
2020-12-02,206.19,206.54,0.17,99.83
2020-12-03,205.1,206.54,0.7,99.3
2020-12-04,205.22,205.46,0.12,99.88
2020-12-07,205.15,205.36,0.1,99.9
2020-12-08,206.8,208.37,0.76,99.24
2020-12-09,202.77,208.72,2.94,97.06
2020-12-10,201.54,201.68,0.07,99.93
2020-12-11,204.17,203.91,0.12,99.88
2020-12-14,205.07,205.15,0.04,99.96
2020-12-15,205.0,205.47,0.23,99.77
2020-12-16,209.93,209.53,0.19,99.81
2020-12-17,210.06,208.4,0.79,99.21
2020-12-18,209.27,209.04,0.11,99.89
2020-12-21,213.1,211.54,0.73,99.27
2020-12-22,214.39,214.28,0.05,99.95
2020-12-23,211.59,210.84,0.36,99.64
2020-12-24,213.25,211.08,1.02,98.98
2020-12-28,215.37,213.9,0.68,99.32
2020-12-29,214.59,210.73,1.8,98.2
2020-12-30,212.23,213.9,0.79,99.21
2020-12-31,212.93,220.29,3.46,96.54
2021-01-04,208.41,213.03,2.22,97.78
2021-01-05,208.61,214.24,2.7,97.3
2021-01-06,203.2,205.28,1.02,98.98
2021-01-07,208.98,205.91,1.47,98.53
2021-01-08,210.25,208.38,0.89,99.11
2021-01-11,208.22,207.53,0.33,99.67
2021-01-12,205.76,206.89,0.55,99.45
2021-01-13,207.11,206.89,0.11,99.89
2021-01-14,203.94,206.55,1.28,98.72
2021-01-15,203.58,202.73,0.42,99.58
2021-01-19,207.21,203.3,1.89,98.11
2021-01-20,214.77,209.02,2.68,97.32
2021-01-21,215.38,208.94,2.99,97.01
2021-01-22,216.31,220.79,2.07,97.93
2021-01-25,219.74,223.48,1.7,98.3
2021-01-26,222.42,223.43,0.45,99.55
2021-01-27,222.97,228.17,2.33,97.67
2021-01-28,228.74,228.17,0.25,99.75
2021-01-29,222.07,224.14,0.93,99.07
2021-02-01,229.43,228.27,0.51,99.49
2021-02-02,229.3,228.91,0.17,99.83
2021-02-03,232.64,231.19,0.62,99.38
2021-02-04,231.69,230.83,0.37,99.63
2021-02-05,231.87,230.85,0.44,99.56
2021-02-08,232.13,231.88,0.11,99.89
2021-02-09,233.37,233.21,0.07,99.93
2021-02-10,232.46,233.61,0.49,99.51
2021-02-11,234.06,236.55,1.06,98.94
2021-02-12,234.54,236.06,0.65,99.35
2021-02-16,233.31,235.56,0.96,99.04
2021-02-17,234.32,237.84,1.5,98.5
2021-02-18,233.93,235.07,0.49,99.51
2021-02-19,231.23,238.17,3.0,97.0
2021-02-22,225.03,224.06,0.43,99.57
2021-02-23,223.84,224.14,0.13,99.87
2021-02-24,225.06,221.0,1.81,98.19
2021-02-25,219.73,218.42,0.6,99.4
2021-02-26,222.98,221.0,0.89,99.11
2021-03-01,227.36,223.9,1.52,98.48
2021-03-02,224.41,222.76,0.74,99.26
2021-03-03,218.36,220.64,1.04,98.96
2021-03-04,217.56,216.67,0.41,99.59
2021-03-05,222.23,221.27,0.43,99.57
2021-03-08,218.19,219.51,0.6,99.4
2021-03-09,224.33,218.43,2.63,97.37
2021-03-10,223.02,218.43,2.06,97.94
2021-03-11,227.54,224.91,1.16,98.84
2021-03-12,226.22,225.56,0.29,99.71
2021-03-15,225.31,225.39,0.04,99.96
2021-03-16,228.1,225.39,1.18,98.82
2021-03-17,227.45,229.07,0.71,99.29
2021-03-18,221.39,224.94,1.6,98.4
2021-03-19,221.03,219.08,0.88,99.12
2021-03-22,226.45,225.51,0.41,99.59
2021-03-23,227.97,227.49,0.21,99.79
2021-03-24,225.94,227.0,0.47,99.53
2021-03-25,222.94,225.68,1.22,98.78
2021-03-26,226.92,227.6,0.3,99.7
2021-03-29,225.73,225.51,0.1,99.9
2021-03-30,222.47,225.72,1.46,98.54
2021-03-31,226.24,224.94,0.57,99.43
2021-04-01,232.55,229.03,1.51,98.49
2021-04-05,239.0,231.89,2.98,97.02
2021-04-06,237.84,234.33,1.48,98.52
2021-04-07,239.79,235.03,1.99,98.01
2021-04-08,243.01,240.16,1.17,98.83
2021-04-09,245.5,243.61,0.77,99.23
2021-04-12,245.56,244.42,0.46,99.54
2021-04-13,248.04,245.23,1.13,98.87
2021-04-14,245.25,246.62,0.56,99.44
2021-04-15,249.01,249.76,0.3,99.7
2021-04-16,250.2,249.73,0.19,99.81
2021-04-19,248.28,253.69,2.18,97.82
2021-04-20,247.82,253.29,2.21,97.79
2021-04-21,250.04,253.48,1.37,98.63
2021-04-22,246.77,252.63,2.38,97.62
2021-04-23,250.59,252.68,0.84,99.16
2021-04-26,250.97,254.12,1.25,98.75
2021-04-27,251.38,255.45,1.62,98.38
2021-04-28,244.27,245.65,0.57,99.43
2021-04-29,242.3,242.5,0.08,99.92
2021-04-30,241.98,242.61,0.26,99.74
2021-05-03,241.67,241.24,0.18,99.82
2021-05-04,237.77,241.18,1.43,98.57
2021-05-05,236.5,236.98,0.2,99.8
2021-05-06,239.63,239.76,0.06,99.94
2021-05-07,242.25,239.08,1.31,98.69
2021-05-10,237.18,238.37,0.5,99.5
2021-05-11,236.27,236.01,0.11,99.89
2021-05-12,229.33,232.9,1.56,98.44
2021-05-13,233.2,231.55,0.71,99.29
2021-05-14,238.11,233.46,1.96,98.04
2021-05-17,235.26,232.49,1.18,98.82
2021-05-18,233.25,233.47,0.09,99.91
2021-05-19,233.83,232.12,0.73,99.27
2021-05-20,237.06,235.6,0.62,99.38
2021-05-21,235.8,233.19,1.11,98.89
2021-05-24,241.19,237.18,1.66,98.34
2021-05-25,242.1,240.64,0.6,99.4
2021-05-26,241.88,237.18,1.94,98.06
2021-05-27,239.78,237.94,0.77,99.23
2021-05-28,240.14,239.2,0.39,99.61
2021-06-01,237.94,238.35,0.17,99.83
2021-06-02,237.85,244.07,2.62,97.38
2021-06-03,236.32,238.73,1.02,98.98
2021-06-04,241.2,239.92,0.53,99.47
2021-06-07,244.11,244.15,0.02,99.98
2021-06-08,242.92,245.72,1.15,98.85
2021-06-09,243.9,245.71,0.74,99.26
2021-06-10,247.41,246.69,0.29,99.71
2021-06-11,248.03,249.01,0.4,99.6
2021-06-14,249.96,246.76,1.28,98.72
2021-06-15,248.48,249.58,0.44,99.56
2021-06-16,247.54,250.18,1.06,98.94
2021-06-17,250.93,251.7,0.31,99.69
2021-06-18,249.51,250.28,0.31,99.69
2021-06-21,252.59,256.98,1.74,98.26
2021-06-22,255.36,254.91,0.18,99.82
2021-06-23,255.13,256.78,0.65,99.35
2021-06-24,256.5,256.73,0.09,99.91
2021-06-25,254.89,258.57,1.44,98.56
2021-06-28,258.45,258.69,0.09,99.91
2021-06-29,261.03,258.45,0.99,99.01
2021-06-30,260.54,263.16,1.0,99.0
2021-07-01,261.22,263.94,1.04,98.96
2021-07-02,267.04,264.62,0.9,99.1
2021-07-06,267.05,267.2,0.06,99.94
2021-07-07,269.23,270.82,0.59,99.41
2021-07-08,266.82,268.26,0.54,99.46
2021-07-09,267.32,270.02,1.01,98.99
2021-07-12,266.72,269.82,1.16,98.84
2021-07-13,270.24,269.82,0.16,99.84
2021-07-14,271.71,270.79,0.34,99.66
2021-07-15,270.29,271.36,0.4,99.6
2021-07-16,270.02,270.61,0.22,99.78
2021-07-19,266.42,268.44,0.76,99.24
2021-07-20,268.64,268.44,0.08,99.92
2021-07-21,270.64,270.62,0.01,99.99
2021-07-22,275.2,271.54,1.33,98.67
2021-07-23,278.6,271.16,2.67,97.33
2021-07-26,278.0,280.51,0.9,99.1
2021-07-27,275.59,275.2,0.14,99.86
2021-07-28,275.28,276.31,0.37,99.63
2021-07-29,275.55,276.31,0.28,99.72
2021-07-30,274.02,275.8,0.65,99.35
2021-08-02,273.93,274.32,0.14,99.86
2021-08-03,276.14,274.78,0.5,99.5
2021-08-04,275.56,277.08,0.55,99.45
2021-08-05,278.45,277.31,0.41,99.59
2021-08-06,278.4,281.25,1.02,98.98
2021-08-09,277.31,280.67,1.21,98.79
2021-08-10,275.49,277.08,0.58,99.42
2021-08-11,275.98,275.68,0.11,99.89
2021-08-12,278.73,273.8,1.77,98.23
2021-08-13,281.66,279.01,0.94,99.06
2021-08-16,283.34,283.37,0.01,99.99
2021-08-17,281.88,280.44,0.51,99.49
2021-08-18,280.15,282.29,0.76,99.24
2021-08-19,285.97,289.77,1.33,98.67
2021-08-20,293.29,292.82,0.16,99.84
2021-08-23,293.57,292.54,0.35,99.65
2021-08-24,291.61,293.48,0.64,99.36
2021-08-25,291.02,293.49,0.85,99.15
2021-08-26,288.21,289.28,0.37,99.63
2021-08-27,288.82,293.6,1.66,98.34
2021-08-30,292.54,296.71,1.42,98.58
2021-08-31,290.9,294.7,1.31,98.69
2021-09-01,290.85,293.99,1.08,98.92
2021-09-02,290.19,290.97,0.27,99.73
2021-09-03,290.18,290.46,0.1,99.9
2021-09-07,289.26,290.32,0.37,99.63
2021-09-08,289.29,293.28,1.38,98.62
2021-09-09,286.44,287.98,0.54,99.46
2021-09-10,284.95,278.83,2.15,97.85
2021-09-13,286.18,279.84,2.22,97.78
2021-09-14,288.88,285.76,1.08,98.92
2021-09-15,293.73,291.38,0.8,99.2
2021-09-16,294.12,295.14,0.35,99.65
2021-09-17,288.96,290.7,0.6,99.4
2021-09-20,283.59,282.95,0.23,99.77
2021-09-21,284.07,280.21,1.36,98.64
2021-09-22,287.72,288.11,0.14,99.86
2021-09-23,288.66,290.26,0.55,99.45
2021-09-24,288.46,290.26,0.62,99.38
2021-09-27,283.47,279.95,1.24,98.76
2021-09-28,273.2,275.03,0.67,99.33
2021-09-29,273.67,273.23,0.16,99.84
2021-09-30,271.66,272.79,0.41,99.59
2021-10-01,278.58,276.48,0.75,99.25
2021-10-04,272.81,271.64,0.43,99.57
2021-10-05,278.25,272.2,2.17,97.83
2021-10-06,282.45,275.79,2.35,97.65
2021-10-07,284.12,282.34,0.63,99.37
2021-10-08,284.12,285.77,0.58,99.42
2021-10-11,283.52,283.38,0.05,99.95
2021-10-12,282.22,281.2,0.36,99.64
2021-10-13,285.53,282.61,1.02,98.98
2021-10-14,291.73,288.73,1.03,98.97
2021-10-15,293.14,292.08,0.36,99.64
2021-10-18,296.11,294.78,0.45,99.55
2021-10-19,297.02,294.77,0.76,99.24
2021-10-20,296.23,298.54,0.78,99.22
2021-10-21,299.45,298.91,0.18,99.82
2021-10-22,297.91,301.46,1.19,98.81
2021-10-25,296.92,301.08,1.4,98.6
2021-10-26,298.83,300.71,0.63,99.37
2021-10-27,311.41,305.29,1.97,98.03
2021-10-28,312.55,311.59,0.31,99.69
2021-10-29,319.55,314.19,1.68,98.32
2021-11-01,317.39,313.82,1.12,98.88
2021-11-02,321.01,313.82,2.24,97.76
2021-11-03,321.85,326.22,1.36,98.64
2021-11-04,324.2,326.39,0.68,99.32
2021-11-05,323.83,325.33,0.46,99.54
2021-11-08,324.73,325.14,0.13,99.87
2021-11-09,323.73,324.82,0.34,99.66
2021-11-10,318.76,323.34,1.44,98.56
2021-11-11,320.33,323.28,0.92,99.08
2021-11-12,324.47,325.99,0.47,99.53
2021-11-15,323.84,326.07,0.69,99.31
2021-11-16,327.16,326.57,0.18,99.82
2021-11-17,327.38,327.27,0.03,99.97
2021-11-18,329.46,327.51,0.59,99.41
2021-11-19,331.23,330.82,0.12,99.88
2021-11-22,328.06,328.82,0.23,99.77
2021-11-23,325.99,325.97,0.01,99.99
2021-11-24,326.21,326.07,0.04,99.96
2021-11-26,318.27,315.9,0.74,99.26
2021-11-29,324.98,324.67,0.09,99.91
2021-11-30,319.14,318.67,0.15,99.85
2021-12-01,318.65,321.28,0.82,99.18
2021-12-02,318.08,318.85,0.24,99.76
2021-12-03,311.83,311.14,0.22,99.78
2021-12-06,314.9,314.59,0.1,99.9
2021-12-07,323.32,320.09,1.0,99.0
2021-12-08,323.37,319.41,1.22,98.78
2021-12-09,321.57,315.51,1.88,98.12
2021-12-10,330.68,324.89,1.75,98.25
2021-12-13,327.65,324.89,0.84,99.16
2021-12-14,316.97,317.03,0.02,99.98
2021-12-15,323.06,321.83,0.38,99.62
2021-12-16,313.65,319.41,1.84,98.16
2021-12-17,312.59,313.14,0.18,99.82
2021-12-20,308.83,313.33,1.46,98.54
2021-12-21,315.96,316.49,0.17,99.83
2021-12-22,321.66,322.43,0.24,99.76
2021-12-23,323.1,326.11,0.93,99.07
2021-12-27,330.59,327.69,0.88,99.12
2021-12-28,329.44,326.25,0.97,99.03
2021-12-29,330.11,326.25,1.17,98.83
2021-12-30,327.57,326.25,0.4,99.6
2021-12-31,324.68,320.81,1.19,98.81
2022-01-03,323.16,321.19,0.61,99.39
2022-01-04,317.62,322.65,1.58,98.42
2022-01-05,305.43,309.39,1.3,98.7
2022-01-06,303.01,311.22,2.71,97.29
2022-01-07,303.17,308.76,1.85,98.15
2022-01-10,303.39,310.61,2.38,97.62
2022-01-11,304.08,306.98,0.95,99.05
2022-01-12,307.25,306.77,0.16,99.84
2022-01-13,294.25,301.65,2.52,97.48
2022-01-14,299.46,301.65,0.73,99.27
2022-01-18,292.17,301.37,3.15,96.85
2022-01-19,292.83,286.06,2.31,97.69
2022-01-20,291.16,286.06,1.75,98.25
2022-01-21,285.78,286.06,0.1,99.9
2022-01-24,286.11,283.5,0.91,99.09
2022-01-25,278.5,281.46,1.06,98.94
2022-01-26,286.44,286.37,0.02,99.98
2022-01-27,289.46,288.72,0.26,99.74
2022-01-28,297.59,294.92,0.89,99.11
2022-01-31,300.21,294.92,1.76,98.24
2022-02-01,298.07,295.27,0.94,99.06
2022-02-02,302.61,293.98,2.85,97.15
2022-02-03,290.82,293.98,1.09,98.91
2022-02-04,295.35,291.43,1.33,98.67
2022-02-07,290.53,291.43,0.31,99.69
2022-02-08,294.02,292.79,0.42,99.58
2022-02-09,300.44,297.24,1.06,98.94
2022-02-10,291.91,292.99,0.37,99.63
2022-02-11,284.83,291.43,2.32,97.68
2022-02-14,284.79,292.08,2.56,97.44
2022-02-15,290.07,292.08,0.69,99.31
2022-02-16,289.73,290.16,0.15,99.85
2022-02-17,281.25,283.14,0.67,99.33
2022-02-18,278.54,279.33,0.28,99.72
2022-02-22,278.33,279.58,0.45,99.55
2022-02-23,271.13,275.24,1.52,98.48
2022-02-24,284.98,286.63,0.58,99.42
2022-02-25,287.61,286.49,0.39,99.61
2022-02-28,289.04,286.63,0.84,99.16
2022-03-01,285.33,286.49,0.41,99.59
2022-03-02,290.4,284.01,2.2,97.8
2022-03-03,286.27,285.47,0.28,99.72
2022-03-04,280.4,283.45,1.09,98.91
2022-03-07,269.81,276.1,2.33,97.67
2022-03-08,266.85,271.86,1.88,98.12
2022-03-09,279.09,279.71,0.22,99.78
2022-03-10,276.27,281.89,2.03,97.97
2022-03-11,270.93,280.13,3.4,96.6
2022-03-14,267.42,278.29,4.06,95.94
2022-03-15,277.78,284.99,2.6,97.4
2022-03-16,284.79,281.91,1.01,98.99
2022-03-17,285.59,280.86,1.66,98.34
2022-03-18,290.63,284.71,2.04,97.96
2022-03-21,289.4,286.44,1.02,98.98
2022-03-22,294.14,287.92,2.12,97.88
2022-03-23,289.72,287.92,0.62,99.38
2022-03-24,294.18,291.27,0.99,99.01
2022-03-25,293.77,294.68,0.31,99.69
2022-03-28,300.56,295.85,1.57,98.43
2022-03-29,305.12,300.71,1.45,98.55
2022-03-30,303.62,300.24,1.11,98.89
2022-03-31,298.25,301.82,1.19,98.81
2022-04-01,299.33,300.9,0.53,99.47
2022-04-04,304.69,304.48,0.07,99.93
2022-04-05,300.74,304.6,1.28,98.72
2022-04-06,289.73,290.62,0.31,99.69
2022-04-07,291.54,290.36,0.4,99.6
2022-04-08,287.28,287.43,0.05,99.95
2022-04-11,275.95,277.5,0.56,99.44
2022-04-12,272.86,277.5,1.7,98.3
2022-04-13,278.24,281.95,1.34,98.66
2022-04-14,270.7,276.3,2.07,97.93
2022-04-18,271.37,274.04,0.98,99.02
2022-04-19,275.99,273.3,0.98,99.02
2022-04-20,277.02,273.34,1.33,98.67
2022-04-21,271.65,271.45,0.07,99.93
2022-04-22,265.09,269.18,1.54,98.46
2022-04-25,271.56,265.94,2.07,97.93
2022-04-26,261.4,265.1,1.41,98.59
2022-04-27,273.98,271.17,1.02,98.98
2022-04-28,280.18,274.48,2.03,97.97
2022-04-29,268.47,270.72,0.84,99.16
2022-05-02,275.19,279.76,1.66,98.34
2022-05-03,272.59,272.35,0.09,99.91
2022-05-04,280.52,279.22,0.46,99.54
2022-05-05,268.3,271.05,1.02,98.98
2022-05-06,265.77,266.4,0.24,99.76
2022-05-09,255.95,261.34,2.11,97.89
2022-05-10,260.71,261.77,0.41,99.59
2022-05-11,252.05,250.25,0.71,99.29
2022-05-12,247.02,250.25,1.31,98.69
2022-05-13,252.6,250.25,0.93,99.07
2022-05-16,252.97,255.86,1.14,98.86
2022-05-17,258.12,251.45,2.58,97.42
2022-05-18,246.36,248.31,0.79,99.21
2022-05-19,245.45,248.7,1.32,98.68
2022-05-20,244.89,247.42,1.03,98.97
2022-05-23,252.73,251.41,0.52,99.48
2022-05-24,251.74,248.49,1.29,98.71
2022-05-25,254.55,251.97,1.01,98.99
2022-05-26,257.82,253.99,1.49,98.51
2022-05-27,264.94,267.6,1.0,99.0
2022-05-31,263.61,259.85,1.43,98.57
2022-06-01,264.15,266.43,0.86,99.14
2022-06-02,266.24,266.14,0.04,99.96
2022-06-03,261.82,264.05,0.85,99.15
2022-06-06,260.59,262.54,0.75,99.25
2022-06-07,264.22,262.42,0.68,99.32
2022-06-08,262.2,267.32,1.95,98.05
2022-06-09,256.75,264.46,3.0,97.0
2022-06-10,245.31,252.34,2.87,97.13
2022-06-13,234.9,244.53,4.1,95.9
2022-06-14,237.06,245.49,3.55,96.45
2022-06-15,244.11,246.39,0.93,99.07
2022-06-16,237.53,243.5,2.51,97.49
2022-06-17,240.13,240.91,0.32,99.68
2022-06-21,246.03,243.28,1.12,98.88
2022-06-22,245.44,243.28,0.88,99.12
2022-06-23,251.0,246.36,1.85,98.15
2022-06-24,259.57,254.32,2.02,97.98
2022-06-27,256.85,254.32,0.98,99.02
2022-06-28,248.69,247.82,0.35,99.65
2022-06-29,252.36,249.77,1.03,98.97
2022-06-30,249.03,251.2,0.87,99.13
2022-07-01,251.7,249.38,0.92,99.08
2022-07-05,254.87,258.66,1.49,98.51
2022-07-06,258.12,258.89,0.29,99.71
2022-07-07,260.25,258.1,0.82,99.18
2022-07-08,259.53,259.47,0.02,99.98
2022-07-11,256.48,257.2,0.28,99.72
2022-07-12,245.97,247.05,0.44,99.56
2022-07-13,245.04,246.63,0.65,99.35
2022-07-14,246.36,245.89,0.19,99.81
2022-07-15,248.92,245.01,1.57,98.43
2022-07-18,246.53,248.6,0.84,99.16
2022-07-19,251.65,254.72,1.22,98.78
2022-07-20,254.3,253.35,0.38,99.62
2022-07-21,256.8,261.13,1.69,98.31
2022-07-22,252.45,252.73,0.11,99.89
2022-07-25,250.97,251.15,0.07,99.93
2022-07-26,244.25,245.08,0.34,99.66
2022-07-27,260.58,254.1,2.49,97.51
2022-07-28,268.02,262.4,2.1,97.9
2022-07-29,272.21,264.09,2.98,97.02
2022-08-01,269.57,266.14,1.27,98.73
2022-08-02,266.47,267.05,0.22,99.78
2022-08-03,273.89,270.83,1.12,98.88
2022-08-04,275.04,270.84,1.53,98.47
2022-08-05,274.32,272.24,0.76,99.24
2022-08-08,271.81,270.37,0.53,99.47
2022-08-09,273.73,270.37,1.22,98.78
2022-08-10,280.38,280.91,0.19,99.81
2022-08-11,278.3,282.22,1.41,98.59
2022-08-12,283.04,283.48,0.15,99.85
2022-08-15,284.56,282.0,0.9,99.1
2022-08-16,283.82,284.69,0.31,99.69
2022-08-17,283.07,284.18,0.39,99.61
2022-08-18,281.95,280.02,0.69,99.31
2022-08-19,278.05,279.4,0.49,99.51
2022-08-22,269.89,276.09,2.3,97.7
2022-08-23,268.61,269.7,0.4,99.6
2022-08-24,267.98,267.13,0.32,99.68
2022-08-25,270.95,271.25,0.11,99.89
2022-08-26,260.5,263.51,1.16,98.84
2022-08-29,257.72,260.39,1.04,98.96
2022-08-30,255.52,258.3,1.09,98.91
2022-08-31,254.07,247.41,2.62,97.38
2022-09-01,253.03,248.39,1.83,98.17
2022-09-02,248.81,248.39,0.17,99.83
2022-09-06,246.08,248.39,0.94,99.06
2022-09-07,250.78,248.07,1.08,98.92
2022-09-08,251.2,247.06,1.65,98.35
2022-09-09,256.97,249.25,3.01,96.99
2022-09-12,259.1,252.67,2.48,97.52
2022-09-13,244.86,248.41,1.45,98.55
2022-09-14,245.08,244.97,0.04,99.96
2022-09-15,238.43,242.83,1.85,98.15
2022-09-16,237.81,239.36,0.65,99.35
2022-09-19,237.6,239.75,0.91,99.09
2022-09-20,235.59,236.94,0.58,99.42
2022-09-21,232.18,234.98,1.2,98.8
2022-09-22,234.16,235.51,0.58,99.42
2022-09-23,231.18,234.32,1.36,98.64
2022-09-26,230.73,234.32,1.56,98.44
2022-09-27,229.72,228.43,0.56,99.44
2022-09-28,234.24,231.54,1.16,98.84
2022-09-29,230.78,226.86,1.7,98.3
2022-09-30,226.31,226.78,0.21,99.79
2022-10-03,233.92,230.87,1.31,98.69
2022-10-04,241.83,237.12,1.95,98.05
2022-10-05,242.14,239.67,1.02,98.98
2022-10-06,239.8,239.68,0.05,99.95
2022-10-07,227.61,230.56,1.3,98.7
2022-10-10,222.76,229.03,2.82,97.18
2022-10-11,219.03,225.02,2.73,97.27
2022-10-12,219.36,223.45,1.87,98.13
2022-10-13,227.61,230.57,1.3,98.7
2022-10-14,222.09,224.42,1.05,98.95
2022-10-17,230.8,233.03,0.96,99.04
2022-10-18,231.75,231.48,0.12,99.88
2022-10-19,229.78,232.26,1.08,98.92
2022-10-20,229.46,232.61,1.37,98.63
2022-10-21,235.26,232.77,1.06,98.94
2022-10-24,240.25,233.2,2.93,97.07
2022-10-25,243.56,233.85,3.99,96.01
2022-10-26,224.77,222.93,0.82,99.18
2022-10-27,220.33,227.97,3.47,96.53
2022-10-28,229.19,233.34,1.81,98.19
2022-10-31,225.56,233.34,3.45,96.55
2022-11-01,221.71,232.89,5.04,94.96
2022-11-02,213.87,221.45,3.54,96.46
2022-11-03,208.18,221.11,6.21,93.79
2022-11-04,215.12,218.88,1.75,98.25
2022-11-07,221.42,218.37,1.38,98.62
2022-11-08,222.39,221.29,0.49,99.51
2022-11-09,218.15,215.61,1.17,98.83
2022-11-10,236.1,229.45,2.82,97.18
2022-11-11,240.11,230.64,3.95,96.05
2022-11-14,234.71,229.64,2.16,97.84
2022-11-15,235.12,233.25,0.8,99.2
2022-11-16,235.55,234.19,0.57,99.43
2022-11-17,235.5,233.07,1.03,98.97
2022-11-18,235.05,233.23,0.77,99.23
2022-11-21,235.86,234.19,0.71,99.29
2022-11-22,238.76,240.93,0.91,99.09
2022-11-23,241.25,240.54,0.29,99.71
2022-11-25,241.16,241.89,0.3,99.7
2022-11-28,235.58,238.9,1.41,98.59
2022-11-29,234.18,238.78,1.96,98.04
2022-11-30,248.61,246.37,0.9,99.1
2022-12-01,248.18,246.98,0.48,99.52
2022-12-02,248.5,246.98,0.61,99.39
2022-12-05,243.8,246.89,1.27,98.73
2022-12-06,238.85,240.22,0.58,99.42
2022-12-07,238.12,239.69,0.66,99.34
2022-12-08,241.07,243.66,1.07,98.93
2022-12-09,239.14,240.33,0.5,99.5
2022-12-12,246.05,244.94,0.45,99.55
2022-12-13,250.35,244.94,2.16,97.84
2022-12-14,250.64,245.04,2.23,97.77
2022-12-15,242.64,241.17,0.61,99.39
2022-12-16,238.43,241.01,1.08,98.92
2022-12-19,234.3,241.17,2.93,97.07
2022-12-20,235.62,236.2,0.25,99.75
2022-12-21,238.18,234.55,1.52,98.48
2022-12-22,232.1,232.74,0.28,99.72
2022-12-23,232.62,234.06,0.62,99.38
2022-12-27,230.9,235.68,2.07,97.93
2022-12-28,228.53,232.36,1.68,98.32
2022-12-29,234.85,235.27,0.18,99.82
2022-12-30,233.69,235.27,0.68,99.32
2023-01-03,233.45,227.31,2.63,97.37
2023-01-04,223.24,221.28,0.88,99.12
2023-01-05,216.62,221.28,2.15,97.85
2023-01-06,219.18,222.51,1.52,98.48
2023-01-09,221.31,222.67,0.61,99.39
2023-01-10,223.0,223.55,0.25,99.75
2023-01-11,229.74,228.04,0.74,99.26
2023-01-12,232.41,227.53,2.1,97.9
2023-01-13,233.11,233.43,0.14,99.86
2023-01-17,234.2,232.86,0.57,99.43
2023-01-18,229.78,231.57,0.78,99.22
2023-01-19,226.0,229.38,1.5,98.5
2023-01-20,234.08,231.31,1.18,98.82
2023-01-23,236.38,232.61,1.59,98.41
2023-01-24,235.85,232.61,1.38,98.62
2023-01-25,234.46,236.48,0.86,99.14
2023-01-26,241.66,240.32,0.55,99.45
2023-01-27,241.81,242.49,0.28,99.72
2023-01-30,236.5,239.03,1.07,98.93
2023-01-31,241.47,241.02,0.19,99.81
2023-02-01,246.29,241.83,1.81,98.19
2023-02-02,257.83,249.21,3.34,96.66
2023-02-03,251.74,247.23,1.79,98.21
2023-02-06,250.2,247.51,1.08,98.92
2023-02-07,260.72,255.28,2.09,97.91
2023-02-08,259.91,255.73,1.61,98.39
2023-02-09,256.88,255.32,0.61,99.39
2023-02-10,256.37,253.89,0.97,99.03
2023-02-13,264.38,259.1,2.0,98.0
2023-02-14,265.21,261.67,1.33,98.67
2023-02-15,263.09,261.92,0.45,99.55
2023-02-16,256.09,257.94,0.72,99.28
2023-02-17,252.09,257.8,2.27,97.73
2023-02-21,246.82,251.0,1.69,98.31
2023-02-22,245.69,247.98,0.93,99.07
2023-02-23,248.88,244.55,1.74,98.26
2023-02-24,243.45,244.55,0.45,99.55
2023-02-27,244.37,245.37,0.41,99.59
2023-02-28,243.65,244.32,0.27,99.73
2023-03-01,240.57,241.03,0.19,99.81
2023-03-02,245.3,246.52,0.5,99.5
2023-03-03,249.38,247.76,0.65,99.35
2023-03-06,250.93,244.34,2.63,97.37
2023-03-07,248.27,243.86,1.78,98.22
2023-03-08,247.83,243.86,1.6,98.4
2023-03-09,246.48,246.78,0.12,99.88
2023-03-10,242.84,243.04,0.08,99.92
2023-03-13,248.05,246.92,0.45,99.55
2023-03-14,254.76,255.17,0.16,99.84
2023-03-15,259.3,255.34,1.53,98.47
2023-03-16,269.81,262.95,2.54,97.46
2023-03-17,272.97,264.67,3.04,96.96
2023-03-20,265.93,262.97,1.11,98.89
2023-03-21,267.45,269.18,0.65,99.35
2023-03-22,265.99,268.45,0.93,99.07
2023-03-23,271.24,270.81,0.16,99.84
2023-03-24,274.08,270.92,1.15,98.85
2023-03-27,269.99,270.52,0.2,99.8
2023-03-28,268.86,271.41,0.95,99.05
2023-03-29,274.02,272.9,0.41,99.59
2023-03-30,277.48,272.56,1.77,98.23
2023-03-31,281.63,282.68,0.37,99.63
2023-04-03,280.59,282.2,0.58,99.42
2023-04-04,280.54,282.32,0.64,99.36
2023-04-05,277.76,277.45,0.11,99.89
2023-04-06,284.85,278.42,2.26,97.74
2023-04-10,282.7,284.04,0.48,99.52
2023-04-11,276.29,279.37,1.12,98.88
2023-04-12,276.93,279.28,0.85,99.15
2023-04-13,283.13,280.49,0.94,99.06
2023-04-14,279.52,276.91,0.93,99.07
2023-04-17,282.12,280.32,0.64,99.36
2023-04-18,281.7,281.59,0.04,99.96
2023-04-19,281.78,280.4,0.49,99.51
2023-04-20,279.49,280.88,0.5,99.5
2023-04-21,279.15,281.77,0.94,99.06
2023-04-24,275.25,278.52,1.19,98.81
2023-04-25,269.05,267.9,0.43,99.57
2023-04-26,288.54,287.24,0.45,99.55
2023-04-27,297.78,289.9,2.65,97.35
2023-04-28,300.15,291.33,2.94,97.06
2023-05-01,298.49,293.22,1.77,98.23
2023-05-02,298.34,294.68,1.23,98.77
2023-05-03,297.36,293.85,1.18,98.82
2023-05-04,298.34,297.4,0.32,99.68
2023-05-05,303.46,300.8,0.88,99.12
2023-05-08,301.51,300.75,0.25,99.75
2023-05-09,299.9,298.77,0.38,99.62
2023-05-10,305.09,302.82,0.74,99.26
2023-05-11,302.94,303.54,0.2,99.8
2023-05-12,301.82,303.39,0.52,99.48
2023-05-15,302.3,310.55,2.73,97.27
2023-05-16,304.53,308.78,1.39,98.61
2023-05-17,307.41,305.16,0.73,99.27
2023-05-18,311.83,308.02,1.22,98.78
2023-05-19,311.66,308.78,0.92,99.08
2023-05-22,314.44,309.39,1.6,98.4
2023-05-23,308.64,317.38,2.83,97.17
2023-05-24,307.26,317.46,3.32,96.68
2023-05-25,319.08,319.77,0.22,99.78
2023-05-26,325.9,323.52,0.73,99.27
2023-05-30,324.26,323.52,0.23,99.77
2023-05-31,321.49,321.49,0.0,100.0
2023-06-01,325.6,324.89,0.22,99.78
2023-06-02,328.36,325.6,0.84,99.16
2023-06-05,328.89,324.62,1.3,98.7
2023-06-06,326.67,324.97,0.52,99.48
2023-06-07,316.59,320.15,1.12,98.88
2023-06-08,318.43,319.67,0.39,99.61
2023-06-09,319.93,320.15,0.07,99.93
2023-06-12,324.88,321.09,1.17,98.83
2023-06-13,327.27,324.54,0.83,99.17
2023-06-14,330.26,331.04,0.24,99.76
2023-06-15,340.79,334.72,1.78,98.22
2023-06-16,335.14,330.96,1.25,98.75
2023-06-20,330.95,331.08,0.04,99.96
2023-06-21,326.56,330.43,1.19,98.81
2023-06-22,332.58,332.01,0.17,99.83
2023-06-23,327.99,327.51,0.14,99.86
2023-06-26,321.7,320.08,0.5,99.5
2023-06-27,327.54,327.72,0.05,99.95
2023-06-28,328.8,331.33,0.77,99.23
2023-06-29,328.01,331.15,0.96,99.04
2023-06-30,333.39,335.33,0.58,99.42
2023-07-03,330.89,331.63,0.22,99.78
2023-07-05,331.05,331.05,0.0,100.0
2023-07-06,334.1,331.05,0.91,99.09
2023-07-07,330.14,320.48,2.93,97.07
2023-07-10,324.86,321.45,1.05,98.95
2023-07-11,325.49,321.6,1.19,98.81
2023-07-12,330.12,330.5,0.11,99.89
2023-07-13,335.46,331.91,1.06,98.94
2023-07-14,337.99,338.68,0.2,99.8
2023-07-17,338.47,346.41,2.35,97.65
2023-07-18,351.94,347.09,1.38,98.62
2023-07-19,347.62,344.34,0.95,99.05
2023-07-20,339.59,342.31,0.8,99.2
2023-07-21,336.55,340.59,1.2,98.8
2023-07-24,337.86,343.26,1.6,98.4
2023-07-25,343.61,346.56,0.86,99.14
2023-07-26,330.68,343.27,3.81,96.19
2023-07-27,323.78,328.2,1.37,98.63
2023-07-28,331.26,333.08,0.55,99.45
2023-07-31,328.87,331.73,0.87,99.13
2023-08-01,329.28,332.74,1.05,98.95
2023-08-02,320.62,323.93,1.03,98.97
2023-08-03,319.8,320.08,0.09,99.91
2023-08-04,320.9,319.89,0.31,99.69
2023-08-07,323.18,318.59,1.42,98.58
2023-08-08,319.2,323.74,1.42,98.58
2023-08-09,315.46,318.34,0.91,99.09
2023-08-10,316.15,320.09,1.25,98.75
2023-08-11,314.27,318.34,1.29,98.71
2023-08-14,317.24,317.58,0.11,99.89
2023-08-15,315.1,313.73,0.43,99.57
2023-08-16,314.34,315.59,0.4,99.6
2023-08-17,310.88,309.88,0.32,99.68
2023-08-18,310.49,308.5,0.64,99.36
2023-08-21,315.79,311.57,1.34,98.66
2023-08-22,316.36,315.1,0.4,99.6
2023-08-23,320.81,322.43,0.5,99.5
2023-08-24,313.91,313.7,0.07,99.93
2023-08-25,316.87,315.1,0.56,99.44
2023-08-28,317.57,317.38,0.06,99.94
2023-08-29,322.19,322.8,0.19,99.81
2023-08-30,322.57,322.8,0.07,99.93
2023-08-31,321.56,321.68,0.04,99.96
2023-09-01,322.44,321.48,0.3,99.7
2023-09-05,327.24,323.9,1.02,98.98
2023-09-06,326.58,327.48,0.27,99.73
2023-09-07,323.67,327.85,1.29,98.71
2023-09-08,327.94,329.55,0.49,99.51
2023-09-11,331.54,329.35,0.66,99.34
2023-09-12,325.49,325.94,0.14,99.86
2023-09-13,329.7,325.03,1.42,98.58
2023-09-14,332.29,337.33,1.52,98.48
2023-09-15,323.97,328.19,1.3,98.7
2023-09-18,322.83,328.57,1.78,98.22
2023-09-19,322.43,324.67,0.7,99.3
2023-09-20,314.7,318.09,1.08,98.92
2023-09-21,313.48,314.81,0.42,99.58
2023-09-22,311.01,313.57,0.82,99.18
2023-09-25,311.53,310.93,0.19,99.81
2023-09-26,306.23,309.04,0.92,99.08
2023-09-27,306.87,307.35,0.16,99.84
2023-09-28,307.7,306.81,0.29,99.71
2023-09-29,309.77,306.49,1.06,98.94
2023-10-02,315.71,310.13,1.77,98.23
2023-10-03,307.46,306.46,0.33,99.67
2023-10-04,312.92,308.57,1.39,98.61
2023-10-05,313.32,308.51,1.53,98.47
2023-10-06,321.07,316.1,1.55,98.45
2023-10-09,323.58,318.59,1.54,98.46
2023-10-10,322.17,322.93,0.23,99.77
2023-10-11,326.13,323.35,0.85,99.15
2023-10-12,324.89,322.54,0.72,99.28
2023-10-13,321.53,322.79,0.39,99.61
2023-10-16,326.34,326.32,0.01,99.99
2023-10-17,325.78,326.05,0.09,99.91
2023-10-18,323.86,324.25,0.12,99.88
2023-10-19,325.05,324.15,0.28,99.72
2023-10-20,320.49,323.26,0.86,99.14
2023-10-23,323.09,328.09,1.55,98.45
2023-10-24,324.27,326.44,0.67,99.33
2023-10-25,334.22,329.71,1.35,98.65
2023-10-26,321.68,321.56,0.04,99.96
2023-10-27,323.57,322.82,0.23,99.77
2023-10-30,330.93,326.58,1.31,98.69
2023-10-31,331.71,326.97,1.43,98.57
2023-11-01,339.52,337.62,0.56,99.44
2023-11-02,341.73,344.28,0.75,99.25
2023-11-03,346.12,344.28,0.53,99.47
2023-11-06,349.78,343.42,1.82,98.18
2023-11-07,353.71,341.67,3.4,96.6
2023-11-08,356.33,359.71,0.95,99.05
2023-11-09,353.86,358.56,1.33,98.67
2023-11-10,362.67,362.05,0.17,99.83
2023-11-13,359.74,362.15,0.67,99.33
2023-11-14,363.26,362.46,0.22,99.78
2023-11-15,363.41,365.4,0.55,99.45
2023-11-16,369.8,364.64,1.4,98.6
2023-11-17,363.59,363.51,0.02,99.98
2023-11-20,371.05,368.74,0.62,99.38
2023-11-21,366.75,369.85,0.85,99.15
2023-11-22,371.45,371.3,0.04,99.96
2023-11-24,371.04,370.79,0.07,99.93
2023-11-27,372.2,371.04,0.31,99.69
2023-11-28,376.22,371.71,1.2,98.8
2023-11-29,372.43,369.56,0.77,99.23
2023-11-30,372.49,373.98,0.4,99.6
2023-12-01,368.17,366.49,0.46,99.54
2023-12-04,362.89,366.22,0.92,99.08
2023-12-05,366.21,364.76,0.4,99.6
2023-12-06,362.55,361.98,0.16,99.84
2023-12-07,364.67,361.16,0.96,99.04
2023-12-08,367.89,369.08,0.32,99.68
2023-12-11,365.01,364.35,0.18,99.82
2023-12-12,368.04,368.23,0.05,99.95
2023-12-13,368.03,366.09,0.53,99.47
2023-12-14,359.73,362.36,0.73,99.27
2023-12-15,364.45,364.35,0.03,99.97
2023-12-18,366.34,364.2,0.58,99.42
2023-12-19,366.94,364.9,0.56,99.44
2023-12-20,364.34,363.86,0.13,99.87
2023-12-21,367.21,367.2,0.01,99.99
2023-12-22,368.24,364.53,1.01,98.99
2023-12-26,368.32,364.41,1.06,98.94
2023-12-27,367.74,368.7,0.26,99.74
2023-12-28,368.92,368.76,0.05,99.95
2023-12-29,369.67,369.3,0.1,99.9
2024-01-02,364.59,366.53,0.53,99.47
2024-01-03,364.32,364.78,0.13,99.87
2024-01-04,361.71,363.55,0.51,99.49
2024-01-05,361.52,364.41,0.8,99.2
2024-01-08,368.34,368.7,0.1,99.9
2024-01-09,369.43,368.65,0.21,99.79
2024-01-10,376.29,375.64,0.17,99.83
2024-01-11,378.12,377.31,0.21,99.79
2024-01-12,381.89,385.46,0.93,99.07
2024-01-16,383.66,389.64,1.56,98.44
2024-01-17,382.87,386.24,0.88,99.12
2024-01-18,387.2,389.32,0.55,99.45
2024-01-19,391.92,389.47,0.63,99.37
2024-01-22,389.8,390.5,0.18,99.82
2024-01-23,392.14,390.6,0.39,99.61
2024-01-24,395.74,390.41,1.35,98.65
2024-01-25,398.01,401.72,0.93,99.07
2024-01-26,397.09,401.14,1.02,98.98
2024-01-29,402.78,401.14,0.41,99.59
2024-01-30,401.67,402.43,0.19,99.81
2024-01-31,390.85,391.96,0.28,99.72
2024-02-01,396.94,402.99,1.52,98.48
2024-02-02,404.26,414.33,2.49,97.51
2024-02-05,398.78,402.74,0.99,99.01
2024-02-06,398.62,398.25,0.09,99.91
2024-02-07,407.04,407.11,0.02,99.98
2024-02-08,407.1,404.17,0.72,99.28
2024-02-09,413.43,409.35,0.99,99.01
2024-02-12,408.23,405.99,0.55,99.45
2024-02-13,399.44,399.91,0.12,99.88
2024-02-14,403.3,401.21,0.52,99.48
2024-02-15,400.41,400.9,0.12,99.88
2024-02-16,397.95,397.09,0.22,99.78
2024-02-20,396.7,397.71,0.25,99.75
2024-02-21,396.1,400.99,1.23,98.77
2024-02-22,405.43,401.73,0.91,99.09
2024-02-23,404.14,401.23,0.72,99.28
2024-02-26,401.38,400.97,0.1,99.9
2024-02-27,401.32,402.11,0.2,99.8
2024-02-28,401.56,398.18,0.84,99.16
2024-02-29,407.39,404.61,0.68,99.32
2024-03-01,409.22,401.6,1.86,98.14
2024-03-04,408.65,404.61,0.99,99.01
2024-03-05,396.56,401.3,1.19,98.81
2024-03-06,396.01,395.68,0.08,99.92
2024-03-07,402.96,404.29,0.33,99.67
2024-03-08,400.08,404.29,1.05,98.95
2024-03-11,398.4,402.02,0.91,99.09
2024-03-12,409.0,409.8,0.2,99.8
2024-03-13,408.83,406.59,0.55,99.45
2024-03-14,418.79,416.54,0.54,99.46
2024-03-15,410.13,410.35,0.05,99.95
2024-03-18,411.01,410.71,0.07,99.93
2024-03-19,415.04,416.83,0.43,99.57
2024-03-20,418.8,415.87,0.7,99.3
2024-03-21,422.88,418.68,0.99,99.01
2024-03-22,422.26,414.9,1.74,98.26
2024-03-25,416.47,412.75,0.89,99.11
2024-03-26,415.28,416.09,0.2,99.8
2024-03-27,415.06,416.36,0.31,99.69
2024-03-28,414.36,416.05,0.41,99.59
2024-04-01,418.15,418.38,0.05,99.95
2024-04-02,415.07,414.5,0.14,99.86
2024-04-03,414.09,415.36,0.31,99.69
2024-04-04,411.56,404.49,1.72,98.28
2024-04-05,419.09,417.98,0.26,99.74
2024-04-08,418.17,416.51,0.4,99.6
2024-04-09,419.84,419.06,0.18,99.82
2024-04-10,416.86,416.23,0.15,99.85
2024-04-11,421.46,419.56,0.45,99.55
2024-04-12,415.52,413.37,0.52,99.48
2024-04-15,407.39,410.37,0.73,99.27
2024-04-16,408.31,410.93,0.64,99.36
2024-04-17,405.61,409.65,0.99,99.01
2024-04-18,398.16,404.98,1.71,98.29
2024-04-19,393.09,398.31,1.33,98.67
2024-04-22,394.9,398.2,0.84,99.16
2024-04-23,401.41,401.49,0.02,99.98
2024-04-24,402.88,403.55,0.17,99.83
2024-04-25,393.01,392.79,0.06,99.94
2024-04-26,400.18,397.62,0.64,99.36
2024-04-29,396.17,394.05,0.54,99.46
2024-04-30,383.44,388.31,1.27,98.73
2024-05-01,388.97,382.92,1.55,98.45
2024-05-02,391.83,388.56,0.83,99.17
2024-05-03,400.51,400.97,0.11,99.89
2024-05-06,407.29,404.62,0.66,99.34
2024-05-07,403.15,404.82,0.41,99.59
2024-05-08,404.33,403.89,0.11,99.89
2024-05-09,406.09,407.69,0.39,99.61
2024-05-10,408.47,403.1,1.32,98.68
2024-05-13,407.47,401.38,1.49,98.51
2024-05-14,410.26,408.11,0.53,99.47
2024-05-15,417.44,418.5,0.25,99.75
2024-05-16,415.37,412.18,0.77,99.23
2024-05-17,414.6,413.71,0.22,99.78
2024-05-20,419.67,426.31,1.58,98.42
2024-05-21,423.32,422.0,0.31,99.69
2024-05-22,424.78,422.99,0.42,99.58
2024-05-23,421.3,420.88,0.1,99.9
2024-05-24,424.42,421.07,0.79,99.21
2024-05-28,424.58,422.83,0.41,99.59
2024-05-29,423.44,424.2,0.18,99.82
2024-05-30,409.14,410.83,0.41,99.59
2024-05-31,409.59,410.32,0.18,99.82
2024-06-03,408.0,410.11,0.52,99.48
2024-06-04,410.52,412.22,0.41,99.59
2024-06-05,418.35,415.12,0.77,99.23
2024-06-06,418.86,416.99,0.45,99.55
2024-06-07,418.2,418.56,0.09,99.91
2024-06-10,422.16,421.72,0.1,99.9
2024-06-11,426.91,423.37,0.83,99.17
2024-06-12,435.18,437.56,0.55,99.45
2024-06-13,435.69,436.68,0.23,99.77
2024-06-14,436.67,436.14,0.12,99.88
2024-06-17,442.39,439.11,0.74,99.26
2024-06-18,440.39,438.24,0.49,99.51
2024-06-20,439.75,441.87,0.48,99.52
2024-06-21,443.78,443.07,0.16,99.84
2024-06-24,441.7,441.14,0.13,99.87
2024-06-25,444.93,448.91,0.89,99.11
2024-06-26,446.13,448.91,0.62,99.38
2024-06-27,446.81,447.03,0.05,99.95
2024-06-28,440.99,447.01,1.37,98.63
2024-07-01,450.64,450.93,0.06,99.94
2024-07-02,453.15,450.93,0.49,99.51
2024-07-03,454.62,453.25,0.3,99.7
2024-07-05,461.32,462.04,0.16,99.84
2024-07-08,460.02,463.63,0.79,99.21
2024-07-09,453.41,453.82,0.09,99.91
2024-07-10,460.03,462.13,0.46,99.54
2024-07-11,448.63,451.9,0.73,99.27
2024-07-12,447.5,450.93,0.77,99.23
2024-07-15,447.9,451.75,0.86,99.14
2024-07-16,443.52,447.97,1.0,99.0
2024-07-17,437.6,440.81,0.73,99.27
2024-07-18,434.5,440.86,1.46,98.54
2024-07-19,431.28,428.22,0.71,99.29
2024-07-22,437.03,428.64,1.92,98.08
2024-07-23,438.92,428.82,2.3,97.7
2024-07-24,423.18,419.19,0.94,99.06
2024-07-25,412.82,415.76,0.71,99.29
2024-07-26,419.6,420.36,0.18,99.82
2024-07-29,421.04,418.1,0.7,99.3
2024-07-30,417.28,414.35,0.7,99.3
2024-07-31,412.77,414.35,0.38,99.62
2024-08-01,411.55,409.76,0.43,99.57
2024-08-02,403.04,402.74,0.08,99.92
2024-08-05,389.88,397.77,2.02,97.98
2024-08-06,394.28,396.26,0.5,99.5
2024-08-07,393.11,393.27,0.04,99.96
2024-08-08,397.32,396.84,0.12,99.88
2024-08-09,400.6,394.58,1.5,98.5
2024-08-12,401.38,403.0,0.4,99.6
2024-08-13,408.49,404.56,0.96,99.04
2024-08-14,411.3,414.19,0.7,99.3
2024-08-15,416.16,415.23,0.22,99.78
2024-08-16,413.63,409.72,0.95,99.05
2024-08-19,416.66,416.25,0.1,99.9
2024-08-20,419.89,416.69,0.76,99.24
2024-08-21,419.24,416.76,0.59,99.41
2024-08-22,410.75,413.26,0.61,99.39
2024-08-23,411.97,415.85,0.94,99.06
2024-08-26,408.71,413.71,1.22,98.78
2024-08-27,409.06,412.2,0.77,99.23
2024-08-28,405.85,411.06,1.28,98.72
2024-08-29,408.34,411.06,0.66,99.34
2024-08-30,412.32,413.96,0.4,99.6
2024-09-03,404.71,406.61,0.47,99.53
2024-09-04,404.17,404.61,0.11,99.89
2024-09-05,403.67,401.0,0.66,99.34
2024-09-06,397.06,398.13,0.27,99.73
2024-09-09,401.03,400.4,0.16,99.84
2024-09-10,409.41,404.45,1.21,98.79
2024-09-11,418.15,416.01,0.51,99.49
2024-09-12,422.06,422.11,0.01,99.99
2024-09-13,425.61,422.1,0.83,99.17
2024-09-16,426.35,424.87,0.35,99.65
2024-09-17,430.12,423.04,1.65,98.35
2024-09-18,425.83,429.2,0.79,99.21
2024-09-19,433.62,429.81,0.88,99.12
2024-09-20,430.24,430.29,0.01,99.99
2024-09-23,428.5,427.38,0.26,99.74
2024-09-24,424.21,426.23,0.48,99.52
2024-09-25,427.11,428.65,0.36,99.64
2024-09-26,426.32,431.09,1.12,98.88
2024-09-27,423.07,429.22,1.45,98.55
2024-09-30,425.32,429.31,0.94,99.06
2024-10-01,415.83,412.74,0.74,99.26
2024-10-02,412.31,405.14,1.74,98.26
2024-10-03,411.72,408.7,0.73,99.27
2024-10-04,411.25,413.58,0.57,99.43
2024-10-07,404.8,408.45,0.9,99.1
2024-10-08,409.92,410.1,0.04,99.96
2024-10-09,412.63,411.27,0.33,99.67
2024-10-10,411.03,410.64,0.1,99.9
2024-10-11,411.51,410.01,0.36,99.64
2024-10-14,414.29,412.25,0.49,99.51
2024-10-15,413.9,412.26,0.4,99.6
2024-10-16,411.31,410.65,0.16,99.84
2024-10-17,411.9,411.14,0.18,99.82
2024-10-18,413.33,407.2,1.48,98.52
2024-10-21,413.94,414.43,0.12,99.88
2024-10-22,422.57,423.37,0.19,99.81
2024-10-23,419.69,422.29,0.62,99.38
2024-10-24,419.82,422.15,0.55,99.45
2024-10-25,423.2,426.17,0.7,99.3
2024-10-28,421.66,424.17,0.59,99.41
2024-10-29,426.96,431.12,0.98,99.02
2024-10-30,427.53,430.21,0.63,99.37
2024-10-31,401.65,405.18,0.88,99.12
2024-11-01,405.63,406.1,0.12,99.88
2024-11-04,403.74,404.42,0.17,99.83
2024-11-05,406.7,407.98,0.31,99.69
2024-11-06,415.32,412.54,0.67,99.33
2024-11-07,420.51,418.47,0.49,99.51
2024-11-08,417.65,418.96,0.31,99.69
2024-11-11,413.18,412.93,0.06,99.94
2024-11-12,418.14,417.37,0.18,99.82
2024-11-13,420.28,420.01,0.07,99.93
2024-11-14,421.95,422.5,0.13,99.87
2024-11-15,410.2,414.87,1.14,98.86
2024-11-18,410.95,411.81,0.21,99.79
2024-11-19,412.96,409.36,0.87,99.13
2024-11-20,410.69,416.2,1.34,98.66
2024-11-21,408.91,412.54,0.89,99.11
2024-11-22,413.0,416.81,0.92,99.08
2024-11-25,414.78,417.67,0.7,99.3
2024-11-26,423.89,417.67,1.47,98.53
2024-11-27,418.94,419.23,0.07,99.93
2024-11-29,419.4,418.53,0.21,99.79
2024-12-02,426.85,423.22,0.85,99.15
2024-12-03,427.07,429.16,0.49,99.51
2024-12-04,433.23,434.13,0.21,99.79
2024-12-05,438.38,436.97,0.32,99.68
2024-12-06,439.32,440.92,0.37,99.63
2024-12-09,441.75,442.84,0.25,99.75
2024-12-10,439.08,441.01,0.44,99.56
2024-12-11,444.69,444.31,0.08,99.92
2024-12-12,445.25,441.14,0.92,99.08
2024-12-13,442.98,445.92,0.66,99.34
2024-12-16,447.26,449.78,0.56,99.44
2024-12-17,450.1,447.52,0.58,99.42
2024-12-18,433.2,435.47,0.52,99.48
2024-12-19,432.84,438.74,1.36,98.64
2024-12-20,432.42,432.38,0.01,99.99
2024-12-23,431.08,431.77,0.16,99.84
2024-12-24,435.12,433.87,0.29,99.71
2024-12-26,433.91,430.27,0.84,99.16
2024-12-27,426.4,428.32,0.45,99.55
2024-12-30,420.76,419.8,0.23,99.77
2024-12-31,417.46,418.96,0.36,99.64
2025-01-02,414.57,415.35,0.19,99.81
2025-01-03,419.29,417.91,0.33,99.67
2025-01-06,423.75,422.91,0.2,99.8
2025-01-07,418.32,417.84,0.12,99.88
2025-01-08,420.49,417.85,0.63,99.37
2025-01-10,414.94,417.48,0.61,99.39
2025-01-13,413.19,414.32,0.27,99.73
2025-01-14,411.69,410.52,0.28,99.72
2025-01-15,422.22,416.8,1.28,98.72
2025-01-16,420.51,419.85,0.16,99.84
2025-01-17,424.92,421.4,0.83,99.17
2025-01-21,424.39,422.93,0.35,99.65
2025-01-22,441.92,442.65,0.16,99.84
2025-01-23,442.43,444.52,0.47,99.53
2025-01-24,439.8,440.39,0.13,99.87
2025-01-27,430.4,431.2,0.19,99.81
2025-01-28,442.91,436.87,1.36,98.64
2025-01-29,438.09,437.6,0.11,99.89
2025-01-30,411.01,415.63,1.12,98.88
2025-01-31,411.08,416.27,1.26,98.74
2025-02-03,406.98,411.54,1.12,98.88
2025-02-04,408.42,414.22,1.42,98.58
2025-02-05,409.33,407.79,0.38,99.62
2025-02-06,411.84,410.67,0.28,99.72
2025-02-07,405.82,411.09,1.3,98.7
2025-02-10,408.27,410.4,0.52,99.48
2025-02-11,407.5,406.34,0.28,99.72
2025-02-12,405.12,406.35,0.3,99.7
2025-02-13,406.61,407.27,0.16,99.84
2025-02-14,404.52,404.7,0.05,99.95
2025-02-18,405.71,400.16,1.37,98.63
2025-02-19,410.8,404.68,1.49,98.51
2025-02-20,412.97,415.84,0.69,99.31
2025-02-21,405.11,406.34,0.3,99.7
2025-02-24,400.93,403.56,0.66,99.34
2025-02-25,394.88,399.09,1.07,98.93
2025-02-26,396.69,398.25,0.39,99.61
2025-02-27,389.55,393.96,1.13,98.87
2025-02-28,393.97,395.74,0.45,99.55
2025-03-03,385.54,386.86,0.34,99.66
2025-03-04,385.66,382.94,0.7,99.3
2025-03-05,397.97,397.33,0.16,99.84
2025-03-06,393.87,391.21,0.68,99.32
2025-03-07,390.32,391.21,0.23,99.77
2025-03-10,377.27,379.31,0.54,99.46
2025-03-11,377.56,378.23,0.18,99.82
2025-03-12,380.36,374.59,1.52,98.48
2025-03-13,375.89,374.47,0.38,99.62
2025-03-14,385.61,385.86,0.06,99.94
2025-03-17,385.75,391.98,1.61,98.39
2025-03-18,380.61,382.69,0.55,99.45
2025-03-19,384.87,387.72,0.74,99.26
2025-03-20,383.9,382.19,0.45,99.55
2025-03-21,388.29,386.34,0.5,99.5
2025-03-24,390.09,386.34,0.96,99.04
2025-03-25,392.16,383.05,2.32,97.68
2025-03-26,387.01,382.32,1.21,98.79
2025-03-27,387.61,380.04,1.95,98.05
2025-03-28,375.92,380.12,1.12,98.88
2025-03-31,372.54,378.2,1.52,98.48
2025-04-01,379.29,379.9,0.16,99.84
2025-04-02,379.24,380.95,0.45,99.55
2025-04-03,370.28,368.32,0.53,99.47
2025-04-04,357.11,363.32,1.74,98.26
2025-04-07,355.14,360.26,1.44,98.56
2025-04-08,351.87,358.62,1.92,98.08
2025-04-09,387.52,383.18,1.12,98.88
2025-04-10,378.45,378.57,0.03,99.97
2025-04-11,385.5,381.73,0.98,99.02
2025-04-14,384.86,380.72,1.08,98.92
2025-04-15,382.8,381.16,0.43,99.57
2025-04-16,368.79,372.84,1.1,98.9
2025-04-17,364.99,372.44,2.04,97.96
2025-04-21,356.39,364.48,2.27,97.73
2025-04-22,364.03,366.24,0.61,99.39
2025-04-23,371.55,371.91,0.1,99.9
2025-04-24,384.36,379.15,1.36,98.64
2025-04-25,388.87,387.19,0.43,99.57
2025-04-28,388.19,387.04,0.3,99.7
2025-04-29,391.05,389.26,0.46,99.54
2025-04-30,392.26,388.35,0.99,99.01
2025-05-01,422.17,416.45,1.35,98.65
2025-05-02,431.97,422.37,2.22,97.78
2025-05-05,432.86,425.08,1.8,98.2
2025-05-06,430.02,432.09,0.48,99.52
2025-05-07,430.06,435.85,1.35,98.65
2025-05-08,434.84,429.44,1.24,98.76
2025-05-09,435.4,434.03,0.31,99.69
2025-05-12,445.85,442.73,0.7,99.3
2025-05-13,445.73,448.25,0.57,99.43
2025-05-14,449.5,447.77,0.38,99.62
2025-05-15,450.51,460.49,2.21,97.79
2025-05-16,451.65,460.1,1.87,98.13
2025-05-19,456.22,458.22,0.44,99.56
2025-05-20,455.52,457.55,0.45,99.55
2025-05-21,449.96,455.5,1.23,98.77
2025-05-22,452.23,453.97,0.38,99.62
2025-05-23,447.58,449.68,0.47,99.53
2025-05-27,458.03,459.0,0.21,99.79
2025-05-28,454.72,454.25,0.1,99.9
2025-05-29,456.03,458.58,0.56,99.44
2025-05-30,457.7,461.26,0.78,99.22
2025-06-02,459.3,459.87,0.12,99.88
2025-06-03,460.3,461.08,0.17,99.83
2025-06-04,461.19,460.04,0.25,99.75
2025-06-05,464.98,461.08,0.84,99.16
2025-06-06,467.66,462.64,1.07,98.93
2025-06-09,470.02,461.2,1.88,98.12
2025-06-10,468.2,460.04,1.74,98.26
2025-06-11,469.89,463.91,1.27,98.73
2025-06-12,476.1,470.25,1.23,98.77
2025-06-13,472.22,469.46,0.58,99.42
2025-06-16,476.37,477.62,0.26,99.74
2025-06-17,475.28,478.1,0.59,99.41
2025-06-18,477.47,484.38,1.45,98.55
2025-06-20,474.64,481.62,1.47,98.53
2025-06-23,483.19,488.16,1.03,98.97
2025-06-24,487.28,488.16,0.18,99.82
2025-06-25,489.43,488.16,0.26,99.74
2025-06-26,494.58,489.4,1.05,98.95
2025-06-27,493.08,491.63,0.29,99.71
2025-06-30,494.54,491.63,0.59,99.41
2025-07-01,489.21,491.21,0.41,99.59
2025-07-02,488.25,491.31,0.63,99.37
2025-07-03,495.96,491.31,0.94,99.06
2025-07-07,494.85,492.94,0.38,99.62
2025-07-08,493.75,491.17,0.52,99.48
2025-07-09,500.6,498.3,0.46,99.54
2025-07-10,498.58,496.24,0.47,99.53
2025-07-11,500.41,499.3,0.22,99.78
2025-07-14,500.11,504.19,0.81,99.19
2025-07-15,502.9,504.53,0.32,99.68
2025-07-16,502.7,503.29,0.12,99.88
2025-07-17,508.74,505.04,0.73,99.27
2025-07-18,507.1,505.04,0.41,99.59
2025-07-21,507.11,503.29,0.75,99.25
2025-07-22,502.35,503.29,0.19,99.81
2025-07-23,502.95,509.56,1.31,98.69
2025-07-24,507.93,508.66,0.14,99.86
2025-07-25,510.74,510.05,0.13,99.87
2025-07-28,509.54,510.05,0.1,99.9
2025-07-29,509.61,509.85,0.05,99.95
2025-07-30,510.28,514.75,0.88,99.12
2025-07-31,530.42,524.31,1.15,98.85
2025-08-01,521.08,525.81,0.91,99.09
2025-08-04,532.55,524.05,1.6,98.4
2025-08-05,524.7,523.54,0.22,99.78
2025-08-06,521.91,521.12,0.15,99.85
2025-08-07,517.83,517.69,0.03,99.97
2025-08-08,519.02,518.4,0.12,99.88
2025-08-11,518.76,521.49,0.53,99.47
2025-08-12,526.18,527.32,0.22,99.78
2025-08-13,517.57,519.85,0.44,99.56
2025-08-14,519.46,518.56,0.17,99.83
2025-08-15,517.17,516.94,0.04,99.96
2025-08-18,514.11,514.86,0.15,99.85
2025-08-19,506.83,512.29,1.08,98.92
2025-08-20,502.8,502.27,0.1,99.9
2025-08-21,502.15,505.06,0.58,99.42
2025-08-22,505.13,501.32,0.75,99.25
2025-08-25,502.17,501.87,0.06,99.94
2025-08-26,499.96,501.87,0.38,99.62
2025-08-27,504.64,505.61,0.19,99.81
2025-08-28,507.53,507.87,0.07,99.93
2025-08-29,504.59,503.96,0.13,99.87
2025-09-02,503.03,497.89,1.02,98.98
2025-09-03,503.26,499.94,0.66,99.34
2025-09-04,505.87,503.59,0.45,99.55
2025-09-05,492.95,497.89,1.0,99.0
2025-09-08,496.14,495.3,0.17,99.83
2025-09-09,496.35,499.24,0.58,99.42
2025-09-10,498.3,499.87,0.31,99.69
2025-09-11,498.94,498.47,0.09,99.91
2025-09-12,507.79,504.46,0.66,99.34
2025-09-15,513.23,508.88,0.85,99.15
2025-09-16,506.93,505.05,0.37,99.63
2025-09-17,507.91,505.09,0.56,99.44
2025-09-18,506.34,507.64,0.26,99.74
2025-09-19,515.79,515.0,0.15,99.85
2025-09-22,512.32,511.13,0.23,99.77
2025-09-23,507.12,510.25,0.62,99.38
2025-09-24,508.04,510.25,0.44,99.56
2025-09-25,504.93,513.66,1.73,98.27
2025-09-26,509.34,514.91,1.09,98.91
2025-09-29,512.47,516.3,0.75,99.25
2025-09-30,515.81,515.57,0.04,99.96
2025-10-01,517.56,517.38,0.04,99.96
2025-10-02,513.6,513.44,0.03,99.97
2025-10-03,515.21,510.38,0.94,99.06
2025-10-06,526.38,526.59,0.04,99.96
2025-10-07,521.81,519.41,0.46,99.54
2025-10-08,522.68,524.22,0.3,99.7
2025-10-09,520.24,514.8,1.05,98.95
2025-10-10,508.84,509.96,0.22,99.78
2025-10-13,514.05,516.83,0.54,99.46
2025-10-14,513.57,517.27,0.72,99.28
2025-10-15,513.43,520.29,1.34,98.66
2025-10-16,511.61,515.37,0.73,99.27
2025-10-17,513.58,515.37,0.35,99.65
2025-10-20,516.79,515.37,0.28,99.72
2025-10-21,517.66,513.82,0.74,99.26
2025-10-22,520.54,520.29,0.05,99.95
2025-10-23,520.56,519.43,0.22,99.78
2025-10-24,523.61,512.3,2.16,97.84
2025-10-27,531.52,524.56,1.31,98.69
2025-10-28,542.07,531.25,2.0,98.0
2025-10-29,541.55,531.5,1.86,98.14
2025-10-30,525.76,527.32,0.3,99.7
2025-10-31,517.81,515.96,0.36,99.64
2025-11-03,517.03,515.1,0.37,99.63
2025-11-04,514.33,514.86,0.1,99.9
2025-11-05,507.16,511.36,0.83,99.17
2025-11-06,497.1,506.85,1.96,98.04
2025-11-07,496.82,504.93,1.63,98.37
2025-11-10,506.0,506.9,0.18,99.82
2025-11-11,508.68,506.97,0.34,99.66
2025-11-12,511.14,506.97,0.82,99.18
2025-11-13,503.29,506.83,0.7,99.3
2025-11-14,510.18,506.83,0.66,99.34
2025-11-17,507.49,501.42,1.2,98.8
2025-11-18,493.79,489.59,0.85,99.15
2025-11-19,487.12,485.29,0.38,99.62
2025-11-20,478.43,485.29,1.43,98.57
2025-11-21,472.12,475.69,0.76,99.24
2025-11-24,474.0,474.21,0.04,99.96
2025-11-25,476.99,475.48,0.32,99.68
2025-11-26,485.5,485.84,0.07,99.93
2025-11-28,492.01,493.43,0.29,99.71
2025-12-01,486.74,488.45,0.35,99.65
2025-12-02,490.0,488.12,0.38,99.62
2025-12-03,477.73,476.45,0.27,99.73
2025-12-04,480.84,483.3,0.51,99.49
2025-12-05,483.16,480.24,0.6,99.4
2025-12-08,491.02,484.45,1.34,98.66
2025-12-09,492.02,488.86,0.64,99.36
2025-12-10,478.56,485.5,1.45,98.55
2025-12-11,483.47,488.79,1.1,98.9
2025-12-12,478.53,481.81,0.68,99.32
2025-12-15,474.82,480.26,1.15,98.85
2025-12-16,476.39,481.88,1.15,98.85
2025-12-17,476.12,478.27,0.45,99.55
2025-12-18,483.98,479.33,0.96,99.04
2025-12-19,485.92,482.75,0.65,99.35
2025-12-22,484.92,481.83,0.64,99.36
2025-12-23,486.85,483.01,0.79,99.21
2025-12-24,488.02,487.56,0.09,99.91
2025-12-26,487.71,486.0,0.35,99.65
2025-12-29,487.1,483.91,0.66,99.34
2025-12-30,487.48,483.48,0.82,99.18
2025-12-31,483.62,487.12,0.72,99.28
2026-01-02,472.94,475.13,0.46,99.54
2026-01-05,472.85,478.87,1.27,98.73
2026-01-06,478.51,483.62,1.07,98.93
2026-01-07,483.47,483.18,0.06,99.94
2026-01-08,478.11,481.17,0.64,99.36
2026-01-09,479.28,479.13,0.03,99.97
2026-01-12,477.18,477.99,0.17,99.83
2026-01-13,470.67,471.81,0.24,99.76
2026-01-14,459.38,456.53,0.62,99.38
2026-01-15,456.66,456.53,0.03,99.97
2026-01-16,459.86,458.33,0.33,99.67
2026-01-20,454.52,456.53,0.44,99.56
2026-01-21,444.11,442.9,0.27,99.73
2026-01-22,451.14,444.71,1.43,98.57
2026-01-23,465.95,466.94,0.21,99.79
2026-01-26,470.28,471.2,0.2,99.8
2026-01-27,480.58,472.91,1.6,98.4
2026-01-28,481.63,472.69,1.86,98.14
2026-01-29,433.5,435.49,0.46,99.54
2026-01-30,430.29,429.37,0.21,99.79
2026-02-02,423.37,427.99,1.09,98.91
2026-02-03,411.21,427.99,4.08,95.92
2026-02-04,414.19,418.22,0.97,99.03
2026-02-05,393.67,402.1,2.14,97.86
2026-02-06,401.14,401.22,0.02,99.98
2026-02-09,413.6,408.22,1.3,98.7
2026-02-10,413.27,409.82,0.83,99.17
2026-02-11,404.37,406.3,0.48,99.52
2026-02-12,401.84,402.9,0.26,99.74
2026-02-13,401.32,402.64,0.33,99.67
2026-02-17,396.86,396.3,0.14,99.86
2026-02-18,399.6,395.0,1.15,98.85
2026-02-19,398.46,397.06,0.35,99.65
2026-02-20,397.23,395.86,0.35,99.65
2026-02-23,384.47,389.82,1.39,98.61
2026-02-24,389.0,387.98,0.26,99.74
2026-02-25,400.6,399.41,0.3,99.7
2026-02-26,401.72,409.98,2.06,97.94
2026-02-27,392.74,400.58,2.0,98.0
2026-03-02,398.55,394.87,0.92,99.08
2026-03-03,403.93,399.97,0.98,99.02
2026-03-04,405.2,404.85,0.09,99.91
2026-03-05,410.68,408.63,0.5,99.5
2026-03-06,408.96,406.84,0.52,99.48
2026-03-09,409.41,411.71,0.56,99.44
2026-03-10,405.76,406.96,0.3,99.7
2026-03-11,404.88,402.84,0.5,99.5
2026-03-12,401.86,402.52,0.16,99.84
2026-03-13,395.55,402.92,1.86,98.14
2026-03-16,399.95,402.92,0.74,99.26
2026-03-17,399.41,401.69,0.57,99.43
2026-03-18,391.79,395.3,0.9,99.1
2026-03-19,389.02,398.51,2.44,97.56
2026-03-20,381.87,386.56,1.23,98.77
2026-03-23,383.0,381.13,0.49,99.51
2026-03-24,372.74,372.05,0.18,99.82
2026-03-25,371.04,367.91,0.84,99.16
2026-03-26,365.97,368.22,0.61,99.39
2026-03-27,356.77,359.82,0.86,99.14
2026-03-30,358.96,360.24,0.36,99.64
2026-03-31,370.17,367.01,0.85,99.15
2026-04-01,369.37,369.29,0.02,99.98
2026-04-02,373.46,374.48,0.27,99.73
2026-04-06,372.88,368.94,1.06,98.94
2026-04-07,372.29,366.91,1.45,98.55
2026-04-08,374.33,369.8,1.21,98.79
2026-04-09,373.07,369.8,0.88,99.12
2026-04-10,370.87,372.6,0.47,99.53
2026-04-13,384.37,377.56,1.77,98.23
2026-04-14,393.11,394.1,0.25,99.75
2026-04-15,411.22,412.21,0.24,99.76
2026-04-16,420.26,415.23,1.2,98.8
2026-04-17,422.79,423.21,0.1,99.9
2026-04-20,418.07,422.56,1.07,98.93
2026-04-21,424.16,431.52,1.73,98.27
2026-04-22,432.92,436.31,0.78,99.22
2026-04-23,415.75,425.15,2.26,97.74
2026-04-24,424.62,429.97,1.26,98.74
2026-04-27,424.82,428.31,0.82,99.18
2026-04-28,429.25,437.38,1.9,98.1
2026-04-29,424.46,429.86,1.27,98.73
2026-04-30,407.78,413.81,1.48,98.52
2026-05-01,414.44,413.13,0.32,99.68
2026-05-04,413.62,410.77,0.69,99.31
2026-05-05,411.38,411.44,0.01,99.99
2026-05-06,413.96,409.92,0.97,99.03
2026-05-07,420.77,414.99,1.37,98.63
2026-05-08,415.12,415.56,0.11,99.89
2026-05-11,412.66,411.64,0.25,99.75
2026-05-12,407.77,408.4,0.16,99.84
2026-05-13,405.21,409.28,1.01,98.99
2026-05-14,409.43,408.48,0.23,99.77
2026-05-15,421.92,420.63,0.31,99.69
2026-05-18,423.54,417.78,1.36,98.64
2026-05-19,417.42,417.78,0.09,99.91
2026-05-20,421.06,421.08,0.0,100.0
2026-05-21,419.09,418.56,0.13,99.87
2026-05-22,418.57,418.56,0.0,100.0
2026-05-26,416.03,418.7,0.64,99.36
2026-05-27,412.67,415.29,0.64,99.36
2026-05-28,426.99,420.43,1.54,98.46
2026-05-29,450.24,440.76,2.11,97.89
2026-06-01,460.52,448.42,2.63,97.37
2026-06-02,441.31,440.86,0.1,99.9
2026-06-03,427.34,423.62,0.87,99.13
2026-06-04,428.05,422.79,1.23,98.77
2026-06-05,416.67,417.1,0.1,99.9
2026-06-08,411.74,409.25,0.6,99.4
2026-06-09,403.41,405.58,0.54,99.46
2026-06-10,397.36,402.52,1.3,98.7
2026-06-11,390.34,394.84,1.15,98.85
2026-06-12,390.74,394.62,0.99,99.01
2026-06-15,399.76,402.66,0.72,99.28
2026-06-16,393.83,397.01,0.81,99.19
2026-06-17,378.91,386.79,2.08,97.92
2026-06-18,379.4,378.52,0.23,99.77
2026-06-22,367.34,371.76,1.2,98.8
2026-06-23,373.94,365.83,2.17,97.83
2026-06-24,365.46,365.97,0.14,99.86
2026-06-25,352.83,363.07,2.9,97.1
2026-06-26,372.97,368.81,1.12,98.88
2026-06-29,368.57,364.51,1.1,98.9
2026-06-30,373.02,375.74,0.73,99.27
2026-07-01,384.28,387.88,0.94,99.06
2026-07-02,390.49,396.04,1.42,98.58
2026-07-06,386.74,391.25,1.17,98.83
2026-07-07,388.84,384.37,1.15,98.85
2026-07-08,383.34,381.16,0.57,99.43
2026-07-09,384.36,385.18,0.21,99.79
2026-07-10,385.1,385.18,0.02,99.98
2026-07-13,390.99,391.55,0.14,99.86
2026-07-14,384.93,386.34,0.37,99.63
2026-07-15,395.63,395.37,0.07,99.93
2026-07-16,401.1,402.77,0.42,99.58
2026-07-17,393.82,394.31,0.12,99.88
2026-07-20,402.29,403.62,0.33,99.67
2026-07-21,397.75,395.57,0.55,99.45
2026-07-22,390.34,389.25,0.28,99.72
2026-07-23,381.58,383.26,0.44,99.56
2026-07-24,381.7,386.83,1.34,98.66
2026-07-27,389.1,390.31,0.31,99.69
2026-07-28,393.35,392.81,0.14,99.86
2026-07-29,390.54,393.35,0.72,99.28
2026-07-30,451.1,428.94,4.91,95.09
2026-07-31,464.72,446.93,3.83,96.17
2026-08-03,487.65,467.67,4.1,95.9
2026-08-04,492.81,476.35,3.34,96.66
2026-08-05,487.46,474.64,2.63,97.37
2026-08-06,499.86,481.63,3.65,96.35
2026-08-07,499.99,500.45,0.09,99.91
2026-08-10,506.06,498.38,1.52,98.48
2026-08-11,503.81,498.08,1.14,98.86
2026-08-12,492.43,498.08,1.15,98.85
2026-08-13,496.88,497.63,0.15,99.85
2026-08-14,495.4,498.57,0.64,99.36
2026-08-17,480.35,489.35,1.87,98.13
2026-08-18,481.63,490.33,1.81,98.19
2026-08-19,484.31,482.42,0.39,99.61
2026-08-20,481.15,477.99,0.66,99.34
