timestamp,Latest Actual Close,Predicted Close,Error (%),Accuracy (%)
2010-10-20,1.38,1.92,39.42,60.58
2010-10-21,1.38,1.92,38.75,61.25
2010-10-22,1.38,1.87,35.1,64.9
2010-10-25,1.39,1.87,34.25,65.75
2010-10-26,1.42,2.05,43.77,56.23
2010-10-27,1.4,1.96,40.1,59.9
2010-10-28,1.41,1.96,38.84,61.16
2010-10-29,1.46,2.1,44.18,55.82
2010-11-01,1.43,2.02,41.35,58.65
2010-11-02,1.42,1.94,36.64,63.36
2010-11-03,1.45,1.96,35.15,64.85
2010-11-04,1.66,2.18,31.37,68.63
2010-11-05,1.63,2.13,31.02,68.98
2010-11-08,1.67,2.33,39.71,60.29
2010-11-09,1.64,2.13,30.01,69.99
2010-11-10,1.96,2.33,18.87,81.13
2010-11-11,1.87,2.13,14.2,85.8
2010-11-12,1.99,2.18,9.62,90.38
2010-11-15,2.05,2.18,6.21,93.79
2010-11-16,1.98,2.13,7.92,92.08
2010-11-17,1.97,2.13,8.58,91.42
2010-11-18,1.99,2.13,7.13,92.87
2010-11-19,2.07,2.13,3.33,96.67
2010-11-22,2.23,2.33,4.49,95.51
2010-11-23,2.3,2.33,0.95,99.05
2010-11-24,2.36,2.18,7.78,92.22
2010-11-26,2.35,2.36,0.32,99.68
2010-11-29,2.29,2.26,1.33,98.67
2010-11-30,2.36,2.31,2.03,97.97
2010-12-01,2.29,2.21,3.43,96.57
2010-12-02,2.16,2.21,2.53,97.47
2010-12-03,2.1,2.1,0.14,99.86
2010-12-06,2.02,2.11,4.65,95.35
2010-12-07,2.1,2.16,2.83,97.17
2010-12-08,2.16,2.19,1.45,98.55
2010-12-09,2.14,2.16,1.26,98.74
2010-12-10,2.1,2.15,2.35,97.65
2010-12-13,2.04,2.02,0.8,99.2
2010-12-14,1.9,1.94,1.95,98.05
2010-12-15,1.97,1.94,1.44,98.56
2010-12-16,2.05,1.97,4.28,95.72
2010-12-17,2.09,1.97,5.79,94.21
2010-12-20,2.11,1.97,6.8,93.2
2010-12-21,2.15,1.97,8.42,91.58
2010-12-22,2.18,2.06,5.11,94.89
2010-12-23,2.01,2.04,1.87,98.13
2010-12-27,1.7,1.94,13.91,86.09
2010-12-28,1.76,1.94,9.99,90.01
2010-12-29,1.85,1.94,4.95,95.05
2010-12-30,1.77,1.94,9.62,90.38
2010-12-31,1.78,1.94,9.29,90.71
2011-01-03,1.77,1.9,7.33,92.67
2011-01-04,1.78,1.9,6.86,93.14
2011-01-05,1.79,1.9,6.49,93.51
2011-01-06,1.86,1.9,2.47,97.53
2011-01-07,1.88,1.9,1.17,98.83
2011-01-10,1.9,1.9,0.42,99.58
2011-01-11,1.8,1.85,2.69,97.31
2011-01-12,1.8,1.85,2.69,97.31
2011-01-13,1.75,1.87,6.8,93.2
2011-01-14,1.72,1.92,12.09,87.91
2011-01-18,1.71,1.9,11.3,88.7
2011-01-19,1.6,1.77,10.78,89.22
2011-01-20,1.51,1.74,15.39,84.61
2011-01-21,1.54,1.8,17.14,82.86
2011-01-24,1.63,1.83,12.27,87.73
2011-01-25,1.65,1.83,11.41,88.59
2011-01-26,1.65,1.83,11.09,88.91
2011-01-27,1.66,1.83,9.98,90.02
2011-01-28,1.6,1.8,12.41,87.59
2011-01-31,1.61,1.77,10.46,89.54
2011-02-01,1.59,1.81,13.44,86.56
2011-02-02,1.6,1.81,13.3,86.7
2011-02-03,1.58,1.83,15.98,84.02
2011-02-04,1.56,1.83,16.97,83.03
2011-02-07,1.54,1.83,18.8,81.2
2011-02-08,1.63,1.92,17.56,82.44
2011-02-09,1.55,1.92,24.04,75.96
2011-02-10,1.55,1.89,21.89,78.11
2011-02-11,1.55,1.83,18.26,81.74
2011-02-14,1.54,1.83,18.89,81.11
2011-02-15,1.52,1.83,19.99,80.01
2011-02-16,1.65,1.89,14.44,85.56
2011-02-17,1.57,1.89,19.92,80.08
2011-02-18,1.55,1.83,18.31,81.69
2011-02-22,1.46,1.83,25.72,74.28
2011-02-23,1.46,1.83,25.95,74.05
2011-02-24,1.5,1.83,21.72,78.28
2011-02-25,1.57,1.89,19.87,80.13
2011-02-28,1.59,1.92,20.51,79.49
2011-03-01,1.6,1.89,18.22,81.78
2011-03-02,1.6,1.91,19.19,80.81
2011-03-03,1.62,1.94,19.2,80.8
2011-03-04,1.66,1.96,17.92,82.08
2011-03-07,1.66,1.96,17.97,82.03
2011-03-08,1.64,1.96,19.31,80.69
2011-03-09,1.65,1.89,14.49,85.51
2011-03-10,1.6,1.92,19.91,80.09
2011-03-11,1.6,1.94,20.63,79.37
2011-03-14,1.55,2.02,30.16,69.84
2011-03-15,1.53,1.96,28.2,71.8
2011-03-16,1.52,1.92,26.16,73.84
2011-03-17,1.52,1.83,20.54,79.46
2011-03-18,1.53,1.83,19.75,80.25
2011-03-21,1.52,1.83,20.73,79.27
2011-03-22,1.48,1.8,21.63,78.37
2011-03-23,1.48,1.73,17.14,82.86
2011-03-24,1.49,1.33,10.45,89.55
2011-03-25,1.52,1.32,13.09,86.91
2011-03-28,1.55,1.83,17.88,82.12
2011-03-29,1.59,1.83,14.94,85.06
2011-03-30,1.58,1.89,19.37,80.63
2011-03-31,1.85,2.1,13.47,86.53
2011-04-01,1.78,2.05,15.46,84.54
2011-04-04,1.72,2.05,18.89,81.11
2011-04-05,1.78,2.05,15.28,84.72
2011-04-06,1.77,2.05,15.93,84.07
2011-04-07,1.82,2.1,15.6,84.4
2011-04-08,1.77,2.05,15.93,84.07
2011-04-11,1.68,2.02,19.76,80.24
2011-04-12,1.64,1.96,19.36,80.64
2011-04-13,1.66,1.96,18.02,81.98
2011-04-14,1.68,1.96,17.03,82.97
2011-04-15,1.71,1.96,15.02,84.98
2011-04-18,1.67,1.92,15.02,84.98
2011-04-19,1.68,1.79,6.89,93.11
2011-04-20,1.72,1.83,6.78,93.22
2011-04-21,1.78,1.89,5.84,94.16
2011-04-25,1.76,1.92,9.09,90.91
2011-04-26,1.8,1.89,5.09,94.91
2011-04-27,1.81,1.92,6.31,93.69
2011-04-28,1.84,1.92,4.09,95.91
2011-04-29,1.84,1.94,5.2,94.8
2011-05-02,1.83,2.05,11.88,88.12
2011-05-03,1.79,2.08,16.2,83.8
2011-05-04,1.78,2.05,15.06,84.94
2011-05-05,1.76,1.96,11.28,88.72
2011-05-06,1.81,2.05,13.49,86.51
2011-05-09,1.86,2.1,12.82,87.18
2011-05-10,1.89,2.13,13.03,86.97
2011-05-11,1.8,2.0,10.58,89.42
2011-05-12,1.84,1.97,6.79,93.21
2011-05-13,1.84,2.0,8.66,91.34
2011-05-16,1.77,1.92,8.33,91.67
2011-05-17,1.73,1.87,7.89,92.11
2011-05-18,1.76,1.87,6.3,93.7
2011-05-19,1.88,1.95,3.92,96.08
2011-05-20,1.86,1.95,4.77,95.23
2011-05-23,1.79,1.92,7.44,92.56
2011-05-24,1.78,1.92,7.84,92.16
2011-05-25,1.93,2.0,3.3,96.7
2011-05-26,1.97,2.0,1.54,98.46
2011-05-27,1.97,2.01,1.9,98.1
2011-05-31,2.01,2.01,0.1,99.9
2011-06-01,1.9,2.01,5.58,94.42
2011-06-02,1.92,1.99,3.84,96.16
2011-06-03,2.01,2.03,1.22,98.78
2011-06-06,1.91,2.01,4.92,95.08
2011-06-07,1.89,2.03,7.5,92.5
2011-06-08,1.81,1.99,10.12,89.88
2011-06-09,1.84,1.96,6.36,93.64
2011-06-10,1.86,1.96,5.45,94.55
2011-06-13,1.9,2.01,5.91,94.09
2011-06-14,1.91,2.01,5.28,94.72
2011-06-15,1.82,1.9,4.58,95.42
2011-06-16,1.77,1.9,7.81,92.19
2011-06-17,1.77,1.9,7.61,92.39
2011-06-20,1.73,1.88,8.42,91.58
2011-06-21,1.84,1.94,5.58,94.42
2011-06-22,1.81,1.9,5.0,95.0
2011-06-23,1.85,1.9,3.1,96.9
2011-06-24,1.84,1.9,3.63,96.37
2011-06-27,1.83,1.93,5.27,94.73
2011-06-28,1.87,2.01,7.12,92.88
2011-06-29,1.89,1.99,5.57,94.43
2011-06-30,1.94,2.01,3.37,96.63
2011-07-01,1.93,1.99,2.91,97.09
2011-07-05,1.94,1.99,2.49,97.51
2011-07-06,1.93,2.09,8.21,91.79
2011-07-07,1.98,2.21,11.32,88.68
2011-07-08,1.92,2.12,10.33,89.67
2011-07-11,1.89,2.12,12.12,87.88
2011-07-12,1.88,1.98,5.44,94.56
2011-07-13,1.91,2.09,9.42,90.58
2011-07-14,1.84,1.96,6.4,93.6
2011-07-15,1.84,1.96,6.52,93.48
2011-07-18,1.82,1.96,7.88,92.12
2011-07-19,1.86,1.96,5.33,94.67
2011-07-20,1.91,1.99,4.1,95.9
2011-07-21,1.91,1.96,2.36,97.64
2011-07-22,1.95,1.99,2.14,97.86
2011-07-25,1.9,1.94,2.03,97.97
2011-07-26,1.87,1.9,1.78,98.22
2011-07-27,1.84,1.9,3.17,96.83
2011-07-28,1.88,1.94,3.18,96.82
2011-07-29,1.88,1.96,4.28,95.72
2011-08-01,1.92,1.99,3.81,96.19
2011-08-02,1.82,1.9,4.5,95.5
2011-08-03,1.81,1.96,8.0,92.0
2011-08-04,1.65,1.9,15.22,84.78
2011-08-05,1.62,1.86,15.33,84.67
2011-08-08,1.58,1.81,15.09,84.91
2011-08-09,1.67,1.83,9.36,90.64
2011-08-10,1.59,1.8,13.31,86.69
2011-08-11,1.69,1.83,8.46,91.54
2011-08-12,1.75,1.83,4.5,95.5
2011-08-15,1.75,1.83,4.82,95.18
2011-08-16,1.74,1.83,5.07,94.93
2011-08-17,1.72,1.83,6.45,93.55
2011-08-18,1.62,1.83,13.11,86.89
2011-08-19,1.49,1.8,21.03,78.97
2011-08-22,1.46,1.81,23.57,76.43
2011-08-23,1.53,1.83,19.52,80.48
2011-08-24,1.59,1.89,18.57,81.43
2011-08-25,1.54,1.87,21.12,78.88
2011-08-26,1.58,1.89,19.27,80.73
2011-08-29,1.65,1.89,14.54,85.46
2011-08-30,1.64,1.92,16.89,83.11
2011-08-31,1.65,1.89,14.4,85.6
2011-09-01,1.6,1.83,14.56,85.44
2011-09-02,1.54,1.83,18.95,81.05
2011-09-06,1.53,1.83,19.62,80.38
2011-09-07,1.59,1.83,15.33,84.67
2011-09-08,1.57,1.89,19.87,80.13
2011-09-09,1.53,1.92,25.34,74.66
2011-09-12,1.53,1.91,25.12,74.88
2011-09-13,1.61,1.94,20.58,79.42
2011-09-14,1.62,1.92,18.28,81.72
2011-09-15,1.65,1.96,18.54,81.46
2011-09-16,1.72,2.02,17.3,82.7
2011-09-19,1.72,1.94,12.67,87.33
2011-09-20,1.73,1.96,13.11,86.89
2011-09-21,1.72,1.94,12.32,87.68
2011-09-22,1.71,2.02,18.08,81.92
2011-09-23,1.76,2.13,21.38,78.62
2011-09-26,1.7,2.05,20.34,79.66
2011-09-27,1.75,2.05,17.26,82.74
2011-09-28,1.64,1.79,9.36,90.64
2011-09-29,1.61,1.94,20.38,79.62
2011-09-30,1.63,1.96,20.63,79.37
2011-10-03,1.58,1.89,19.27,80.73
2011-10-04,1.58,1.87,18.31,81.69
2011-10-05,1.69,1.92,13.48,86.52
2011-10-06,1.8,1.83,2.08,97.92
2011-10-07,1.8,1.94,7.58,92.42
2011-10-10,1.86,1.96,5.53,94.47
2011-10-11,1.84,1.94,5.16,94.84
2011-10-12,1.85,1.96,5.83,94.17
2011-10-13,1.86,1.94,3.92,96.08
2011-10-14,1.87,2.02,7.89,92.11
2011-10-17,1.83,1.94,5.89,94.11
2011-10-18,1.89,2.1,11.11,88.89
2011-10-19,1.84,2.1,14.21,85.79
2011-10-20,1.82,2.05,12.33,87.67
2011-10-21,1.87,2.13,14.24,85.76
2011-10-24,1.9,2.13,12.16,87.84
2011-10-25,1.88,2.05,8.71,91.29
2011-10-26,1.87,1.94,3.77,96.23
2011-10-27,1.92,2.02,5.23,94.77
2011-10-28,1.99,2.09,4.92,95.08
2011-10-31,1.96,2.08,6.25,93.75
2011-11-01,1.93,2.01,4.26,95.74
2011-11-02,1.91,1.99,4.02,95.98
2011-11-03,2.16,2.12,2.08,97.92
2011-11-04,2.15,2.17,0.79,99.21
2011-11-07,2.08,2.09,0.22,99.78
2011-11-08,2.12,2.16,1.72,98.28
2011-11-09,2.06,2.15,4.66,95.34
2011-11-10,2.09,2.18,4.15,95.85
2011-11-11,2.24,2.21,1.67,98.33
2011-11-14,2.21,2.25,1.4,98.6
2011-11-15,2.26,2.33,2.88,97.12
2011-11-16,2.33,2.33,0.09,99.91
2011-11-17,2.25,2.25,0.01,99.99
2011-11-18,2.17,2.19,0.74,99.26
2011-11-21,2.12,2.19,3.4,96.6
2011-11-22,2.14,2.19,2.4,97.6
2011-11-23,2.1,2.09,0.13,99.87
2011-11-25,2.11,2.11,0.19,99.81
2011-11-28,2.17,2.14,1.58,98.42
2011-11-29,2.12,2.11,0.09,99.91
2011-11-30,2.18,2.16,0.87,99.13
2011-12-01,2.17,2.14,1.7,98.3
2011-12-02,2.22,2.11,4.74,95.26
2011-12-05,2.29,2.21,3.79,96.21
2011-12-06,2.32,2.22,4.56,95.44
2011-12-07,2.28,2.19,4.09,95.91
2011-12-08,2.06,2.09,1.57,98.43
2011-12-09,2.07,2.09,1.08,98.92
2011-12-12,2.03,2.13,4.94,95.06
2011-12-13,1.96,2.02,2.9,97.1
2011-12-14,1.9,2.02,6.22,93.78
2011-12-15,1.91,2.02,5.88,94.12
2011-12-16,1.87,1.94,4.2,95.8
2011-12-19,1.85,1.96,6.15,93.85
2011-12-20,1.86,1.86,0.12,99.88
2011-12-21,1.84,1.86,1.32,98.68
2011-12-22,1.85,1.48,20.11,79.89
2011-12-23,1.86,1.56,16.1,83.9
2011-12-27,1.9,1.56,18.07,81.93
2011-12-28,1.9,1.65,12.93,87.07
2011-12-29,1.92,1.92,0.01,99.99
2011-12-30,1.9,1.86,2.2,97.8
2012-01-03,1.87,1.89,0.79,99.21
2012-01-04,1.85,1.92,3.69,96.31
2012-01-05,1.81,1.9,5.15,94.85
2012-01-06,1.79,1.88,4.79,95.21
2012-01-09,1.82,1.9,4.84,95.16
2012-01-10,1.84,1.96,6.36,93.64
2012-01-11,1.88,1.99,5.79,94.21
2012-01-12,1.88,2.01,6.59,93.41
2012-01-13,1.52,1.79,17.95,82.05
2012-01-17,1.77,1.94,9.27,90.73
2012-01-18,1.79,1.9,6.3,93.7
2012-01-19,1.78,1.9,6.5,93.5
2012-01-20,1.77,1.9,7.41,92.59
2012-01-23,1.78,1.87,4.63,95.37
2012-01-24,1.83,1.92,5.09,94.91
2012-01-25,1.86,1.92,3.02,96.98
2012-01-26,1.93,2.01,4.05,95.95
2012-01-27,1.96,2.03,3.98,96.02
2012-01-30,1.97,2.01,1.83,98.17
2012-01-31,1.94,2.0,3.24,96.76
2012-02-01,1.97,1.99,0.96,99.04
2012-02-02,2.02,2.01,0.46,99.54
2012-02-03,2.08,2.53,21.95,78.05
2012-02-06,2.12,2.91,37.25,62.75
2012-02-07,2.11,2.48,17.8,82.2
2012-02-08,2.13,2.48,16.59,83.41
2012-02-09,2.17,2.53,16.6,83.4
2012-02-10,2.07,2.21,6.48,93.52
2012-02-13,2.1,2.25,7.04,92.96
2012-02-14,2.21,2.33,5.51,94.49
2012-02-15,2.24,2.36,5.47,94.53
2012-02-16,2.28,2.36,3.68,96.32
2012-02-17,2.33,2.36,1.34,98.66
2012-02-21,2.3,2.36,2.72,97.28
2012-02-22,2.28,2.33,2.01,97.99
2012-02-23,2.3,2.4,4.19,95.81
2012-02-24,2.25,2.32,2.97,97.03
2012-02-27,2.24,2.26,0.86,99.14
2012-02-28,2.25,2.32,2.79,97.21
2012-02-29,2.23,2.23,0.34,99.66
2012-03-01,2.29,2.26,1.45,98.55
2012-03-02,2.27,2.35,3.4,96.6
2012-03-05,2.25,2.32,2.91,97.09
2012-03-06,2.21,2.19,0.97,99.03
2012-03-07,2.21,2.19,1.0,99.0
2012-03-08,2.2,2.17,1.44,98.56
2012-03-09,2.32,2.27,2.1,97.9
2012-03-12,2.4,2.34,2.45,97.55
2012-03-13,2.41,2.4,0.33,99.67
2012-03-14,2.35,2.3,2.24,97.76
2012-03-15,2.33,2.32,0.73,99.27
2012-03-16,2.35,2.34,0.54,99.46
2012-03-19,2.33,2.32,0.67,99.33
2012-03-20,2.33,2.34,0.48,99.52
2012-03-21,2.34,2.29,2.31,97.69
2012-03-22,2.29,2.3,0.29,99.71
2012-03-23,2.27,2.3,1.23,98.77
2012-03-26,2.49,2.48,0.54,99.46
2012-03-27,2.53,2.48,1.96,98.04
2012-03-28,2.52,2.57,1.81,98.19
2012-03-29,2.49,2.49,0.05,99.95
2012-03-30,2.48,2.41,3.11,96.89
2012-04-02,2.44,2.39,2.03,97.97
2012-04-03,2.53,2.52,0.67,99.33
2012-04-04,2.33,2.36,0.99,99.01
2012-04-05,2.3,2.36,2.52,97.48
2012-04-09,2.21,2.26,2.36,97.64
2012-04-10,2.16,2.26,4.54,95.46
2012-04-11,2.21,2.26,2.54,97.46
2012-04-12,2.23,2.27,1.7,98.3
2012-04-13,2.24,2.27,1.25,98.75
2012-04-16,2.15,1.92,10.56,89.44
2012-04-17,2.15,1.88,12.58,87.42
2012-04-18,2.18,1.9,12.82,87.18
2012-04-19,2.21,1.98,10.46,89.54
2012-04-20,2.21,1.98,10.46,89.54
2012-04-23,2.13,1.98,7.04,92.96
2012-04-24,2.12,1.66,21.61,78.39
2012-04-25,2.19,2.09,4.67,95.33
2012-04-26,2.23,2.13,4.71,95.29
2012-04-27,2.22,2.19,1.65,98.35
2012-04-30,2.21,2.22,0.45,99.55
2012-05-01,2.25,2.22,1.48,98.52
2012-05-02,2.26,2.3,1.64,98.36
2012-05-03,2.16,2.17,0.41,99.59
2012-05-04,2.12,2.27,6.85,93.15
2012-05-07,2.16,2.27,4.74,95.26
2012-05-08,2.01,2.09,3.92,96.08
2012-05-09,2.0,2.09,4.19,95.81
2012-05-10,2.2,2.19,0.51,99.49
2012-05-11,2.15,2.19,1.68,98.32
2012-05-14,2.0,2.13,6.16,93.84
2012-05-15,1.96,2.09,6.61,93.39
2012-05-16,1.95,2.02,3.67,96.33
2012-05-17,1.9,2.01,5.76,94.24
2012-05-18,1.84,2.0,8.61,91.39
2012-05-21,1.92,1.96,2.39,97.61
2012-05-22,2.05,1.97,4.07,95.93
2012-05-23,2.07,2.04,1.19,98.81
2012-05-24,2.02,2.04,1.23,98.77
2012-05-25,1.99,1.97,0.89,99.11
2012-05-29,2.11,2.1,0.76,99.24
2012-05-30,2.03,2.06,1.81,98.19
2012-05-31,1.97,1.97,0.15,99.85
2012-06-01,1.88,1.94,3.39,96.61
2012-06-04,1.86,1.94,4.39,95.61
2012-06-05,1.86,1.94,4.02,95.98
2012-06-06,1.95,1.99,2.36,97.64
2012-06-07,1.93,1.99,3.39,96.61
2012-06-08,2.01,2.07,3.16,96.84
2012-06-11,1.94,1.99,2.71,97.29
2012-06-12,1.98,1.97,0.2,99.8
2012-06-13,1.98,1.96,1.11,98.89
2012-06-14,1.96,1.97,0.71,99.29
2012-06-15,1.99,1.99,0.0,100.0
2012-06-18,2.12,1.99,6.06,93.94
2012-06-19,2.14,2.08,2.61,97.39
2012-06-20,2.25,2.2,2.52,97.48
2012-06-21,2.15,2.22,3.66,96.34
2012-06-22,2.25,2.28,1.06,98.94
2012-06-25,2.21,2.28,3.29,96.71
2012-06-26,2.11,2.19,3.89,96.11
2012-06-27,2.13,2.19,2.75,97.25
2012-06-28,2.09,2.16,3.01,96.99
2012-06-29,2.09,2.19,4.95,95.05
2012-07-02,2.03,2.15,5.95,94.05
2012-07-03,2.04,2.15,5.05,94.95
2012-07-05,2.08,2.16,3.92,96.08
2012-07-06,2.07,2.15,3.93,96.07
2012-07-09,2.1,2.06,1.68,98.32
2012-07-10,2.08,2.06,0.99,99.01
2012-07-11,2.1,1.97,6.24,93.76
2012-07-12,2.18,2.1,3.82,96.18
2012-07-13,2.28,2.1,8.18,91.82
2012-07-16,2.4,2.27,5.47,94.53
2012-07-17,2.22,2.23,0.52,99.48
2012-07-18,2.14,2.19,1.99,98.01
2012-07-19,2.15,2.22,3.13,96.87
2012-07-20,2.12,2.22,4.84,95.16
2012-07-23,2.04,2.11,3.46,96.54
2012-07-24,1.99,2.11,6.3,93.7
2012-07-25,1.93,2.02,4.68,95.32
2012-07-26,1.88,2.02,7.73,92.27
2012-07-27,1.97,2.06,4.52,95.48
2012-07-30,1.82,1.97,8.03,91.97
2012-07-31,1.83,1.94,6.14,93.86
2012-08-01,1.75,1.92,9.46,90.54
2012-08-02,1.74,1.83,5.37,94.63
2012-08-03,1.82,1.63,10.43,89.57
2012-08-06,1.88,1.92,1.64,98.36
2012-08-07,2.02,1.94,3.79,96.21
2012-08-08,1.94,1.94,0.05,99.95
2012-08-09,1.96,1.94,1.04,98.96
2012-08-10,2.0,1.99,0.1,99.9
2012-08-13,2.08,2.03,2.48,97.52
2012-08-14,1.96,1.99,1.67,98.33
2012-08-15,1.96,2.03,3.4,96.6
2012-08-16,2.02,2.03,0.32,99.68
2012-08-17,2.0,2.07,3.4,96.6
2012-08-20,1.97,2.04,3.84,96.16
2012-08-21,1.94,2.12,9.49,90.51
2012-08-22,2.0,2.15,7.91,92.09
2012-08-23,2.05,2.12,3.71,96.29
2012-08-24,1.97,2.03,3.04,96.96
2012-08-27,1.89,1.94,2.77,97.23
2012-08-28,1.91,1.99,4.25,95.75
2012-08-29,1.89,1.97,4.19,95.81
2012-08-30,1.89,1.94,2.44,97.56
2012-08-31,1.9,1.94,1.86,98.14
2012-09-04,1.88,1.94,3.42,96.58
2012-09-05,1.86,1.9,2.25,97.75
2012-09-06,1.9,1.9,0.07,99.93
2012-09-07,1.96,1.94,0.96,99.04
2012-09-10,1.82,1.9,4.38,95.62
2012-09-11,1.85,1.9,2.77,97.23
2012-09-12,1.89,1.9,1.03,98.97
2012-09-13,1.97,1.9,3.33,96.67
2012-09-14,2.03,1.99,1.73,98.27
2012-09-17,2.17,2.21,1.71,98.29
2012-09-18,2.09,2.12,1.7,98.3
2012-09-19,2.07,2.12,2.22,97.78
2012-09-20,2.06,2.07,0.42,99.58
2012-09-21,2.0,2.04,2.08,97.92
2012-09-24,2.04,2.07,1.2,98.8
2012-09-25,1.84,1.99,8.13,91.87
2012-09-26,1.84,1.99,8.61,91.39
2012-09-27,1.9,1.99,4.98,95.02
2012-09-28,1.95,2.04,4.66,95.34
2012-10-01,1.94,2.04,4.75,95.25
2012-10-02,1.99,2.02,1.47,98.53
2012-10-03,1.95,1.99,2.08,97.92
2012-10-04,1.96,1.97,0.68,99.32
2012-10-05,1.93,1.92,0.55,99.45
2012-10-08,1.95,1.94,0.5,99.5
2012-10-09,1.89,1.94,2.58,97.42
2012-10-10,1.89,1.94,2.48,97.52
2012-10-11,1.89,1.9,0.88,99.12
2012-10-12,1.84,1.9,3.04,96.96
2012-10-15,1.82,1.96,7.49,92.51
2012-10-16,1.87,1.99,6.43,93.57
2012-10-17,1.92,1.99,3.63,96.37
2012-10-18,1.87,1.9,1.89,98.11
2012-10-19,1.85,1.9,2.99,97.01
2012-10-22,1.86,1.9,2.39,97.61
2012-10-23,1.89,1.9,0.63,99.37
2012-10-24,1.83,1.9,4.19,95.81
2012-10-25,1.83,1.9,3.82,96.18
2012-10-26,1.83,1.9,4.35,95.65
2012-10-31,1.88,1.96,4.43,95.57
2012-11-01,1.95,1.98,1.55,98.45
2012-11-02,1.93,1.99,3.27,96.73
2012-11-05,2.1,2.12,1.13,98.87
2012-11-06,2.08,2.12,2.27,97.73
2012-11-07,2.1,2.15,2.47,97.53
2012-11-08,2.09,2.12,1.79,98.21
2012-11-09,2.02,2.12,5.12,94.88
2012-11-12,2.07,2.15,4.02,95.98
2012-11-13,2.11,2.21,4.64,95.36
2012-11-14,2.09,2.21,5.41,94.59
2012-11-15,2.05,2.21,7.32,92.68
2012-11-16,2.12,2.25,5.86,94.14
2012-11-19,2.19,2.28,4.0,96.0
2012-11-20,2.2,2.28,3.48,96.52
2012-11-21,2.16,2.28,5.11,94.89
2012-11-23,2.14,2.28,6.22,93.78
2012-11-26,2.15,2.16,0.27,99.73
2012-11-27,2.14,2.16,0.95,99.05
2012-11-28,2.22,2.19,1.17,98.83
2012-11-29,2.25,2.25,0.02,99.98
2012-11-30,2.25,2.36,4.79,95.21
2012-12-03,2.31,2.43,5.46,94.54
2012-12-04,2.26,2.35,3.83,96.17
2012-12-05,2.25,2.35,4.42,95.58
2012-12-06,2.26,2.4,6.13,93.87
2012-12-07,2.28,2.35,3.01,96.99
2012-12-10,2.3,2.32,0.53,99.47
2012-12-11,2.35,2.35,0.23,99.77
2012-12-12,2.35,2.43,3.54,96.46
2012-12-13,2.24,2.26,0.89,99.11
2012-12-14,2.25,2.34,3.9,96.1
2012-12-17,2.29,2.4,4.57,95.43
2012-12-18,2.31,2.34,1.56,98.44
2012-12-19,2.31,2.32,0.39,99.61
2012-12-20,2.3,2.3,0.2,99.8
2012-12-21,2.27,2.25,0.93,99.07
2012-12-24,2.29,2.3,0.64,99.36
2012-12-26,2.24,2.27,1.25,98.75
2012-12-27,2.25,2.27,0.95,99.05
2012-12-28,2.21,2.17,1.88,98.12
2012-12-31,2.26,2.24,0.97,99.03
2013-01-02,2.36,2.27,3.82,96.18
2013-01-03,2.32,2.27,2.19,97.81
2013-01-04,2.29,2.22,3.4,96.6
2013-01-07,2.29,2.3,0.46,99.54
2013-01-08,2.25,2.21,1.63,98.37
2013-01-09,2.24,2.17,3.11,96.89
2013-01-10,2.24,2.17,2.79,97.21
2013-01-11,2.19,2.17,0.96,99.04
2013-01-14,2.22,2.24,0.84,99.16
2013-01-15,2.26,2.27,0.32,99.68
2013-01-16,2.27,2.3,1.17,98.83
2013-01-17,2.29,2.31,0.77,99.23
2013-01-18,2.3,2.34,1.77,98.23
2013-01-22,2.35,2.34,0.17,99.83
2013-01-23,2.4,2.29,4.62,95.38
2013-01-24,2.47,2.43,1.55,98.45
2013-01-25,2.47,2.48,0.59,99.41
2013-01-28,2.54,2.6,2.73,97.27
2013-01-29,2.53,2.71,7.05,92.95
2013-01-30,2.5,2.61,4.47,95.53
2013-01-31,2.5,2.71,8.31,91.69
2013-02-01,2.55,2.79,9.25,90.75
2013-02-04,2.52,2.71,7.65,92.35
2013-02-05,2.54,2.71,6.55,93.45
2013-02-06,2.61,2.71,3.72,96.28
2013-02-07,2.63,2.81,6.65,93.35
2013-02-08,2.62,2.92,11.79,88.21
2013-02-11,2.56,2.67,4.16,95.84
2013-02-12,2.53,2.59,2.38,97.62
2013-02-13,2.56,2.53,1.3,98.7
2013-02-14,2.55,2.65,3.88,96.12
2013-02-15,2.47,2.52,1.94,98.06
2013-02-19,2.62,2.62,0.23,99.77
2013-02-20,2.57,2.62,1.9,98.1
2013-02-21,2.34,2.48,5.86,94.14
2013-02-22,2.41,2.36,1.93,98.07
2013-02-25,2.29,2.36,3.01,96.99
2013-02-26,2.3,2.26,1.45,98.55
2013-02-27,2.34,2.38,1.53,98.47
2013-02-28,2.32,2.28,1.71,98.29
2013-03-01,2.31,2.28,1.2,98.8
2013-03-04,2.37,2.38,0.31,99.69
2013-03-05,2.44,2.34,4.4,95.6
2013-03-06,2.51,2.36,6.21,93.79
2013-03-07,2.55,2.36,7.54,92.46
2013-03-08,2.56,2.39,6.85,93.15
2013-03-11,2.61,2.46,5.81,94.19
2013-03-12,2.61,2.49,4.61,95.39
2013-03-13,2.6,2.67,2.66,97.34
2013-03-14,2.46,2.49,1.27,98.73
2013-03-15,2.35,2.49,5.75,94.25
2013-03-18,2.34,2.49,6.17,93.83
2013-03-19,2.34,2.36,0.76,99.24
2013-03-20,2.4,2.38,0.77,99.23
2013-03-21,2.4,2.41,0.2,99.8
2013-03-22,2.44,2.38,2.58,97.42
2013-03-25,2.5,2.39,4.51,95.49
2013-03-26,2.52,2.46,2.72,97.28
2013-03-27,2.54,2.46,3.49,96.51
2013-03-28,2.53,2.46,2.8,97.2
2013-04-01,2.93,2.85,2.57,97.43
2013-04-02,2.96,2.85,3.47,96.53
2013-04-03,2.74,2.64,3.62,96.38
2013-04-04,2.8,2.85,1.89,98.11
2013-04-05,2.76,3.0,8.95,91.05
2013-04-08,2.79,3.0,7.75,92.25
2013-04-09,2.7,2.95,9.37,90.63
2013-04-10,2.79,2.95,5.81,94.19
2013-04-11,2.91,2.91,0.02,99.98
2013-04-12,2.92,2.85,2.17,97.83
2013-04-15,2.89,2.85,1.15,98.85
2013-04-16,3.04,2.85,6.11,93.89
2013-04-17,3.03,3.36,11.03,88.97
2013-04-18,3.13,3.42,9.1,90.9
2013-04-19,3.19,3.33,4.57,95.43
2013-04-22,3.35,3.46,3.52,96.48
2013-04-23,3.4,3.65,7.48,92.52
2013-04-24,3.36,3.55,5.62,94.38
2013-04-25,3.47,3.65,5.43,94.57
2013-04-26,3.41,3.75,9.94,90.06
2013-04-29,3.66,4.47,22.14,77.86
2013-04-30,3.6,3.85,6.91,93.09
2013-05-01,3.55,3.74,5.41,94.59
2013-05-02,3.61,3.75,4.03,95.97
2013-05-03,3.64,3.85,5.81,94.19
2013-05-06,3.97,3.85,2.99,97.01
2013-05-07,3.7,3.71,0.22,99.78
2013-05-08,3.72,3.99,7.29,92.71
2013-05-09,4.63,6.15,32.97,67.03
2013-05-10,5.12,6.25,22.08,77.92
2013-05-13,5.85,6.05,3.44,96.56
2013-05-14,5.55,5.96,7.39,92.61
2013-05-15,5.66,5.96,5.36,94.64
2013-05-16,6.15,6.05,1.55,98.45
2013-05-17,6.1,5.96,2.31,97.69
2013-05-20,6.0,6.03,0.64,99.36
2013-05-21,5.84,6.03,3.19,96.81
2013-05-22,5.82,6.03,3.61,96.39
2013-05-23,6.18,6.23,0.74,99.26
2013-05-24,6.47,6.15,4.94,95.06
2013-05-28,7.36,6.76,8.08,91.92
2013-05-29,6.98,7.05,1.05,98.95
2013-05-30,7.0,7.04,0.62,99.38
2013-05-31,6.52,6.95,6.68,93.32
2013-06-03,6.17,6.82,10.56,89.44
2013-06-04,6.32,6.94,9.79,90.21
2013-06-05,6.36,6.94,9.18,90.82
2013-06-06,6.49,6.4,1.42,98.58
2013-06-07,6.8,6.44,5.33,94.67
2013-06-10,6.67,6.44,3.45,96.55
2013-06-11,6.3,6.39,1.41,98.59
2013-06-12,6.52,6.41,1.55,98.45
2013-06-13,6.55,6.32,3.41,96.59
2013-06-14,6.69,6.32,5.45,94.55
2013-06-17,6.81,6.27,7.96,92.04
2013-06-18,6.89,6.37,7.65,92.35
2013-06-19,6.98,6.37,8.79,91.21
2013-06-20,6.71,6.4,4.65,95.35
2013-06-21,6.64,7.11,7.15,92.85
2013-06-24,6.77,7.62,12.55,87.45
2013-06-25,6.83,6.55,4.06,95.94
2013-06-26,7.05,6.61,6.28,93.72
2013-06-27,7.28,7.22,0.85,99.15
2013-06-28,7.16,7.62,6.4,93.6
2013-07-01,7.81,7.8,0.19,99.81
2013-07-02,7.85,8.3,5.66,94.34
2013-07-03,7.68,8.26,7.45,92.55
2013-07-05,8.01,8.29,3.56,96.44
2013-07-08,8.11,8.29,2.26,97.74
2013-07-09,8.23,8.29,0.74,99.26
2013-07-10,8.15,8.26,1.27,98.73
2013-07-11,8.37,8.39,0.25,99.75
2013-07-12,8.66,8.51,1.68,98.32
2013-07-15,8.48,8.3,2.18,97.82
2013-07-16,7.27,8.06,10.93,89.07
2013-07-17,8.02,8.12,1.26,98.74
2013-07-18,7.94,8.09,1.97,98.03
2013-07-19,7.98,8.12,1.74,98.26
2013-07-22,8.16,8.08,1.06,98.94
2013-07-23,8.18,8.08,1.31,98.69
2013-07-24,8.11,8.06,0.6,99.4
2013-07-25,8.27,8.08,2.37,97.63
2013-07-26,8.63,9.02,4.55,95.45
2013-07-29,8.97,9.04,0.78,99.22
2013-07-30,8.78,9.02,2.69,97.31
2013-07-31,8.95,9.02,0.75,99.25
2013-08-01,9.04,9.0,0.38,99.62
2013-08-02,9.2,9.04,1.69,98.31
2013-08-05,9.65,9.95,3.13,96.87
2013-08-06,9.48,9.23,2.64,97.36
2013-08-07,8.95,9.13,2.03,97.97
2013-08-08,10.23,9.22,9.91,90.09
2013-08-09,10.2,9.25,9.3,90.7
2013-08-12,9.83,9.16,6.73,93.27
2013-08-13,9.7,10.09,4.09,95.91
2013-08-14,9.29,10.01,7.7,92.3
2013-08-15,9.31,9.98,7.18,92.82
2013-08-16,9.47,9.84,3.91,96.09
2013-08-19,9.66,10.01,3.58,96.42
2013-08-20,9.97,10.01,0.34,99.66
2013-08-21,9.86,10.01,1.51,98.49
2013-08-22,10.47,10.06,3.93,96.07
2013-08-23,10.79,10.21,5.35,94.65
2013-08-26,10.95,10.25,6.37,93.63
2013-08-27,11.13,10.34,7.15,92.85
2013-08-28,11.1,10.22,7.89,92.11
2013-08-29,11.07,10.22,7.67,92.33
2013-08-30,11.27,11.42,1.34,98.66
2013-09-03,11.26,11.42,1.37,98.63
2013-09-04,11.37,11.62,2.13,97.87
2013-09-05,11.33,11.64,2.74,97.26
2013-09-06,11.13,11.52,3.5,96.5
2013-09-09,10.71,11.33,5.76,94.24
2013-09-10,11.09,11.33,2.19,97.81
2013-09-11,10.9,11.33,3.93,96.07
2013-09-12,11.0,11.24,2.26,97.74
2013-09-13,11.04,11.19,1.41,98.59
2013-09-16,11.11,11.2,0.87,99.13
2013-09-17,11.08,11.12,0.35,99.65
2013-09-18,11.08,11.12,0.35,99.65
2013-09-19,11.86,11.33,4.48,95.52
2013-09-20,12.23,11.33,7.33,92.67
2013-09-23,12.07,11.3,6.41,93.59
2013-09-24,12.16,11.3,7.04,92.96
2013-09-25,12.35,12.49,1.1,98.9
2013-09-26,12.58,12.54,0.31,99.69
2013-09-27,12.73,12.81,0.66,99.34
2013-09-30,12.89,12.68,1.66,98.34
2013-10-01,12.87,12.77,0.73,99.27
2013-10-02,12.06,12.97,7.49,92.51
2013-10-03,11.55,12.64,9.43,90.57
2013-10-04,12.07,12.67,5.01,94.99
2013-10-07,12.2,12.73,4.27,95.73
2013-10-08,11.65,12.5,7.32,92.68
2013-10-09,11.25,12.24,8.75,91.25
2013-10-10,11.53,12.12,5.15,94.85
2013-10-11,11.91,12.28,3.05,96.95
2013-10-14,11.98,12.28,2.46,97.54
2013-10-15,12.26,12.28,0.11,99.89
2013-10-16,12.24,12.26,0.15,99.85
2013-10-17,12.19,12.16,0.23,99.77
2013-10-18,12.23,12.12,0.85,99.15
2013-10-21,11.51,12.12,5.35,94.65
2013-10-22,11.44,12.12,6.0,94.0
2013-10-23,10.97,10.97,0.0,100.0
2013-10-24,11.54,11.0,4.68,95.32
2013-10-25,11.31,10.97,3.04,96.96
2013-10-28,10.86,10.97,1.01,98.99
2013-10-29,10.96,11.12,1.42,98.58
2013-10-30,10.61,10.97,3.32,96.68
2013-10-31,10.66,10.85,1.76,98.24
2013-11-01,10.81,10.87,0.56,99.44
2013-11-04,11.68,10.97,6.11,93.89
2013-11-05,11.79,11.04,6.34,93.66
2013-11-06,10.08,10.85,7.67,92.33
2013-11-07,9.32,10.66,14.36,85.64
2013-11-08,9.2,10.71,16.48,83.52
2013-11-11,9.65,10.97,13.69,86.31
2013-11-12,9.19,9.89,7.63,92.37
2013-11-13,9.25,9.63,4.18,95.82
2013-11-14,9.17,9.63,5.02,94.98
2013-11-15,9.03,9.77,8.21,91.79
2013-11-18,8.11,9.55,17.85,82.15
2013-11-19,8.41,8.81,4.8,95.2
2013-11-20,8.07,8.67,7.41,92.59
2013-11-21,8.14,8.67,6.54,93.46
2013-11-22,8.09,7.56,6.58,93.42
2013-11-25,8.06,7.46,7.46,92.54
2013-11-26,8.03,7.64,4.84,95.16
2013-11-27,8.46,8.0,5.47,94.53
2013-11-29,8.49,8.0,5.73,94.27
2013-12-02,8.28,7.69,7.12,92.88
2013-12-03,9.65,8.22,14.75,85.25
2013-12-04,9.26,8.97,3.17,96.83
2013-12-05,9.37,9.0,3.87,96.13
2013-12-06,9.16,8.97,2.05,97.95
2013-12-09,9.44,9.13,3.28,96.72
2013-12-10,9.48,9.1,3.99,96.01
2013-12-11,9.31,10.09,8.4,91.6
2013-12-12,9.83,10.14,3.18,96.82
2013-12-13,9.84,10.14,3.05,96.95
2013-12-16,9.86,10.14,2.85,97.15
2013-12-17,10.16,10.18,0.15,99.85
2013-12-18,9.87,10.09,2.29,97.71
2013-12-19,9.38,10.17,8.35,91.65
2013-12-20,9.55,10.22,7.04,92.96
2013-12-23,9.57,9.93,3.77,96.23
2013-12-24,10.09,10.22,1.26,98.74
2013-12-26,10.37,10.22,1.4,98.6
2013-12-27,10.07,10.22,1.45,98.55
2013-12-30,10.16,10.17,0.02,99.98
2013-12-31,10.03,9.98,0.48,99.52
2014-01-02,10.01,10.01,0.01,99.99
2014-01-03,9.97,9.96,0.07,99.93
2014-01-06,9.8,9.93,1.34,98.66
2014-01-07,9.96,9.93,0.26,99.74
2014-01-08,10.09,9.93,1.53,98.47
2014-01-09,9.84,9.93,0.97,99.03
2014-01-10,9.71,9.98,2.73,97.27
2014-01-13,9.29,9.91,6.69,93.31
2014-01-14,10.75,10.22,4.93,95.07
2014-01-15,10.94,10.17,7.1,92.9
2014-01-16,11.4,10.22,10.32,89.68
2014-01-17,11.33,10.25,9.56,90.44
2014-01-21,11.78,11.33,3.81,96.19
2014-01-22,11.9,11.38,4.39,95.61
2014-01-23,12.1,11.42,5.64,94.36
2014-01-24,11.64,12.49,7.26,92.74
2014-01-27,11.31,12.49,10.41,89.59
2014-01-28,11.89,12.49,4.99,95.01
2014-01-29,11.68,12.46,6.62,93.38
2014-01-30,12.19,11.38,6.62,93.38
2014-01-31,12.09,11.38,5.89,94.11
2014-02-03,11.81,11.38,3.6,96.4
2014-02-04,11.92,12.46,4.54,95.46
2014-02-05,11.63,12.37,6.42,93.58
2014-02-06,11.89,12.15,2.15,97.85
2014-02-07,12.44,12.46,0.16,99.84
2014-02-10,13.1,12.46,4.95,95.05
2014-02-11,13.11,12.46,4.98,95.02
2014-02-12,13.02,12.4,4.77,95.23
2014-02-13,13.31,12.76,4.16,95.84
2014-02-14,13.22,13.05,1.24,98.76
2014-02-18,13.58,13.35,1.67,98.33
2014-02-19,12.91,13.27,2.8,97.2
2014-02-20,14.0,13.3,4.98,95.02
2014-02-21,13.97,13.75,1.62,98.38
2014-02-24,14.51,14.02,3.4,96.6
2014-02-25,16.53,14.84,10.23,89.77
2014-02-26,16.87,15.09,10.54,89.46
2014-02-27,16.84,15.58,7.44,92.56
2014-02-28,16.32,15.75,3.5,96.5
2014-03-03,16.7,16.55,0.91,99.09
2014-03-04,16.99,16.73,1.5,98.5
2014-03-05,16.84,16.73,0.65,99.35
2014-03-06,16.86,17.08,1.28,98.72
2014-03-07,16.41,17.04,3.84,96.16
2014-03-10,15.92,16.65,4.55,95.45
2014-03-11,15.63,16.7,6.86,93.14
2014-03-12,16.1,16.65,3.4,96.6
2014-03-13,15.85,16.43,3.67,96.33
2014-03-14,15.4,15.93,3.48,96.52
2014-03-17,15.6,15.15,2.91,97.09
2014-03-18,16.0,15.15,5.36,94.64
2014-03-19,15.72,15.15,3.67,96.33
2014-03-20,15.66,15.15,3.29,96.71
2014-03-21,15.26,15.03,1.51,98.49
2014-03-24,14.68,14.74,0.44,99.56
2014-03-25,14.7,14.58,0.82,99.18
2014-03-26,14.2,14.56,2.53,97.47
2014-03-27,13.82,14.29,3.37,96.63
2014-03-28,14.16,14.23,0.48,99.52
2014-03-31,13.9,14.16,1.91,98.09
2014-04-01,14.46,14.3,1.14,98.86
2014-04-02,15.35,14.44,5.97,94.03
2014-04-03,15.03,14.46,3.79,96.21
2014-04-04,14.15,14.13,0.15,99.85
2014-04-07,13.83,14.16,2.37,97.63
2014-04-08,14.36,14.42,0.37,99.63
2014-04-09,14.46,14.13,2.31,97.69
2014-04-10,13.61,14.13,3.79,96.21
2014-04-11,13.59,14.13,3.99,96.01
2014-04-14,13.21,13.92,5.42,94.58
2014-04-15,12.93,13.92,7.69,92.31
2014-04-16,13.27,13.78,3.81,96.19
2014-04-17,13.21,13.29,0.62,99.38
2014-04-21,13.63,13.62,0.05,99.95
2014-04-22,14.58,13.7,6.01,93.99
2014-04-23,13.87,13.29,4.16,95.84
2014-04-24,13.86,13.29,4.1,95.9
2014-04-25,13.32,13.29,0.25,99.75
2014-04-28,13.23,13.53,2.22,97.78
2014-04-29,13.79,13.54,1.86,98.14
2014-04-30,13.86,13.53,2.39,97.61
2014-05-01,13.85,13.52,2.36,97.64
2014-05-02,14.06,13.52,3.83,96.17
2014-05-05,14.44,13.72,5.01,94.99
2014-05-06,13.82,13.84,0.18,99.82
2014-05-07,13.42,13.91,3.64,96.36
2014-05-08,11.91,13.68,14.87,85.13
2014-05-09,12.15,13.21,8.68,91.32
2014-05-12,12.31,12.95,5.19,94.81
2014-05-13,12.68,13.21,4.16,95.84
2014-05-14,12.71,12.86,1.17,98.83
2014-05-15,12.57,12.86,2.26,97.74
2014-05-16,12.77,12.99,1.72,98.28
2014-05-19,13.07,12.56,3.95,96.05
2014-05-20,13.02,12.56,3.56,96.44
2014-05-21,13.3,12.62,5.09,94.91
2014-05-22,13.66,12.69,7.1,92.9
2014-05-23,13.82,12.59,8.89,91.11
2014-05-27,14.1,13.17,6.59,93.41
2014-05-28,14.02,13.29,5.19,94.81
2014-05-29,14.02,14.82,5.71,94.29
2014-05-30,13.85,13.94,0.63,99.37
2014-06-02,13.65,14.02,2.71,97.29
2014-06-03,13.66,14.27,4.45,95.55
2014-06-04,13.6,14.22,4.55,95.45
2014-06-05,13.79,14.31,3.71,96.29
2014-06-06,13.88,14.27,2.83,97.17
2014-06-09,13.69,14.35,4.84,95.16
2014-06-10,13.49,14.29,5.99,94.01
2014-06-11,13.63,14.11,3.49,96.51
2014-06-12,13.57,13.83,1.93,98.07
2014-06-13,13.76,13.91,1.09,98.91
2014-06-16,14.97,14.22,5.05,94.95
2014-06-17,15.44,14.27,7.6,92.4
2014-06-18,15.14,14.64,3.31,96.69
2014-06-19,15.19,14.85,2.24,97.76
2014-06-20,15.31,15.22,0.55,99.45
2014-06-23,15.81,15.48,2.12,97.88
2014-06-24,15.5,15.71,1.38,98.62
2014-06-25,15.79,15.71,0.5,99.5
2014-06-26,15.71,15.91,1.33,98.67
2014-06-27,15.94,16.13,1.23,98.77
2014-06-30,16.0,16.24,1.47,98.53
2014-07-01,15.98,16.24,1.61,98.39
2014-07-02,15.3,16.05,4.91,95.09
2014-07-03,15.28,16.05,4.99,95.01
2014-07-07,14.84,15.74,6.03,93.97
2014-07-08,14.6,15.15,3.7,96.3
2014-07-09,14.87,15.25,2.57,97.43
2014-07-10,14.63,14.95,2.15,97.85
2014-07-11,14.54,14.68,0.92,99.08
2014-07-14,15.11,14.48,4.19,95.81
2014-07-15,14.64,14.48,1.09,98.91
2014-07-16,14.48,14.3,1.22,98.78
2014-07-17,14.36,14.16,1.37,98.63
2014-07-18,14.67,14.3,2.51,97.49
2014-07-21,14.7,14.3,2.74,97.26
2014-07-22,14.64,14.3,2.31,97.69
2014-07-23,14.83,14.59,1.62,98.38
2014-07-24,14.9,14.66,1.66,98.34
2014-07-25,14.9,14.83,0.52,99.48
2014-07-28,14.99,15.02,0.23,99.77
2014-07-29,15.0,14.91,0.61,99.39
2014-07-30,15.26,15.1,1.03,98.97
2014-07-31,14.89,14.89,0.0,100.0
2014-08-01,15.55,15.09,2.99,97.01
2014-08-04,15.9,15.44,2.87,97.13
2014-08-05,15.9,15.48,2.64,97.36
2014-08-06,16.6,16.15,2.68,97.32
2014-08-07,16.83,16.33,2.92,97.08
2014-08-08,16.54,16.55,0.06,99.94
2014-08-11,17.29,16.93,2.04,97.96
2014-08-12,17.33,16.93,2.28,97.72
2014-08-13,17.35,16.93,2.41,97.59
2014-08-14,17.43,17.28,0.83,99.17
2014-08-15,17.47,17.98,2.91,97.09
2014-08-18,17.33,17.88,3.18,96.82
2014-08-19,17.12,17.74,3.63,96.37
2014-08-20,17.05,17.88,4.88,95.12
2014-08-21,16.96,17.74,4.62,95.38
2014-08-22,17.12,17.74,3.62,96.38
2014-08-25,17.5,17.77,1.55,98.45
2014-08-26,17.45,17.69,1.36,98.64
2014-08-27,17.55,17.66,0.61,99.39
2014-08-28,17.59,18.01,2.36,97.64
2014-08-29,17.98,17.97,0.04,99.96
2014-09-02,18.94,18.19,3.97,96.03
2014-09-03,18.75,18.07,3.62,96.38
2014-09-04,19.07,18.52,2.9,97.1
2014-09-05,18.49,18.35,0.74,99.26
2014-09-08,18.81,18.38,2.25,97.75
2014-09-09,18.57,19.03,2.48,97.52
2014-09-10,18.74,19.08,1.8,98.2
2014-09-11,18.69,19.08,2.09,97.91
2014-09-12,18.61,19.03,2.21,97.79
2014-09-15,16.92,18.21,7.58,92.42
2014-09-16,17.38,17.76,2.16,97.84
2014-09-17,17.43,17.76,1.91,98.09
2014-09-18,17.59,17.76,0.97,99.03
2014-09-19,17.29,17.54,1.45,98.55
2014-09-22,16.67,17.02,2.09,97.91
2014-09-23,16.69,16.68,0.08,99.92
2014-09-24,16.81,16.57,1.44,98.56
2014-09-25,16.46,16.62,0.98,99.02
2014-09-26,16.44,16.18,1.58,98.42
2014-09-29,16.35,16.18,1.04,98.96
2014-09-30,16.18,15.44,4.57,95.43
2014-10-01,16.02,15.44,3.6,96.4
2014-10-02,16.76,15.79,5.79,94.21
2014-10-03,17.01,16.48,3.16,96.84
2014-10-06,17.37,16.48,5.17,94.83
2014-10-07,17.3,16.48,4.79,95.21
2014-10-08,17.29,16.35,5.39,94.61
2014-10-09,17.13,16.7,2.53,97.47
2014-10-10,15.79,16.35,3.53,96.47
2014-10-13,14.97,16.06,7.23,92.77
2014-10-14,15.14,15.85,4.69,95.31
2014-10-15,15.31,15.96,4.25,95.75
2014-10-16,15.09,15.96,5.79,94.21
2014-10-17,15.17,15.78,4.07,95.93
2014-10-20,15.36,15.33,0.24,99.76
2014-10-21,15.69,15.47,1.37,98.63
2014-10-22,15.41,15.14,1.72,98.28
2014-10-23,15.69,14.94,4.75,95.25
2014-10-24,15.68,14.69,6.33,93.67
2014-10-27,14.78,14.54,1.6,98.4
2014-10-28,16.18,14.68,9.33,90.67
2014-10-29,15.87,14.68,7.55,92.45
2014-10-30,15.91,15.36,3.49,96.51
2014-10-31,16.11,15.83,1.74,98.26
2014-11-03,16.17,15.78,2.45,97.55
2014-11-04,15.93,15.93,0.04,99.96
2014-11-05,15.4,15.82,2.74,97.26
2014-11-06,16.08,15.93,0.91,99.09
2014-11-07,16.01,15.69,2.0,98.0
2014-11-10,16.13,16.24,0.68,99.32
2014-11-11,16.74,16.43,1.87,98.13
2014-11-12,16.61,16.35,1.53,98.47
2014-11-13,16.78,16.56,1.31,98.69
2014-11-14,17.25,16.85,2.3,97.7
2014-11-17,16.93,16.71,1.31,98.69
2014-11-18,17.18,16.8,2.23,97.77
2014-11-19,16.52,17.03,3.11,96.89
2014-11-20,16.58,16.93,2.08,97.92
2014-11-21,16.19,16.72,3.3,96.7
2014-11-24,16.45,16.56,0.68,99.32
2014-11-25,16.54,16.77,1.38,98.62
2014-11-26,16.56,16.59,0.15,99.85
2014-11-28,16.3,16.57,1.65,98.35
2014-12-01,15.44,15.96,3.38,96.62
2014-12-02,15.43,15.83,2.63,97.37
2014-12-03,15.29,15.83,3.58,96.42
2014-12-04,15.22,15.49,1.8,98.2
2014-12-05,14.91,14.82,0.6,99.4
2014-12-08,14.29,14.64,2.46,97.54
2014-12-09,14.46,14.34,0.85,99.15
2014-12-10,13.99,14.07,0.55,99.45
2014-12-11,13.93,13.78,1.07,98.93
2014-12-12,13.8,13.81,0.06,99.94
2014-12-15,13.6,13.24,2.66,97.34
2014-12-16,13.19,13.24,0.4,99.6
2014-12-17,13.72,13.31,2.97,97.03
2014-12-18,14.55,13.81,5.12,94.88
2014-12-19,14.62,13.76,5.88,94.12
2014-12-22,14.84,13.94,6.1,93.9
2014-12-23,14.73,14.13,4.06,95.94
2014-12-24,14.82,14.23,3.96,96.04
2014-12-26,15.19,14.41,5.1,94.9
2014-12-29,15.05,14.76,1.91,98.09
2014-12-30,14.82,14.62,1.32,98.68
2014-12-31,14.83,15.1,1.87,98.13
2015-01-02,14.62,15.05,2.93,97.07
2015-01-05,14.01,14.91,6.45,93.55
2015-01-06,14.09,14.7,4.36,95.64
2015-01-07,14.06,14.82,5.35,94.65
2015-01-08,14.04,14.63,4.19,95.81
2015-01-09,13.78,14.03,1.86,98.14
2015-01-12,13.48,13.82,2.49,97.51
2015-01-13,13.62,13.55,0.47,99.53
2015-01-14,12.85,13.22,2.88,97.12
2015-01-15,12.79,13.26,3.64,96.36
2015-01-16,12.87,12.58,2.23,97.77
2015-01-20,12.8,12.4,3.07,96.93
2015-01-21,13.1,12.58,3.98,96.02
2015-01-22,13.44,12.98,3.44,96.56
2015-01-23,13.42,12.69,5.46,94.54
2015-01-26,13.77,13.25,3.78,96.22
2015-01-27,13.73,13.15,4.22,95.78
2015-01-28,13.29,12.86,3.27,96.73
2015-01-29,13.68,13.34,2.5,97.5
2015-01-30,13.57,13.36,1.58,98.42
2015-02-02,14.06,13.64,3.03,96.97
2015-02-03,14.56,13.66,6.15,93.85
2015-02-04,14.57,14.02,3.79,96.21
2015-02-05,14.73,14.31,2.84,97.16
2015-02-06,14.49,14.43,0.41,99.59
2015-02-09,14.5,14.47,0.22,99.78
2015-02-10,14.42,14.64,1.52,98.48
2015-02-11,14.19,14.81,4.37,95.63
2015-02-12,13.53,14.28,5.57,94.43
2015-02-13,13.58,14.2,4.51,95.49
2015-02-17,13.62,14.07,3.3,96.7
2015-02-18,13.63,14.14,3.76,96.24
2015-02-19,14.11,14.27,1.09,98.91
2015-02-20,14.47,14.35,0.86,99.14
2015-02-23,13.82,13.99,1.22,98.78
2015-02-24,13.61,13.83,1.66,98.34
2015-02-25,13.58,13.74,1.17,98.83
2015-02-26,13.81,13.84,0.18,99.82
2015-02-27,13.56,13.68,0.88,99.12
2015-03-02,13.16,13.56,3.07,96.93
2015-03-03,13.3,13.38,0.6,99.4
2015-03-04,13.5,13.39,0.8,99.2
2015-03-05,13.38,13.36,0.12,99.88
2015-03-06,12.93,13.21,2.16,97.84
2015-03-09,12.73,13.21,3.77,96.23
2015-03-10,12.69,13.21,4.08,95.92
2015-03-11,12.92,12.74,1.36,98.64
2015-03-12,12.74,12.47,2.11,97.89
2015-03-13,12.58,12.55,0.26,99.74
2015-03-16,13.05,12.86,1.45,98.55
2015-03-17,12.98,12.86,0.96,99.04
2015-03-18,13.38,12.89,3.64,96.36
2015-03-19,13.04,12.86,1.43,98.57
2015-03-20,13.21,13.09,0.85,99.15
2015-03-23,13.31,13.09,1.62,98.38
2015-03-24,13.45,13.09,2.64,97.36
2015-03-25,12.95,12.89,0.47,99.53
2015-03-26,12.69,13.01,2.5,97.5
2015-03-27,12.33,12.92,4.76,95.24
2015-03-30,12.7,13.09,3.05,96.95
2015-03-31,12.58,12.99,3.22,96.78
2015-04-01,12.51,13.01,4.04,95.96
2015-04-02,12.73,13.13,3.1,96.9
2015-04-06,13.54,13.09,3.33,96.67
2015-04-07,13.55,13.29,1.93,98.07
2015-04-08,13.84,12.96,6.36,93.64
2015-04-09,14.01,13.37,4.54,95.46
2015-04-10,14.06,13.71,2.5,97.5
2015-04-13,13.99,13.66,2.31,97.69
2015-04-14,13.83,13.69,0.99,99.01
2015-04-15,13.86,14.19,2.4,97.6
2015-04-16,13.78,14.22,3.18,96.82
2015-04-17,13.79,14.31,3.83,96.17
2015-04-20,13.68,14.27,4.28,95.72
2015-04-21,13.96,14.31,2.53,97.47
2015-04-22,14.63,14.41,1.5,98.5
2015-04-23,14.57,14.41,1.12,98.88
2015-04-24,14.56,14.47,0.65,99.35
2015-04-27,15.44,14.84,3.85,96.15
2015-04-28,15.37,14.95,2.68,97.32
2015-04-29,15.5,15.22,1.77,98.23
2015-04-30,15.07,15.2,0.84,99.16
2015-05-01,15.07,15.39,2.15,97.85
2015-05-04,15.37,15.75,2.49,97.51
2015-05-05,15.53,15.75,1.42,98.58
2015-05-06,15.36,15.91,3.6,96.4
2015-05-07,15.79,15.95,1.04,98.96
2015-05-08,15.77,15.97,1.25,98.75
2015-05-11,15.97,15.95,0.1,99.9
2015-05-12,16.32,15.95,2.24,97.76
2015-05-13,16.21,16.13,0.49,99.51
2015-05-14,16.27,16.13,0.86,99.14
2015-05-15,16.59,16.52,0.44,99.56
2015-05-18,16.58,16.52,0.4,99.6
2015-05-19,16.48,16.65,1.04,98.96
2015-05-20,16.29,16.73,2.73,97.27
2015-05-21,16.37,16.73,2.19,97.81
2015-05-22,16.52,16.73,1.32,98.68
2015-05-26,16.5,16.7,1.22,98.78
2015-05-27,16.5,16.73,1.45,98.55
2015-05-28,16.76,16.73,0.17,99.83
2015-05-29,16.72,16.73,0.08,99.92
2015-06-01,16.63,16.65,0.1,99.9
2015-06-02,16.56,16.54,0.13,99.87
2015-06-03,16.6,16.62,0.11,99.89
2015-06-04,16.39,16.42,0.16,99.84
2015-06-05,16.61,16.37,1.41,98.59
2015-06-08,17.09,16.77,1.87,98.13
2015-06-09,17.07,16.8,1.58,98.42
2015-06-10,16.71,16.71,0.02,99.98
2015-06-11,16.76,17.06,1.76,98.24
2015-06-12,16.71,16.92,1.22,98.78
2015-06-15,16.69,16.92,1.34,98.66
2015-06-16,16.87,17.06,1.07,98.93
2015-06-17,17.36,17.11,1.43,98.57
2015-06-18,17.46,17.14,1.82,98.18
2015-06-19,17.5,17.14,2.05,97.95
2015-06-22,17.32,17.69,2.12,97.88
2015-06-23,17.84,18.01,0.91,99.09
2015-06-24,17.68,18.01,1.86,98.14
2015-06-25,17.92,18.02,0.59,99.41
2015-06-26,17.81,17.94,0.77,99.23
2015-06-29,17.47,18.25,4.5,95.5
2015-06-30,17.88,18.37,2.71,97.29
2015-07-01,17.94,18.37,2.38,97.62
2015-07-02,18.67,18.52,0.81,99.19
2015-07-06,18.65,18.52,0.71,99.29
2015-07-07,17.86,18.3,2.46,97.54
2015-07-08,17.0,17.64,3.76,96.24
2015-07-09,17.19,17.68,2.8,97.2
2015-07-10,17.28,17.68,2.31,97.69
2015-07-13,17.48,17.76,1.61,98.39
2015-07-14,17.71,17.76,0.27,99.73
2015-07-15,17.54,17.76,1.23,98.77
2015-07-16,17.78,17.76,0.12,99.88
2015-07-17,18.31,17.63,3.73,96.27
2015-07-20,18.82,17.96,4.54,95.46
2015-07-21,17.78,17.76,0.15,99.85
2015-07-22,17.86,17.76,0.56,99.44
2015-07-23,17.81,17.33,2.73,97.27
2015-07-24,17.69,17.33,2.07,97.93
2015-07-27,16.87,17.33,2.73,97.27
2015-07-28,17.65,18.04,2.16,97.84
2015-07-29,17.59,17.95,2.08,97.92
2015-07-30,17.79,18.02,1.31,98.69
2015-07-31,17.74,17.84,0.54,99.46
2015-08-03,17.33,17.85,2.97,97.03
2015-08-04,17.75,17.79,0.24,99.76
2015-08-05,18.01,17.45,3.12,96.88
2015-08-06,16.41,16.93,3.19,96.81
2015-08-07,16.17,16.62,2.83,97.17
2015-08-10,16.08,16.84,4.76,95.24
2015-08-11,15.82,16.68,5.41,94.59
2015-08-12,15.88,16.27,2.49,97.51
2015-08-13,16.17,16.05,0.75,99.25
2015-08-14,16.21,16.22,0.07,99.93
2015-08-17,17.0,16.26,4.37,95.63
2015-08-18,17.38,16.48,5.21,94.79
2015-08-19,17.02,16.11,5.31,94.69
2015-08-20,16.15,15.99,0.99,99.01
2015-08-21,15.38,15.96,3.74,96.26
2015-08-24,14.59,15.6,6.88,93.12
2015-08-25,14.67,15.56,6.08,93.92
2015-08-26,14.99,15.75,5.05,94.95
2015-08-27,16.2,15.74,2.84,97.16
2015-08-28,16.57,15.79,4.7,95.3
2015-08-31,16.6,15.58,6.18,93.82
2015-09-01,15.91,15.77,0.85,99.15
2015-09-02,16.51,15.86,3.98,96.02
2015-09-03,16.37,16.19,1.09,98.91
2015-09-04,16.13,15.99,0.84,99.16
2015-09-08,16.54,15.99,3.33,96.67
2015-09-09,16.59,16.29,1.81,98.19
2015-09-10,16.57,16.57,0.03,99.97
2015-09-11,16.68,16.77,0.5,99.5
2015-09-14,16.88,16.88,0.03,99.97
2015-09-15,16.9,16.88,0.12,99.88
2015-09-16,17.48,16.88,3.43,96.57
2015-09-17,17.47,16.8,3.86,96.14
2015-09-18,17.37,17.11,1.51,98.49
2015-09-21,17.61,17.11,2.85,97.15
2015-09-22,17.4,17.77,2.17,97.83
2015-09-23,17.4,17.87,2.67,97.33
2015-09-24,17.54,17.96,2.36,97.64
2015-09-25,17.13,17.95,4.83,95.17
2015-09-28,16.56,17.31,4.5,95.5
2015-09-29,16.44,17.23,4.76,95.24
2015-09-30,16.56,17.29,4.38,95.62
2015-10-01,15.99,16.85,5.39,94.61
2015-10-02,16.5,17.18,4.11,95.89
2015-10-05,16.41,16.54,0.8,99.2
2015-10-06,16.1,15.71,2.41,97.59
2015-10-07,15.46,15.56,0.63,99.37
2015-10-08,15.11,15.58,3.05,96.95
2015-10-09,14.71,15.28,3.84,96.16
2015-10-12,14.37,14.82,3.15,96.85
2015-10-13,14.62,14.44,1.22,98.78
2015-10-14,14.46,14.44,0.12,99.88
2015-10-15,14.75,14.27,3.27,96.73
2015-10-16,15.13,14.39,4.95,95.05
2015-10-19,15.21,14.42,5.19,94.81
2015-10-20,14.2,14.11,0.67,99.33
2015-10-21,14.01,14.16,1.12,98.88
2015-10-22,14.11,14.03,0.61,99.39
2015-10-23,13.94,13.74,1.43,98.57
2015-10-26,14.35,14.01,2.37,97.63
2015-10-27,14.02,14.03,0.07,99.93
2015-10-28,14.2,14.13,0.49,99.51
2015-10-29,14.11,13.92,1.32,98.68
2015-10-30,13.8,13.99,1.41,98.59
2015-11-02,14.25,14.23,0.16,99.84
2015-11-03,13.89,14.13,1.75,98.25
2015-11-04,15.44,14.2,8.02,91.98
2015-11-05,15.45,14.41,6.71,93.29
2015-11-06,15.49,14.62,5.62,94.38
2015-11-09,15.02,15.05,0.18,99.82
2015-11-10,14.43,14.97,3.73,96.27
2015-11-11,14.61,15.17,3.85,96.15
2015-11-12,14.2,15.17,6.84,93.16
2015-11-13,13.81,14.79,7.06,92.94
2015-11-16,14.29,14.91,4.35,95.65
2015-11-17,14.27,14.83,3.93,96.07
2015-11-18,14.74,14.61,0.87,99.13
2015-11-19,14.79,14.76,0.18,99.82
2015-11-20,14.67,14.62,0.32,99.68
2015-11-23,14.52,14.54,0.13,99.87
2015-11-24,14.55,14.13,2.9,97.1
2015-11-25,15.31,14.54,5.03,94.97
2015-11-27,15.44,14.83,3.97,96.03
2015-11-30,15.35,14.91,2.88,97.12
2015-12-01,15.81,15.2,3.89,96.11
2015-12-02,15.47,15.31,1.03,98.97
2015-12-03,15.51,15.66,0.96,99.04
2015-12-04,15.36,15.71,2.32,97.68
2015-12-07,15.41,15.86,2.95,97.05
2015-12-08,15.11,15.83,4.75,95.25
2015-12-09,14.97,15.64,4.47,95.53
2015-12-10,15.14,15.51,2.46,97.54
2015-12-11,14.47,15.47,6.96,93.04
2015-12-14,14.57,15.36,5.38,94.62
2015-12-15,14.74,15.17,2.9,97.1
2015-12-16,15.63,15.17,2.99,97.01
2015-12-17,15.56,15.09,3.04,96.96
2015-12-18,15.36,15.09,1.81,98.19
2015-12-21,15.5,14.98,3.36,96.64
2015-12-22,15.33,15.27,0.37,99.63
2015-12-23,15.31,15.27,0.26,99.74
2015-12-24,15.37,15.36,0.1,99.9
2015-12-28,15.26,15.47,1.38,98.62
2015-12-29,15.81,15.58,1.49,98.51
2015-12-30,15.87,15.83,0.25,99.75
2015-12-31,16.0,15.83,1.05,98.95
2016-01-04,14.89,15.63,4.92,95.08
2016-01-05,14.9,15.64,4.98,95.02
2016-01-06,14.6,15.56,6.53,93.47
2016-01-07,14.38,14.89,3.58,96.42
2016-01-08,14.07,14.63,4.03,95.97
2016-01-11,13.86,14.36,3.66,96.34
2016-01-12,14.0,14.17,1.22,98.78
2016-01-13,13.35,14.01,4.94,95.06
2016-01-14,13.75,13.87,0.93,99.07
2016-01-15,13.67,13.67,0.01,99.99
2016-01-19,13.65,13.67,0.14,99.86
2016-01-20,13.25,13.42,1.29,98.71
2016-01-21,13.33,13.26,0.56,99.44
2016-01-22,13.5,12.84,4.94,95.06
2016-01-25,13.09,12.9,1.46,98.54
2016-01-26,12.9,12.55,2.77,97.23
2016-01-27,12.54,12.55,0.07,99.93
2016-01-28,12.65,12.57,0.58,99.42
2016-01-29,12.75,12.69,0.47,99.53
2016-02-01,13.13,12.86,2.07,97.93
2016-02-02,12.19,12.25,0.49,99.51
2016-02-03,11.57,12.3,6.37,93.63
2016-02-04,11.69,12.15,3.97,96.03
2016-02-05,10.84,11.77,8.55,91.45
2016-02-08,9.87,11.95,21.15,78.85
2016-02-09,9.88,11.95,20.94,79.06
2016-02-10,9.58,10.69,11.63,88.37
2016-02-11,10.03,10.59,5.62,94.38
2016-02-12,10.07,10.88,8.07,91.93
2016-02-16,10.34,10.9,5.38,94.62
2016-02-17,11.25,10.19,9.37,90.63
2016-02-18,11.12,10.19,8.34,91.66
2016-02-19,11.11,11.27,1.48,98.52
2016-02-22,11.85,11.27,4.89,95.11
2016-02-23,11.81,11.42,3.3,96.7
2016-02-24,11.93,11.51,3.59,96.41
2016-02-25,12.5,11.52,7.79,92.21
2016-02-26,12.69,11.63,8.32,91.68
2016-02-29,12.8,12.46,2.58,97.42
2016-03-01,12.42,12.88,3.72,96.28
2016-03-02,12.56,13.11,4.45,95.55
2016-03-03,13.05,13.11,0.5,99.5
2016-03-04,13.4,13.11,2.15,97.85
2016-03-07,13.69,13.83,1.06,98.94
2016-03-08,13.51,13.4,0.81,99.19
2016-03-09,13.91,13.49,3.04,96.96
2016-03-10,13.68,13.84,1.21,98.79
2016-03-11,13.83,13.83,0.01,99.99
2016-03-14,14.34,14.03,2.21,97.79
2016-03-15,14.56,14.31,1.66,98.34
2016-03-16,14.8,14.75,0.33,99.67
2016-03-17,15.09,14.75,2.29,97.71
2016-03-18,15.52,15.05,3.02,96.98
2016-03-21,15.89,15.52,2.34,97.66
2016-03-22,15.62,15.34,1.78,98.22
2016-03-23,14.84,15.39,3.73,96.27
2016-03-24,15.18,15.66,3.16,96.84
2016-03-28,15.35,15.66,2.03,97.97
2016-03-29,15.34,15.71,2.43,97.57
2016-03-30,15.13,15.83,4.68,95.32
2016-03-31,15.32,15.86,3.56,96.44
2016-04-01,15.84,15.91,0.48,99.52
2016-04-04,16.47,15.91,3.35,96.65
2016-04-05,17.03,15.95,6.35,93.65
2016-04-06,17.69,16.55,6.46,93.54
2016-04-07,17.15,16.65,2.92,97.08
2016-04-08,16.67,16.56,0.66,99.34
2016-04-11,16.66,16.88,1.31,98.69
2016-04-12,16.52,17.43,5.47,94.53
2016-04-13,16.97,17.59,3.66,96.34
2016-04-14,16.79,17.54,4.44,95.56
2016-04-15,16.97,16.99,0.14,99.86
2016-04-18,16.93,16.99,0.39,99.61
2016-04-19,16.49,16.62,0.76,99.24
2016-04-20,16.66,16.62,0.29,99.71
2016-04-21,16.55,16.68,0.8,99.2
2016-04-22,16.92,16.57,2.04,97.96
2016-04-25,16.79,16.29,2.95,97.05
2016-04-26,16.92,15.96,5.63,94.37
2016-04-27,16.76,16.18,3.52,96.48
2016-04-28,16.51,16.29,1.34,98.66
2016-04-29,16.05,15.96,0.54,99.46
2016-05-02,16.12,16.18,0.34,99.66
2016-05-03,15.49,15.65,1.07,98.93
2016-05-04,14.84,15.53,4.64,95.36
2016-05-05,14.1,15.43,9.38,90.62
2016-05-06,14.33,14.35,0.14,99.86
2016-05-09,13.93,14.17,1.71,98.29
2016-05-10,13.91,14.44,3.8,96.2
2016-05-11,13.93,14.17,1.73,98.27
2016-05-12,13.82,13.53,2.09,97.91
2016-05-13,13.84,13.24,4.34,95.66
2016-05-16,13.89,13.03,6.13,93.87
2016-05-17,13.64,13.03,4.47,95.53
2016-05-18,14.08,13.29,5.62,94.38
2016-05-19,14.35,13.45,6.26,93.74
2016-05-20,14.69,13.64,7.09,92.91
2016-05-23,14.41,13.76,4.54,95.46
2016-05-24,14.53,14.23,2.05,97.95
2016-05-25,14.64,14.55,0.58,99.42
2016-05-26,15.01,14.81,1.34,98.66
2016-05-27,14.87,14.85,0.16,99.84
2016-05-31,14.88,15.13,1.7,98.3
2016-06-01,14.64,15.1,3.19,96.81
2016-06-02,14.6,15.1,3.48,96.52
2016-06-03,14.6,15.1,3.46,96.54
2016-06-06,14.71,15.13,2.87,97.13
2016-06-07,15.49,15.22,1.73,98.27
2016-06-08,15.7,15.22,3.05,96.95
2016-06-09,15.29,15.17,0.81,99.19
2016-06-10,14.59,15.09,3.43,96.57
2016-06-13,14.52,15.09,3.86,96.14
2016-06-14,14.33,15.0,4.7,95.3
2016-06-15,14.51,15.09,3.94,96.06
2016-06-16,14.53,14.68,1.01,98.99
2016-06-17,14.36,14.48,0.8,99.2
2016-06-20,14.65,14.81,1.11,98.89
2016-06-21,14.64,14.83,1.28,98.72
2016-06-22,13.11,14.32,9.24,90.76
2016-06-23,13.09,14.03,7.18,92.82
2016-06-24,12.88,13.67,6.14,93.86
2016-06-27,13.24,13.52,2.13,97.87
2016-06-28,13.45,13.52,0.49,99.51
2016-06-29,14.01,13.76,1.8,98.2
2016-06-30,14.15,14.0,1.08,98.92
2016-07-01,14.43,14.17,1.82,98.18
2016-07-05,14.27,14.17,0.66,99.34
2016-07-06,14.3,14.09,1.45,98.55
2016-07-07,14.4,14.17,1.56,98.44
2016-07-08,14.45,14.17,1.94,98.06
2016-07-11,14.99,14.41,3.81,96.19
2016-07-12,14.98,14.41,3.76,96.24
2016-07-13,14.84,14.75,0.6,99.4
2016-07-14,14.77,14.95,1.25,98.75
2016-07-15,14.69,15.05,2.41,97.59
2016-07-18,15.08,15.34,1.68,98.32
2016-07-19,15.02,15.24,1.5,98.5
2016-07-20,15.22,15.22,0.01,99.99
2016-07-21,14.7,15.11,2.8,97.2
2016-07-22,14.82,15.09,1.81,98.19
2016-07-25,15.33,15.2,0.89,99.11
2016-07-26,15.3,15.39,0.6,99.4
2016-07-27,15.23,15.36,0.85,99.15
2016-07-28,15.37,15.39,0.12,99.88
2016-07-29,15.65,15.36,1.85,98.15
2016-08-01,15.33,15.31,0.15,99.85
2016-08-02,15.15,15.44,1.92,98.08
2016-08-03,15.05,15.44,2.55,97.45
2016-08-04,15.37,15.58,1.32,98.68
2016-08-05,15.34,15.44,0.66,99.34
2016-08-08,15.08,15.36,1.85,98.15
2016-08-09,15.27,15.36,0.55,99.45
2016-08-10,15.04,15.23,1.22,98.78
2016-08-11,14.99,15.44,2.95,97.05
2016-08-12,15.04,15.16,0.77,99.23
2016-08-15,15.04,14.89,1.02,98.98
2016-08-16,14.91,14.85,0.38,99.62
2016-08-17,14.88,14.68,1.39,98.61
2016-08-18,14.9,14.42,3.22,96.78
2016-08-19,15.0,14.68,2.17,97.83
2016-08-22,14.86,14.68,1.26,98.74
2016-08-23,14.99,15.09,0.64,99.36
2016-08-24,14.84,14.36,3.22,96.78
2016-08-25,14.73,14.23,3.43,96.57
2016-08-26,14.67,14.67,0.04,99.96
2016-08-29,14.35,14.04,2.14,97.86
2016-08-30,14.09,13.98,0.81,99.19
2016-08-31,14.13,13.74,2.81,97.19
2016-09-01,13.38,13.71,2.46,97.54
2016-09-02,13.19,13.24,0.42,99.58
2016-09-06,13.52,13.53,0.09,99.91
2016-09-07,13.45,13.53,0.64,99.36
2016-09-08,13.16,13.22,0.44,99.56
2016-09-09,12.96,13.31,2.69,97.31
2016-09-12,13.22,13.36,1.04,98.96
2016-09-13,13.07,12.65,3.18,96.82
2016-09-14,13.09,12.31,5.98,94.02
2016-09-15,13.36,12.98,2.86,97.14
2016-09-16,13.69,12.94,5.49,94.51
2016-09-19,13.76,12.94,5.92,94.08
2016-09-20,13.64,13.46,1.3,98.7
2016-09-21,13.68,13.21,3.48,96.52
2016-09-22,13.76,13.64,0.92,99.08
2016-09-23,13.83,13.72,0.81,99.19
2016-09-26,13.93,13.66,1.95,98.05
2016-09-27,13.72,13.62,0.74,99.26
2016-09-28,13.75,14.22,3.4,96.6
2016-09-29,13.38,14.13,5.62,94.38
2016-09-30,13.6,14.13,3.9,96.1
2016-10-03,14.25,14.27,0.17,99.83
2016-10-04,14.09,14.22,0.88,99.12
2016-10-05,13.9,14.29,2.85,97.15
2016-10-06,13.4,13.91,3.81,96.19
2016-10-07,13.11,13.84,5.57,94.43
2016-10-10,13.4,13.99,4.44,95.56
2016-10-11,13.34,13.75,3.06,96.94
2016-10-12,13.43,13.81,2.79,97.21
2016-10-13,13.35,13.68,2.45,97.55
2016-10-14,13.1,13.39,2.19,97.81
2016-10-17,12.93,13.21,2.12,97.88
2016-10-18,13.27,13.24,0.24,99.76
2016-10-19,13.57,13.52,0.36,99.64
2016-10-20,13.27,13.34,0.49,99.51
2016-10-21,13.34,13.2,1.03,98.97
2016-10-24,13.52,13.21,2.31,97.69
2016-10-25,13.49,13.21,2.11,97.89
2016-10-26,13.48,13.48,0.04,99.96
2016-10-27,13.6,13.66,0.45,99.55
2016-10-28,13.33,13.44,0.82,99.18
2016-10-31,13.18,13.36,1.34,98.66
2016-11-01,12.72,13.21,3.82,96.18
2016-11-02,12.53,13.21,5.35,94.65
2016-11-03,12.49,13.21,5.69,94.31
2016-11-04,12.7,13.34,4.99,95.01
2016-11-07,12.88,12.86,0.18,99.82
2016-11-08,13.0,12.86,1.07,98.93
2016-11-09,12.67,12.86,1.47,98.53
2016-11-10,12.36,12.3,0.44,99.56
2016-11-11,12.57,12.44,1.04,98.96
2016-11-14,12.1,12.25,1.23,98.77
2016-11-15,12.25,12.3,0.41,99.59
2016-11-16,12.26,12.25,0.14,99.86
2016-11-17,12.58,12.44,1.07,98.93
2016-11-18,12.33,12.44,0.87,99.13
2016-11-21,12.3,12.44,1.15,98.85
2016-11-22,12.74,12.76,0.12,99.88
2016-11-23,12.88,12.63,1.89,98.11
2016-11-25,13.11,12.64,3.57,96.43
2016-11-28,13.07,12.84,1.8,98.2
2016-11-29,12.64,12.6,0.34,99.66
2016-11-30,12.63,12.76,1.04,98.96
2016-12-01,12.13,12.68,4.55,95.45
2016-12-02,12.1,12.52,3.51,96.49
2016-12-05,12.45,12.61,1.3,98.7
2016-12-06,12.39,12.47,0.66,99.34
2016-12-07,12.88,12.61,2.06,97.94
2016-12-08,12.82,12.57,1.95,98.05
2016-12-09,12.81,12.95,1.11,98.89
2016-12-12,12.83,12.98,1.17,98.83
2016-12-13,13.21,12.95,1.94,98.06
2016-12-14,13.25,12.99,1.96,98.04
2016-12-15,13.17,12.79,2.89,97.11
2016-12-16,13.5,13.29,1.57,98.43
2016-12-19,13.52,13.4,0.86,99.14
2016-12-20,13.92,13.8,0.86,99.14
2016-12-21,13.85,14.07,1.63,98.37
2016-12-22,13.9,14.58,4.91,95.09
2016-12-23,14.22,14.76,3.79,96.21
2016-12-27,14.64,14.74,0.73,99.27
2016-12-28,14.65,14.93,1.89,98.11
2016-12-29,14.31,14.48,1.15,98.85
2016-12-30,14.25,14.47,1.55,98.45
2017-01-03,14.47,14.68,1.49,98.51
2017-01-04,15.13,15.05,0.56,99.44
2017-01-05,15.12,14.95,1.08,98.92
2017-01-06,15.27,15.34,0.46,99.54
2017-01-09,15.42,15.49,0.43,99.57
2017-01-10,15.32,15.59,1.7,98.3
2017-01-11,15.32,15.48,1.08,98.92
2017-01-12,15.31,15.77,3.03,96.97
2017-01-13,15.85,15.95,0.64,99.36
2017-01-17,15.71,15.75,0.28,99.72
2017-01-18,15.89,15.71,1.11,98.89
2017-01-19,16.25,15.95,1.85,98.15
2017-01-20,16.32,16.4,0.5,99.5
2017-01-23,16.59,16.8,1.25,98.75
2017-01-24,16.97,17.22,1.45,98.55
2017-01-25,16.96,17.69,4.26,95.74
2017-01-26,16.83,16.93,0.6,99.4
2017-01-27,16.86,16.93,0.42,99.58
2017-01-30,16.71,16.73,0.15,99.85
2017-01-31,16.8,17.18,2.32,97.68
2017-02-01,16.62,17.08,2.79,97.21
2017-02-02,16.77,17.08,1.84,98.16
2017-02-03,16.76,17.04,1.72,98.28
2017-02-06,17.18,17.33,0.87,99.13
2017-02-07,17.17,17.23,0.37,99.63
2017-02-08,17.47,17.23,1.39,98.61
2017-02-09,17.95,17.33,3.41,96.59
2017-02-10,17.95,17.77,0.97,99.03
2017-02-13,18.71,18.24,2.48,97.52
2017-02-14,18.73,18.33,2.17,97.83
2017-02-15,18.65,18.72,0.36,99.64
2017-02-16,17.93,18.38,2.54,97.46
2017-02-17,18.15,18.44,1.59,98.41
2017-02-21,18.49,18.44,0.3,99.7
2017-02-22,18.23,18.44,1.11,98.89
2017-02-23,17.07,17.84,4.53,95.47
2017-02-24,17.13,17.95,4.79,95.21
2017-02-27,16.42,17.33,5.56,94.44
2017-02-28,16.67,17.64,5.82,94.18
2017-03-01,16.67,17.33,3.96,96.04
2017-03-02,16.7,16.94,1.42,98.58
2017-03-03,16.77,16.94,0.98,99.02
2017-03-06,16.75,16.57,1.08,98.92
2017-03-07,16.57,16.0,3.44,96.56
2017-03-08,16.46,15.66,4.86,95.14
2017-03-09,16.33,15.73,3.63,96.37
2017-03-10,16.25,15.62,3.88,96.12
2017-03-13,16.41,15.4,6.18,93.82
2017-03-14,17.2,16.0,6.96,93.04
2017-03-15,17.05,16.43,3.61,96.39
2017-03-16,17.47,16.73,4.25,95.75
2017-03-17,17.43,17.12,1.82,98.18
2017-03-20,17.46,17.41,0.3,99.7
2017-03-21,16.71,16.78,0.42,99.58
2017-03-22,17.0,17.5,2.96,97.04
2017-03-23,16.99,17.5,3.05,96.95
2017-03-24,17.54,17.78,1.36,98.64
2017-03-27,18.01,17.95,0.33,99.67
2017-03-28,18.5,18.02,2.55,97.45
2017-03-29,18.49,18.08,2.21,97.79
2017-03-30,18.53,18.52,0.06,99.94
2017-03-31,18.55,18.52,0.2,99.8
2017-04-03,19.9,18.54,6.86,93.14
2017-04-04,20.25,18.89,6.68,93.32
2017-04-05,19.67,19.25,2.1,97.9
2017-04-06,19.91,19.3,3.09,96.91
2017-04-07,20.17,20.0,0.86,99.14
2017-04-10,20.83,21.59,3.66,96.34
2017-04-11,20.58,20.79,1.0,99.0
2017-04-12,19.79,20.51,3.62,96.38
2017-04-13,20.27,20.51,1.18,98.82
2017-04-17,20.1,20.45,1.78,98.22
2017-04-18,20.02,20.42,2.03,97.97
2017-04-19,20.37,20.45,0.42,99.58
2017-04-20,20.17,20.42,1.27,98.73
2017-04-21,20.37,20.45,0.39,99.61
2017-04-24,20.54,20.34,0.94,99.06
2017-04-25,20.92,20.34,2.76,97.24
2017-04-26,20.68,20.5,0.87,99.13
2017-04-27,20.58,20.47,0.5,99.5
2017-04-28,20.94,20.47,2.22,97.78
2017-05-01,21.52,20.86,3.1,96.9
2017-05-02,21.26,21.27,0.04,99.96
2017-05-03,20.73,21.29,2.7,97.3
2017-05-04,19.7,20.53,4.25,95.75
2017-05-05,20.56,20.95,1.91,98.09
2017-05-08,20.48,20.95,2.3,97.7
2017-05-09,21.42,21.29,0.57,99.43
2017-05-10,21.68,21.35,1.53,98.47
2017-05-11,21.54,21.29,1.14,98.86
2017-05-12,21.65,21.52,0.62,99.38
2017-05-15,21.06,21.27,1.01,98.99
2017-05-16,21.13,21.47,1.58,98.42
2017-05-17,20.41,21.27,4.23,95.77
2017-05-18,20.87,20.98,0.52,99.48
2017-05-19,20.72,20.53,0.91,99.09
2017-05-22,20.69,20.63,0.28,99.72
2017-05-23,20.26,20.63,1.85,98.15
2017-05-24,20.68,21.29,2.96,97.04
2017-05-25,21.12,21.0,0.56,99.44
2017-05-26,21.68,21.74,0.3,99.7
2017-05-30,22.34,21.74,2.68,97.32
2017-05-31,22.73,21.74,4.37,95.63
2017-06-01,22.69,21.97,3.2,96.8
2017-06-02,22.66,22.26,1.76,98.24
2017-06-05,23.15,23.2,0.18,99.82
2017-06-06,23.52,23.2,1.39,98.61
2017-06-07,23.98,23.34,2.64,97.36
2017-06-08,24.67,23.87,3.23,96.77
2017-06-09,23.82,23.66,0.69,99.31
2017-06-12,23.93,23.66,1.16,98.84
2017-06-13,25.06,24.82,0.98,99.02
2017-06-14,25.38,25.17,0.82,99.18
2017-06-15,25.02,24.81,0.86,99.14
2017-06-16,24.76,25.0,0.95,99.05
2017-06-19,24.65,24.68,0.11,99.89
2017-06-20,24.82,26.36,6.24,93.76
2017-06-21,25.09,26.61,6.05,93.95
2017-06-22,25.51,24.9,2.39,97.61
2017-06-23,25.56,24.88,2.69,97.31
2017-06-26,25.17,24.01,4.59,95.41
2017-06-27,24.16,23.04,4.64,95.36
2017-06-28,24.75,25.25,2.02,97.98
2017-06-29,24.05,25.31,5.24,94.76
2017-06-30,24.11,25.25,4.74,95.26
2017-07-03,23.51,22.6,3.85,96.15
2017-07-05,21.81,20.62,5.44,94.56
2017-07-06,20.59,19.62,4.68,95.32
2017-07-07,20.88,21.22,1.63,98.37
2017-07-10,21.07,21.54,2.24,97.76
2017-07-11,21.81,21.64,0.79,99.21
2017-07-12,21.97,21.5,2.11,97.89
2017-07-13,21.56,21.06,2.3,97.7
2017-07-14,21.85,21.46,1.81,98.19
2017-07-17,21.3,21.11,0.89,99.11
2017-07-18,21.88,21.36,2.38,97.62
2017-07-19,21.68,20.9,3.6,96.4
2017-07-20,21.99,21.36,2.88,97.12
2017-07-21,21.89,21.26,2.9,97.1
2017-07-24,22.83,21.67,5.1,94.9
2017-07-25,22.64,22.33,1.36,98.64
2017-07-26,22.92,22.95,0.13,99.87
2017-07-27,22.3,22.41,0.52,99.48
2017-07-28,22.34,22.7,1.62,98.38
2017-07-31,21.56,22.05,2.26,97.74
2017-08-01,21.3,21.82,2.4,97.6
2017-08-02,21.73,22.03,1.42,98.58
2017-08-03,23.14,22.8,1.48,98.52
2017-08-04,23.79,23.44,1.49,98.51
2017-08-07,23.68,22.95,3.06,96.94
2017-08-08,24.35,23.52,3.38,96.62
2017-08-09,24.24,23.91,1.35,98.65
2017-08-10,23.69,23.3,1.68,98.32
2017-08-11,23.86,23.41,1.88,98.12
2017-08-14,24.25,23.49,3.14,96.86
2017-08-15,24.16,23.44,2.98,97.02
2017-08-16,24.19,24.27,0.32,99.68
2017-08-17,23.46,23.6,0.61,99.39
2017-08-18,23.16,23.66,2.14,97.86
2017-08-21,22.52,23.44,4.05,95.95
2017-08-22,22.76,23.41,2.87,97.13
2017-08-23,23.52,23.09,1.82,98.18
2017-08-24,23.53,22.96,2.43,97.57
2017-08-25,23.2,22.92,1.24,98.76
2017-08-28,23.04,22.44,2.62,97.38
2017-08-29,23.16,22.44,3.1,96.9
2017-08-30,23.55,23.04,2.15,97.85
2017-08-31,23.73,23.04,2.9,97.1
2017-09-01,23.69,22.78,3.84,96.16
2017-09-05,23.31,22.61,3.0,97.0
2017-09-06,22.97,22.61,1.57,98.43
2017-09-07,23.37,23.04,1.44,98.56
2017-09-08,22.89,22.96,0.27,99.73
2017-09-11,24.25,24.27,0.11,99.89
2017-09-12,24.18,23.66,2.17,97.83
2017-09-13,24.42,23.6,3.33,96.67
2017-09-14,25.18,23.95,4.88,95.12
2017-09-15,25.32,24.52,3.15,96.85
2017-09-18,25.67,24.84,3.22,96.78
2017-09-19,25.01,23.95,4.24,95.76
2017-09-20,24.93,25.87,3.79,96.21
2017-09-21,24.43,27.06,10.77,89.23
2017-09-22,23.41,24.69,5.5,94.5
2017-09-25,23.0,24.69,7.36,92.64
2017-09-26,23.02,23.04,0.09,99.91
2017-09-27,22.73,22.92,0.81,99.19
2017-09-28,22.64,22.96,1.4,98.6
2017-09-29,22.74,22.51,1.0,99.0
2017-10-02,22.77,22.6,0.72,99.28
2017-10-03,23.21,22.61,2.59,97.41
2017-10-04,23.67,22.51,4.88,95.12
2017-10-05,23.69,22.29,5.92,94.08
2017-10-06,23.79,21.91,7.93,92.07
2017-10-09,22.86,21.46,6.15,93.85
2017-10-10,23.71,22.61,4.63,95.37
2017-10-11,23.64,22.61,4.37,95.63
2017-10-12,23.71,23.26,1.91,98.09
2017-10-13,23.7,23.6,0.43,99.57
2017-10-16,23.37,23.32,0.21,99.79
2017-10-17,23.72,23.66,0.24,99.76
2017-10-18,23.98,24.27,1.23,98.77
2017-10-19,23.45,23.58,0.53,99.47
2017-10-20,23.01,23.14,0.6,99.4
2017-10-23,22.47,22.61,0.62,99.38
2017-10-24,22.49,22.61,0.53,99.47
2017-10-25,21.72,21.98,1.19,98.81
2017-10-26,21.74,21.98,1.09,98.91
2017-10-27,21.39,22.34,4.46,95.54
2017-10-30,21.34,19.94,6.55,93.45
2017-10-31,22.1,21.78,1.44,98.56
2017-11-01,21.41,21.39,0.09,99.91
2017-11-02,19.95,19.92,0.15,99.85
2017-11-03,20.41,21.01,2.98,97.02
2017-11-06,20.19,20.85,3.27,96.73
2017-11-07,20.4,20.55,0.74,99.26
2017-11-08,20.29,20.14,0.76,99.24
2017-11-09,20.2,20.17,0.13,99.87
2017-11-10,20.2,19.82,1.89,98.11
2017-11-13,21.03,19.95,5.12,94.88
2017-11-14,20.58,19.95,3.07,96.93
2017-11-15,20.75,19.95,3.87,96.13
2017-11-16,20.83,20.26,2.76,97.24
2017-11-17,21.0,20.3,3.36,96.64
2017-11-20,20.58,19.95,3.08,96.92
2017-11-21,21.19,20.3,4.2,95.8
2017-11-22,20.84,21.46,2.98,97.02
2017-11-24,21.04,21.43,1.89,98.11
2017-11-27,21.12,21.52,1.87,98.13
2017-11-28,21.17,21.46,1.37,98.63
2017-11-29,20.5,21.0,2.43,97.57
2017-11-30,20.59,21.18,2.87,97.13
2017-12-01,20.44,21.0,2.77,97.23
2017-12-04,20.35,20.49,0.7,99.3
2017-12-05,20.25,20.8,2.72,97.28
2017-12-06,20.88,20.54,1.63,98.37
2017-12-07,20.75,19.96,3.81,96.19
2017-12-08,21.01,20.12,4.21,95.79
2017-12-11,21.93,21.13,3.62,96.38
2017-12-12,22.74,22.08,2.86,97.14
2017-12-13,22.6,22.34,1.18,98.82
2017-12-14,22.53,22.6,0.34,99.66
2017-12-15,22.9,22.8,0.42,99.58
2017-12-18,22.59,22.66,0.29,99.71
2017-12-19,22.07,22.94,3.94,96.06
2017-12-20,21.93,22.66,3.3,96.7
2017-12-21,22.11,22.94,3.77,96.23
2017-12-22,21.68,22.66,4.5,95.5
2017-12-26,21.15,22.57,6.72,93.28
2017-12-27,20.78,22.03,6.06,93.94
2017-12-28,21.02,22.14,5.31,94.69
2017-12-29,20.76,21.61,4.11,95.89
2018-01-02,21.37,21.5,0.61,99.39
2018-01-03,21.15,20.94,0.99,99.01
2018-01-04,20.97,20.65,1.55,98.45
2018-01-05,21.11,20.65,2.16,97.84
2018-01-08,22.43,21.05,6.13,93.87
2018-01-09,22.25,21.26,4.41,95.59
2018-01-10,22.32,21.8,2.34,97.66
2018-01-11,22.53,21.85,3.01,96.99
2018-01-12,22.41,21.91,2.24,97.76
2018-01-16,22.67,22.6,0.31,99.69
2018-01-17,23.14,23.2,0.22,99.78
2018-01-18,22.97,23.27,1.32,98.68
2018-01-19,23.33,23.27,0.26,99.74
2018-01-22,23.44,23.66,0.96,99.04
2018-01-23,23.52,23.66,0.58,99.42
2018-01-24,23.06,23.58,2.24,97.76
2018-01-25,22.51,23.32,3.62,96.38
2018-01-26,22.86,23.52,2.92,97.08
2018-01-29,23.3,23.18,0.53,99.47
2018-01-30,23.05,23.18,0.53,99.47
2018-01-31,23.62,23.23,1.64,98.36
2018-02-01,23.28,23.41,0.54,99.46
2018-02-02,22.92,23.17,1.09,98.91
2018-02-05,22.21,22.75,2.43,97.57
2018-02-06,22.26,22.18,0.37,99.63
2018-02-07,23.0,22.61,1.69,98.31
2018-02-08,21.02,22.09,5.1,94.9
2018-02-09,20.69,21.44,3.62,96.38
2018-02-12,21.05,21.71,3.12,96.88
2018-02-13,21.58,21.8,1.03,98.97
2018-02-14,21.49,21.98,2.27,97.73
2018-02-15,22.27,22.32,0.22,99.78
2018-02-16,22.37,21.67,3.12,96.88
2018-02-20,22.32,21.71,2.74,97.26
2018-02-21,22.22,21.46,3.43,96.57
2018-02-22,23.08,22.23,3.67,96.33
2018-02-23,23.47,22.55,3.91,96.09
2018-02-26,23.83,22.9,3.91,96.09
2018-02-27,23.4,22.67,3.1,96.9
2018-02-28,22.87,22.42,1.99,98.01
2018-03-01,22.06,23.18,5.06,94.94
2018-03-02,22.34,23.23,3.99,96.01
2018-03-05,22.22,22.98,3.41,96.59
2018-03-06,21.88,22.52,2.93,97.07
2018-03-07,22.15,22.49,1.53,98.47
2018-03-08,21.94,22.22,1.29,98.71
2018-03-09,21.81,22.04,1.04,98.96
2018-03-12,23.03,22.83,0.88,99.12
2018-03-13,22.79,22.62,0.75,99.25
2018-03-14,21.78,21.9,0.58,99.42
2018-03-15,21.71,21.8,0.42,99.58
2018-03-16,21.42,21.34,0.38,99.62
2018-03-19,20.9,21.34,2.1,97.9
2018-03-20,20.7,21.34,3.09,96.91
2018-03-21,21.1,21.26,0.76,99.24
2018-03-22,20.61,21.17,2.72,97.28
2018-03-23,20.1,20.94,4.17,95.83
2018-03-26,20.28,20.97,3.4,96.6
2018-03-27,18.61,20.14,8.2,91.8
2018-03-28,17.19,18.48,7.54,92.46
2018-03-29,17.74,19.21,8.28,91.72
2018-04-02,16.83,17.45,3.68,96.32
2018-04-03,17.84,18.78,5.29,94.71
2018-04-04,19.13,18.55,3.01,96.99
2018-04-05,20.38,18.76,7.93,92.07
2018-04-06,19.95,18.76,5.96,94.04
2018-04-09,19.31,18.73,3.01,96.99
2018-04-10,20.31,19.62,3.39,96.61
2018-04-11,20.06,19.5,2.79,97.21
2018-04-12,19.61,19.5,0.52,99.48
2018-04-13,20.02,19.62,1.99,98.01
2018-04-16,19.41,19.71,1.55,98.45
2018-04-17,19.18,19.32,0.73,99.27
2018-04-18,19.56,19.83,1.42,98.58
2018-04-19,20.01,19.83,0.9,99.1
2018-04-20,19.35,19.83,2.51,97.49
2018-04-23,18.89,19.29,2.11,97.89
2018-04-24,18.9,19.24,1.8,98.2
2018-04-25,18.71,18.81,0.51,99.49
2018-04-26,19.03,18.81,1.18,98.82
2018-04-27,19.61,19.32,1.46,98.54
2018-04-30,19.59,18.98,3.12,96.88
2018-05-01,19.99,19.24,3.78,96.22
2018-05-02,20.08,19.5,2.87,97.13
2018-05-03,18.96,18.81,0.82,99.18
2018-05-04,19.61,19.27,1.69,98.31
2018-05-07,20.18,19.75,2.14,97.86
2018-05-08,20.13,20.09,0.21,99.79
2018-05-09,20.46,20.02,2.12,97.88
2018-05-10,20.33,20.37,0.16,99.84
2018-05-11,20.07,20.42,1.76,98.24
2018-05-14,19.46,20.1,3.26,96.74
2018-05-15,18.95,19.86,4.84,95.16
2018-05-16,19.1,19.83,3.81,96.19
2018-05-17,18.97,19.61,3.36,96.64
2018-05-18,18.45,19.4,5.1,94.9
2018-05-21,18.97,18.81,0.84,99.16
2018-05-22,18.33,18.81,2.58,97.42
2018-05-23,18.6,19.33,3.88,96.12
2018-05-24,18.52,18.81,1.53,98.47
2018-05-25,18.59,18.55,0.2,99.8
2018-05-29,18.92,18.81,0.58,99.42
2018-05-30,19.45,18.81,3.29,96.71
2018-05-31,18.98,18.17,4.29,95.71
2018-06-01,19.45,19.02,2.24,97.76
2018-06-04,19.78,19.43,1.76,98.24
2018-06-05,19.41,19.5,0.47,99.53
2018-06-06,21.3,19.86,6.74,93.26
2018-06-07,21.07,19.86,5.73,94.27
2018-06-08,21.18,20.51,3.17,96.83
2018-06-11,22.14,20.66,6.69,93.31
2018-06-12,22.85,22.25,2.63,97.37
2018-06-13,22.99,22.48,2.22,97.78
2018-06-14,23.85,22.64,5.08,94.92
2018-06-15,23.88,23.34,2.24,97.76
2018-06-18,24.72,23.87,3.45,96.55
2018-06-19,23.5,23.5,0.02,99.98
2018-06-20,24.15,23.58,2.37,97.63
2018-06-21,23.17,23.42,1.11,98.89
2018-06-22,22.24,22.94,3.12,96.88
2018-06-25,22.2,22.94,3.32,96.68
2018-06-26,22.8,22.88,0.35,99.65
2018-06-27,22.97,22.88,0.37,99.63
2018-06-28,23.33,22.94,1.68,98.32
2018-06-29,22.86,22.7,0.71,99.29
2018-07-02,22.34,22.5,0.75,99.25
2018-07-03,20.72,21.88,5.6,94.4
2018-07-05,20.61,21.15,2.6,97.4
2018-07-06,20.59,21.15,2.68,97.32
2018-07-09,21.23,21.36,0.58,99.42
2018-07-10,21.5,21.26,1.1,98.9
2018-07-11,21.26,20.8,2.16,97.84
2018-07-12,21.11,21.14,0.15,99.85
2018-07-13,21.26,20.97,1.36,98.64
2018-07-16,20.67,20.97,1.43,98.57
2018-07-17,21.51,20.74,3.57,96.43
2018-07-18,21.59,20.74,3.92,96.08
2018-07-19,21.35,20.63,3.38,96.62
2018-07-20,20.91,20.65,1.22,98.78
2018-07-23,20.21,20.42,1.04,98.96
2018-07-24,19.83,20.74,4.62,95.38
2018-07-25,20.58,20.76,0.87,99.13
2018-07-26,20.44,20.76,1.56,98.44
2018-07-27,19.81,19.95,0.69,99.31
2018-07-30,19.34,19.33,0.1,99.9
2018-07-31,19.88,19.78,0.47,99.53
2018-08-01,20.06,19.78,1.36,98.64
2018-08-02,23.3,20.95,10.12,89.88
2018-08-03,23.21,21.0,9.52,90.48
2018-08-06,22.8,21.3,6.57,93.43
2018-08-07,25.3,22.6,10.68,89.32
2018-08-08,24.69,22.66,8.24,91.76
2018-08-09,23.5,22.6,3.82,96.18
2018-08-10,23.7,22.97,3.09,96.91
2018-08-13,23.76,23.32,1.83,98.17
2018-08-14,23.18,22.98,0.84,99.16
2018-08-15,22.58,22.98,1.78,98.22
2018-08-16,22.36,22.98,2.76,97.24
2018-08-17,20.37,22.54,10.65,89.35
2018-08-20,20.56,22.42,9.04,90.96
2018-08-21,21.46,22.31,3.96,96.04
2018-08-22,21.44,21.26,0.84,99.16
2018-08-23,21.34,21.26,0.37,99.63
2018-08-24,21.52,21.18,1.59,98.41
2018-08-27,21.28,20.01,6.0,94.0
2018-08-28,20.79,19.78,4.84,95.16
2018-08-29,20.33,20.4,0.35,99.65
2018-08-30,20.21,19.37,4.15,95.85
2018-08-31,20.11,18.54,7.82,92.18
2018-09-04,19.26,18.72,2.82,97.18
2018-09-05,18.72,18.72,0.02,99.98
2018-09-06,18.73,18.37,1.91,98.09
2018-09-07,17.55,19.37,10.36,89.64
2018-09-10,19.03,19.19,0.85,99.15
2018-09-11,18.63,18.68,0.27,99.73
2018-09-12,19.37,19.19,0.92,99.08
2018-09-13,19.3,19.19,0.55,99.45
2018-09-14,19.68,19.19,2.47,97.53
2018-09-17,19.66,19.19,2.35,97.65
2018-09-18,19.0,19.06,0.35,99.65
2018-09-19,19.93,19.16,3.9,96.1
2018-09-20,19.89,19.29,3.02,96.98
2018-09-21,19.94,19.37,2.86,97.14
2018-09-24,19.98,19.62,1.79,98.21
2018-09-25,20.07,20.5,2.16,97.84
2018-09-26,20.64,20.56,0.4,99.6
2018-09-27,20.5,20.72,1.05,98.95
2018-09-28,17.65,19.4,9.89,90.11
2018-10-01,20.71,19.91,3.88,96.12
2018-10-02,20.07,20.15,0.43,99.57
2018-10-03,19.65,19.99,1.74,98.26
2018-10-04,18.79,19.7,4.88,95.12
2018-10-05,17.46,19.4,11.07,88.93
2018-10-08,16.7,19.4,16.12,83.88
2018-10-09,17.52,18.81,7.35,92.65
2018-10-10,17.13,18.81,9.82,90.18
2018-10-11,16.82,18.17,8.04,91.96
2018-10-12,17.25,18.17,5.31,94.69
2018-10-15,17.31,17.78,2.71,97.29
2018-10-16,18.44,17.78,3.6,96.4
2018-10-17,18.12,17.78,1.89,98.11
2018-10-18,17.59,17.66,0.38,99.62
2018-10-19,17.33,17.52,1.08,98.92
2018-10-22,17.4,17.66,1.51,98.49
2018-10-23,19.61,18.21,7.16,92.84
2018-10-24,19.23,18.29,4.92,95.08
2018-10-25,20.99,18.83,10.28,89.72
2018-10-26,22.06,19.36,12.26,87.74
2018-10-29,22.32,20.53,8.01,91.99
2018-10-30,21.99,21.12,3.96,96.04
2018-10-31,22.49,22.02,2.06,97.94
2018-11-01,22.95,22.67,1.22,98.78
2018-11-02,23.09,23.01,0.34,99.66
2018-11-05,22.76,22.91,0.66,99.34
2018-11-06,22.74,23.27,2.36,97.64
2018-11-07,23.21,23.48,1.14,98.86
2018-11-08,23.43,23.59,0.69,99.31
2018-11-09,23.37,23.59,0.95,99.05
2018-11-12,22.09,23.22,5.16,94.84
2018-11-13,22.58,23.48,3.96,96.04
2018-11-14,22.93,23.22,1.27,98.73
2018-11-15,23.23,22.88,1.5,98.5
2018-11-16,23.62,22.93,2.93,97.07
2018-11-19,23.56,22.97,2.54,97.46
2018-11-20,23.17,22.86,1.34,98.66
2018-11-21,22.55,22.39,0.69,99.31
2018-11-23,21.72,22.08,1.65,98.35
2018-11-26,23.07,22.72,1.51,98.49
2018-11-27,22.93,22.61,1.38,98.62
2018-11-28,23.19,22.61,2.5,97.5
2018-11-29,22.74,22.49,1.12,98.88
2018-11-30,23.37,22.61,3.22,96.78
2018-12-03,23.9,23.23,2.79,97.21
2018-12-04,23.98,23.44,2.27,97.73
2018-12-06,24.2,23.44,3.18,96.82
2018-12-07,23.86,23.16,2.97,97.03
2018-12-10,24.34,23.37,4.0,96.0
2018-12-11,24.45,23.58,3.57,96.43
2018-12-12,24.44,23.6,3.42,96.58
2018-12-13,25.12,24.52,2.37,97.63
2018-12-14,24.38,24.52,0.59,99.41
2018-12-17,23.23,23.04,0.82,99.18
2018-12-18,22.47,23.13,2.93,97.07
2018-12-19,22.2,22.61,1.84,98.16
2018-12-20,21.03,22.44,6.73,93.27
2018-12-21,21.32,22.44,5.24,94.76
2018-12-24,19.69,21.57,9.53,90.47
2018-12-26,21.74,21.7,0.16,99.84
2018-12-27,21.08,21.7,2.97,97.03
2018-12-28,22.26,21.54,3.24,96.76
2018-12-31,22.19,21.36,3.72,96.28
2019-01-02,20.67,21.17,2.38,97.62
2019-01-03,20.02,20.65,3.12,96.88
2019-01-04,21.18,20.74,2.07,97.93
2019-01-07,22.33,20.74,7.1,92.9
2019-01-08,22.36,21.26,4.89,95.11
2019-01-09,22.57,21.4,5.18,94.82
2019-01-10,23.0,21.91,4.72,95.28
2019-01-11,23.15,22.26,3.86,96.14
2019-01-14,22.29,22.26,0.17,99.83
2019-01-15,22.96,22.66,1.33,98.67
2019-01-16,23.07,22.67,1.71,98.29
2019-01-17,23.15,22.76,1.72,98.28
2019-01-18,20.15,21.6,7.21,92.79
2019-01-22,19.93,21.6,8.41,91.59
2019-01-23,19.17,21.6,12.68,87.32
2019-01-24,19.43,21.78,12.08,87.92
2019-01-25,19.8,21.26,7.37,92.63
2019-01-28,19.76,20.42,3.37,96.63
2019-01-29,19.83,20.01,0.91,99.09
2019-01-30,20.58,19.95,3.09,96.91
2019-01-31,20.47,19.83,3.11,96.89
2019-02-01,20.81,19.95,4.17,95.83
2019-02-04,20.86,19.95,4.36,95.64
2019-02-05,21.42,19.95,6.88,93.12
2019-02-06,21.15,19.95,5.67,94.33
2019-02-07,20.5,19.63,4.25,95.75
2019-02-08,20.39,20.49,0.49,99.51
2019-02-11,20.86,20.95,0.43,99.57
2019-02-12,20.79,21.87,5.21,94.79
2019-02-13,20.54,21.38,4.08,95.92
2019-02-14,20.25,20.87,3.06,96.94
2019-02-15,20.53,20.88,1.74,98.26
2019-02-19,20.38,20.52,0.7,99.3
2019-02-20,20.17,19.77,2.01,97.99
2019-02-21,19.42,19.53,0.58,99.42
2019-02-22,19.65,19.53,0.61,99.39
2019-02-25,19.92,19.53,1.96,98.04
2019-02-26,19.86,19.07,3.96,96.04
2019-02-27,20.98,19.96,4.88,95.12
2019-02-28,21.33,20.5,3.87,96.13
2019-03-01,19.65,19.74,0.44,99.56
2019-03-04,19.02,19.53,2.65,97.35
2019-03-05,18.44,19.21,4.19,95.81
2019-03-06,18.42,19.43,5.52,94.48
2019-03-07,18.44,19.4,5.19,94.81
2019-03-08,18.94,19.4,2.4,97.6
2019-03-11,19.39,19.57,0.91,99.09
2019-03-12,18.89,18.81,0.44,99.56
2019-03-13,19.26,19.24,0.13,99.87
2019-03-14,19.33,19.16,0.9,99.1
2019-03-15,18.36,18.81,2.43,97.57
2019-03-18,17.97,18.17,1.12,98.88
2019-03-19,17.83,17.8,0.19,99.81
2019-03-20,18.24,17.86,2.1,97.9
2019-03-21,18.27,18.17,0.55,99.45
2019-03-22,17.64,18.17,3.02,96.98
2019-03-25,17.36,18.17,4.64,95.36
2019-03-26,17.85,18.42,3.16,96.84
2019-03-27,18.32,17.94,2.11,97.89
2019-03-28,18.57,18.02,2.96,97.04
2019-03-29,18.66,17.5,6.19,93.81
2019-04-01,19.28,17.95,6.87,93.13
2019-04-02,19.06,17.94,5.89,94.11
2019-04-03,19.45,17.94,7.81,92.19
2019-04-04,17.85,17.81,0.22,99.78
2019-04-05,18.33,18.02,1.71,98.29
2019-04-08,18.21,18.13,0.45,99.55
2019-04-09,18.15,17.76,2.18,97.82
2019-04-10,18.4,18.4,0.03,99.97
2019-04-11,17.89,18.48,3.27,96.73
2019-04-12,17.85,18.02,0.97,99.03
2019-04-15,17.76,17.76,0.0,100.0
2019-04-16,18.22,17.76,2.56,97.44
2019-04-17,18.08,17.64,2.47,97.53
2019-04-18,18.22,17.64,3.19,96.81
2019-04-22,17.52,17.21,1.75,98.25
2019-04-23,17.59,17.33,1.51,98.49
2019-04-24,17.24,17.02,1.32,98.68
2019-04-25,16.51,16.84,2.01,97.99
2019-04-26,15.68,16.19,3.31,96.69
2019-04-29,16.1,16.8,4.37,95.63
2019-04-30,15.91,16.26,2.16,97.84
2019-05-01,15.6,15.65,0.3,99.7
2019-05-02,16.27,16.3,0.14,99.86
2019-05-03,17.0,16.22,4.6,95.4
2019-05-06,17.02,16.26,4.5,95.5
2019-05-07,16.47,16.04,2.6,97.4
2019-05-08,16.32,16.04,1.72,98.28
2019-05-09,16.13,15.91,1.38,98.62
2019-05-10,15.97,15.96,0.02,99.98
2019-05-13,15.13,15.53,2.6,97.4
2019-05-14,15.49,15.36,0.8,99.2
2019-05-15,15.46,15.18,1.83,98.17
2019-05-16,15.22,15.29,0.44,99.56
2019-05-17,14.07,14.56,3.48,96.52
2019-05-20,13.69,14.23,3.9,96.1
2019-05-21,13.67,14.01,2.48,97.52
2019-05-22,12.85,13.29,3.41,96.59
2019-05-23,13.03,13.03,0.01,99.99
2019-05-24,12.71,12.87,1.29,98.71
2019-05-28,12.58,12.87,2.33,97.67
2019-05-29,12.66,12.58,0.58,99.42
2019-05-30,12.55,12.59,0.31,99.69
2019-05-31,12.34,12.05,2.35,97.65
2019-06-03,11.93,12.24,2.57,97.43
2019-06-04,12.91,12.12,6.07,93.93
2019-06-05,13.11,12.22,6.79,93.21
2019-06-06,13.73,12.53,8.76,91.24
2019-06-07,13.63,12.84,5.85,94.15
2019-06-10,14.19,13.03,8.2,91.8
2019-06-11,14.47,13.25,8.48,91.52
2019-06-12,13.95,13.57,2.71,97.29
2019-06-13,14.26,13.72,3.81,96.19
2019-06-14,14.33,13.93,2.78,97.22
2019-06-17,15.0,14.43,3.8,96.2
2019-06-18,14.98,14.69,1.94,98.06
2019-06-19,15.1,14.73,2.44,97.56
2019-06-20,14.64,14.9,1.75,98.25
2019-06-21,14.79,14.93,0.96,99.04
2019-06-24,14.91,14.9,0.08,99.92
2019-06-25,14.65,15.13,3.3,96.7
2019-06-26,14.62,15.1,3.27,96.73
2019-06-27,14.86,15.13,1.88,98.12
2019-06-28,14.9,15.05,1.02,98.98
2019-07-01,15.14,15.05,0.63,99.37
2019-07-02,14.97,15.13,1.1,98.9
2019-07-03,15.66,15.19,3.02,96.98
2019-07-05,15.54,15.2,2.21,97.79
2019-07-08,15.36,14.96,2.6,97.4
2019-07-09,15.34,15.35,0.1,99.9
2019-07-10,15.93,15.63,1.85,98.15
2019-07-11,15.91,15.91,0.05,99.95
2019-07-12,16.34,15.91,2.59,97.41
2019-07-15,16.9,16.13,4.54,95.46
2019-07-16,16.83,16.33,2.92,97.08
2019-07-17,16.99,16.75,1.4,98.6
2019-07-18,16.9,16.84,0.37,99.63
2019-07-19,17.21,16.84,2.16,97.84
2019-07-22,17.05,16.73,1.83,98.17
2019-07-23,17.34,17.28,0.37,99.63
2019-07-24,17.66,17.33,1.83,98.17
2019-07-25,15.25,16.6,8.84,91.16
2019-07-26,15.2,16.69,9.75,90.25
2019-07-29,15.72,16.42,4.47,95.53
2019-07-30,16.15,16.38,1.39,98.61
2019-07-31,16.11,16.38,1.67,98.33
2019-08-01,15.59,16.14,3.53,96.47
2019-08-02,15.62,15.75,0.79,99.21
2019-08-05,15.22,15.75,3.45,96.55
2019-08-06,15.38,15.33,0.36,99.64
2019-08-07,15.56,15.15,2.67,97.33
2019-08-08,15.89,15.15,4.67,95.33
2019-08-09,15.67,14.95,4.61,95.39
2019-08-12,15.27,14.83,2.88,97.12
2019-08-13,15.67,14.85,5.21,94.79
2019-08-14,14.64,14.89,1.67,98.33
2019-08-15,14.38,14.68,2.08,97.92
2019-08-16,14.66,14.68,0.08,99.92
2019-08-19,15.12,14.48,4.25,95.75
2019-08-20,15.06,14.48,3.84,96.16
2019-08-21,14.72,14.48,1.65,98.35
2019-08-22,14.81,14.48,2.23,97.77
2019-08-23,14.09,14.48,2.74,97.26
2019-08-26,14.33,14.48,1.02,98.98
2019-08-27,14.27,14.42,1.02,98.98
2019-08-28,14.37,14.32,0.35,99.65
2019-08-29,14.78,14.42,2.46,97.54
2019-08-30,15.04,14.75,1.96,98.04
2019-09-03,15.0,14.42,3.89,96.11
2019-09-04,14.71,14.83,0.79,99.21
2019-09-05,15.31,15.05,1.68,98.32
2019-09-06,15.16,14.93,1.57,98.43
2019-09-09,15.45,14.97,3.11,96.89
2019-09-10,15.7,15.28,2.69,97.31
2019-09-11,16.47,15.44,6.25,93.75
2019-09-12,16.39,15.66,4.45,95.55
2019-09-13,16.35,16.15,1.2,98.8
2019-09-16,16.19,16.13,0.33,99.67
2019-09-17,16.32,16.55,1.42,98.58
2019-09-18,16.23,16.73,3.09,96.91
2019-09-19,16.44,16.73,1.79,98.21
2019-09-20,16.04,16.62,3.59,96.41
2019-09-23,16.08,16.65,3.51,96.49
2019-09-24,14.88,16.38,10.05,89.95
2019-09-25,15.25,16.16,5.97,94.03
2019-09-26,16.17,16.38,1.28,98.72
2019-09-27,16.14,15.93,1.29,98.71
2019-09-30,16.06,16.24,1.13,98.87
2019-10-01,16.31,16.16,0.95,99.05
2019-10-02,16.21,16.08,0.82,99.18
2019-10-03,15.54,15.75,1.36,98.64
2019-10-04,15.43,15.75,2.06,97.94
2019-10-07,15.85,16.06,1.31,98.69
2019-10-08,16.0,15.66,2.16,97.84
2019-10-09,16.3,15.74,3.45,96.55
2019-10-10,16.32,15.82,3.04,96.96
2019-10-11,16.53,15.82,4.27,95.73
2019-10-14,17.13,16.55,3.38,96.62
2019-10-15,17.19,16.55,3.73,96.27
2019-10-16,17.32,16.8,3.0,97.0
2019-10-17,17.46,16.85,3.53,96.47
2019-10-18,17.13,16.77,2.12,97.88
2019-10-21,16.9,17.03,0.77,99.23
2019-10-22,17.04,17.06,0.1,99.9
2019-10-23,16.98,17.23,1.48,98.52
2019-10-24,19.98,18.73,6.23,93.77
2019-10-25,21.88,19.0,13.15,86.85
2019-10-28,21.85,20.08,8.11,91.89
2019-10-29,21.08,20.1,4.65,95.35
2019-10-30,21.0,20.69,1.48,98.52
2019-10-31,20.99,21.61,2.94,97.06
2019-11-01,20.89,21.92,4.94,95.06
2019-11-04,21.16,22.44,6.01,93.99
2019-11-05,21.15,22.44,6.09,93.91
2019-11-06,21.77,22.14,1.7,98.3
2019-11-07,22.37,22.34,0.11,99.89
2019-11-08,22.48,22.59,0.5,99.5
2019-11-11,23.01,22.88,0.54,99.46
2019-11-12,23.33,23.53,0.87,99.13
2019-11-13,23.07,23.27,0.87,99.13
2019-11-14,23.29,22.94,1.49,98.51
2019-11-15,23.48,23.14,1.42,98.58
2019-11-18,23.33,23.76,1.82,98.18
2019-11-19,23.97,23.87,0.41,99.59
2019-11-20,23.48,23.56,0.32,99.68
2019-11-21,23.66,23.66,0.03,99.97
2019-11-22,22.2,22.88,3.05,96.95
2019-11-25,22.42,22.88,2.04,97.96
2019-11-26,21.93,22.32,1.77,98.23
2019-11-27,22.09,22.23,0.67,99.33
2019-11-29,22.0,22.39,1.79,98.21
2019-12-02,22.32,22.29,0.15,99.85
2019-12-03,22.41,22.08,1.48,98.52
2019-12-04,22.2,21.8,1.81,98.19
2019-12-05,22.02,21.8,1.02,98.98
2019-12-06,22.39,21.8,2.64,97.36
2019-12-09,22.64,22.01,2.76,97.24
2019-12-10,23.26,21.98,5.51,94.49
2019-12-11,23.51,22.33,5.03,94.97
2019-12-12,23.98,22.55,5.95,94.05
2019-12-13,23.89,23.77,0.5,99.5
2019-12-16,25.43,24.75,2.67,97.33
2019-12-17,25.27,24.89,1.48,98.52
2019-12-18,26.21,26.44,0.89,99.11
2019-12-19,26.94,26.6,1.25,98.75
2019-12-20,27.04,26.6,1.63,98.37
2019-12-23,27.95,30.02,7.43,92.57
2019-12-24,28.35,30.0,5.83,94.17
2019-12-26,28.73,30.0,4.43,95.57
2019-12-27,28.69,30.0,4.57,95.43
2019-12-30,27.65,29.14,5.42,94.58
2019-12-31,27.89,29.14,4.5,95.5
2020-01-02,28.68,29.34,2.29,97.71
2020-01-03,29.53,29.44,0.3,99.7
2020-01-06,30.1,29.99,0.37,99.63
2020-01-07,31.27,29.59,5.37,94.63
2020-01-08,32.81,32.77,0.12,99.88
2020-01-09,32.09,31.7,1.21,98.79
2020-01-10,31.88,34.07,6.89,93.11
2020-01-13,34.99,34.38,1.75,98.25
2020-01-14,35.86,34.38,4.14,95.86
2020-01-15,34.57,37.67,8.97,91.03
2020-01-16,34.23,37.62,9.9,90.1
2020-01-17,34.03,37.62,10.55,89.45
2020-01-21,36.48,38.15,4.57,95.43
2020-01-22,37.97,38.24,0.72,99.28
2020-01-23,38.15,38.24,0.25,99.75
2020-01-24,37.65,37.94,0.75,99.25
2020-01-27,37.2,37.67,1.25,98.75
2020-01-28,37.79,37.65,0.39,99.61
2020-01-29,38.73,37.62,2.87,97.13
2020-01-30,42.72,47.16,10.39,89.61
2020-01-31,43.37,47.16,8.74,91.26
2020-02-03,52.0,49.56,4.7,95.3
2020-02-04,59.14,50.17,15.16,84.84
2020-02-05,48.98,45.7,6.7,93.3
2020-02-06,49.93,46.36,7.16,92.84
2020-02-07,49.87,51.01,2.29,97.71
2020-02-10,51.42,50.73,1.34,98.66
2020-02-11,51.63,53.85,4.3,95.7
2020-02-12,51.15,53.65,4.87,95.13
2020-02-13,53.6,54.51,1.69,98.31
2020-02-14,53.34,54.51,2.19,97.81
2020-02-18,57.23,56.9,0.58,99.42
2020-02-19,61.16,59.14,3.31,96.69
2020-02-20,59.96,56.46,5.84,94.16
2020-02-21,60.07,56.46,6.01,93.99
2020-02-24,55.59,50.97,8.31,91.69
2020-02-25,53.33,50.33,5.63,94.37
2020-02-26,51.92,51.0,1.77,98.23
2020-02-27,45.27,50.52,11.6,88.4
2020-02-28,44.53,50.52,13.44,86.56
2020-03-02,49.57,50.76,2.39,97.61
2020-03-03,49.7,50.76,2.13,97.87
2020-03-04,49.97,46.69,6.55,93.45
2020-03-05,48.3,45.81,5.16,94.84
2020-03-06,46.9,45.81,2.32,97.68
2020-03-09,40.53,43.16,6.48,93.52
2020-03-10,43.02,42.46,1.3,98.7
2020-03-11,42.28,38.78,8.29,91.71
2020-03-12,37.37,36.59,2.08,97.92
2020-03-13,36.44,36.98,1.48,98.52
2020-03-16,29.67,35.76,20.52,79.48
2020-03-17,28.68,35.58,24.05,75.95
2020-03-18,24.08,35.52,47.49,52.51
2020-03-19,28.51,33.82,18.63,81.37
2020-03-20,28.5,27.93,2.0,98.0
2020-03-23,28.95,27.66,4.47,95.53
2020-03-24,33.67,30.92,8.17,91.83
2020-03-25,35.95,31.03,13.68,86.32
2020-03-26,35.21,32.14,8.72,91.28
2020-03-27,34.29,32.14,6.27,93.73
2020-03-30,33.48,32.14,3.98,96.02
2020-03-31,34.93,32.14,7.99,92.01
2020-04-01,32.1,32.14,0.12,99.88
2020-04-02,30.3,36.01,18.84,81.16
2020-04-03,32.0,32.96,3.0,97.0
2020-04-06,34.42,34.29,0.36,99.64
2020-04-07,36.36,36.82,1.27,98.73
2020-04-08,36.59,37.68,2.99,97.01
2020-04-09,38.2,37.94,0.69,99.31
2020-04-13,43.4,41.01,5.51,94.49
2020-04-14,47.33,40.73,13.93,86.07
2020-04-15,48.66,46.38,4.68,95.32
2020-04-16,49.68,46.67,6.05,93.95
2020-04-17,50.26,47.28,5.92,94.08
2020-04-20,49.76,47.28,4.97,95.03
2020-04-21,45.78,50.35,9.98,90.02
2020-04-22,48.81,51.33,5.17,94.83
2020-04-23,47.04,51.33,9.11,90.89
2020-04-24,48.34,51.33,6.18,93.82
2020-04-27,53.25,51.94,2.46,97.54
2020-04-28,51.27,51.04,0.47,99.53
2020-04-29,53.37,51.33,3.82,96.18
2020-04-30,52.13,51.01,2.13,97.87
2020-05-01,46.75,47.17,0.89,99.11
2020-05-04,50.75,51.32,1.13,98.87
2020-05-05,51.21,51.73,1.0,99.0
2020-05-06,52.17,51.73,0.85,99.15
2020-05-07,52.0,51.61,0.75,99.25
2020-05-08,54.63,52.07,4.68,95.32
2020-05-11,54.09,52.38,3.15,96.85
2020-05-12,53.96,52.1,3.45,96.55
2020-05-13,52.73,52.1,1.2,98.8
2020-05-14,53.56,52.1,2.72,97.28
2020-05-15,53.28,51.48,3.38,96.62
2020-05-18,54.24,52.07,4.0,96.0
2020-05-19,53.87,51.48,4.44,95.56
2020-05-20,54.37,51.58,5.13,94.87
2020-05-21,55.17,58.41,5.87,94.13
2020-05-22,54.46,54.26,0.36,99.64
2020-05-26,54.59,54.26,0.6,99.4
2020-05-27,54.68,52.38,4.21,95.79
2020-05-28,53.72,52.07,3.07,96.93
2020-05-29,55.67,59.68,7.21,92.79
2020-06-01,59.87,63.83,6.6,93.4
2020-06-02,58.77,61.93,5.38,94.62
2020-06-03,58.86,63.36,7.63,92.37
2020-06-04,57.63,58.23,1.05,98.95
2020-06-05,59.04,60.32,2.15,97.85
2020-06-08,63.33,66.81,5.49,94.51
2020-06-09,62.71,66.53,6.1,93.9
2020-06-10,68.34,68.31,0.03,99.97
2020-06-11,64.86,63.47,2.14,97.86
2020-06-12,62.35,59.51,4.56,95.44
2020-06-15,66.06,63.47,3.92,96.08
2020-06-16,65.48,63.27,3.37,96.63
2020-06-17,66.12,63.47,4.01,95.99
2020-06-18,66.93,61.65,7.89,92.11
2020-06-19,66.73,62.81,5.87,94.13
2020-06-22,66.29,74.26,12.02,87.98
2020-06-23,66.79,74.26,11.19,88.81
2020-06-24,64.06,73.69,15.04,84.96
2020-06-25,65.73,73.69,12.11,87.89
2020-06-26,63.98,73.75,15.27,84.73
2020-06-29,67.29,73.67,9.48,90.52
2020-06-30,71.99,73.67,2.33,97.67
2020-07-01,74.64,78.22,4.8,95.2
2020-07-02,80.58,84.24,4.55,95.45
2020-07-06,91.44,88.86,2.82,97.18
2020-07-07,92.66,90.38,2.45,97.55
2020-07-08,91.06,88.86,2.41,97.59
2020-07-09,92.95,88.86,4.4,95.6
2020-07-10,102.98,92.03,10.63,89.37
2020-07-13,99.8,90.32,9.5,90.5
2020-07-14,101.12,103.08,1.93,98.07
2020-07-15,103.07,104.6,1.49,98.51
2020-07-16,100.04,101.62,1.57,98.43
2020-07-17,100.06,109.6,9.54,90.46
2020-07-20,109.53,114.03,4.1,95.9
2020-07-21,104.56,103.99,0.54,99.46
2020-07-22,106.16,103.99,2.04,97.96
2020-07-23,100.87,100.1,0.77,99.23
2020-07-24,94.47,99.38,5.2,94.8
2020-07-27,102.64,99.16,3.39,96.61
2020-07-28,98.43,99.43,1.02,98.98
2020-07-29,99.94,96.13,3.81,96.19
2020-07-30,99.17,95.3,3.89,96.11
2020-07-31,95.38,92.48,3.04,96.96
2020-08-03,99.0,92.52,6.54,93.46
2020-08-04,99.13,103.0,3.9,96.1
2020-08-05,99.0,102.83,3.87,96.13
2020-08-06,99.31,104.55,5.28,94.72
2020-08-07,96.85,100.18,3.44,96.56
2020-08-10,94.57,100.28,6.03,93.97
2020-08-11,91.63,90.88,0.82,99.18
2020-08-12,103.65,99.33,4.17,95.83
2020-08-13,108.07,107.19,0.81,99.19
2020-08-14,110.05,107.18,2.6,97.4
2020-08-17,122.38,120.29,1.71,98.29
2020-08-18,125.81,123.34,1.96,98.04
2020-08-19,125.24,123.34,1.51,98.49
2020-08-20,133.46,130.55,2.18,97.82
2020-08-21,136.67,138.43,1.29,98.71
2020-08-24,134.28,131.6,2.0,98.0
2020-08-25,134.89,136.4,1.12,98.88
2020-08-26,143.54,147.49,2.75,97.25
2020-08-27,149.25,152.25,2.01,97.99
2020-08-28,147.56,152.8,3.55,96.45
2020-08-31,166.11,154.21,7.16,92.84
2020-09-01,158.35,153.63,2.98,97.02
2020-09-02,149.12,150.6,0.99,99.01
2020-09-03,135.67,141.51,4.31,95.69
2020-09-04,139.44,141.3,1.33,98.67
2020-09-08,110.07,132.66,20.52,79.48
2020-09-09,122.09,127.87,4.73,95.27
2020-09-10,123.78,134.2,8.42,91.58
2020-09-11,124.24,134.59,8.33,91.67
2020-09-14,139.87,140.56,0.49,99.51
2020-09-15,149.92,142.41,5.01,94.99
2020-09-16,147.25,140.93,4.3,95.7
2020-09-17,141.14,138.2,2.09,97.91
2020-09-18,147.38,142.51,3.31,96.69
2020-09-21,149.8,138.14,7.78,92.22
2020-09-22,141.41,136.64,3.37,96.63
2020-09-23,126.79,134.28,5.91,94.09
2020-09-24,129.26,135.63,4.93,95.07
2020-09-25,135.78,137.51,1.27,98.73
2020-09-28,140.4,145.92,3.93,96.07
2020-09-29,139.69,144.62,3.53,96.47
2020-09-30,143.0,144.64,1.14,98.86
2020-10-01,149.39,147.69,1.13,98.87
2020-10-02,138.36,138.08,0.2,99.8
2020-10-05,141.89,137.83,2.86,97.14
2020-10-06,137.99,136.46,1.11,98.89
2020-10-07,141.77,141.11,0.46,99.54
2020-10-08,141.97,137.21,3.36,96.64
2020-10-09,144.67,139.63,3.48,96.52
2020-10-12,147.43,146.85,0.39,99.61
2020-10-13,148.88,154.11,3.51,96.49
2020-10-14,153.77,154.11,0.22,99.78
2020-10-15,149.63,148.86,0.52,99.48
2020-10-16,146.56,146.36,0.13,99.87
2020-10-19,143.61,145.91,1.6,98.4
2020-10-20,140.65,147.15,4.62,95.38
2020-10-21,140.88,136.03,3.44,96.56
2020-10-22,141.93,145.97,2.85,97.15
2020-10-23,140.21,138.57,1.17,98.83
2020-10-26,140.09,145.91,4.15,95.85
2020-10-27,141.56,143.31,1.24,98.76
2020-10-28,135.34,136.03,0.51,99.49
2020-10-29,136.94,136.76,0.14,99.86
2020-10-30,129.35,127.89,1.12,98.88
2020-11-02,133.5,133.45,0.04,99.96
2020-11-03,141.3,136.68,3.27,96.73
2020-11-04,140.33,138.92,1.0,99.0
2020-11-05,146.03,142.23,2.6,97.4
2020-11-06,143.32,144.85,1.07,98.93
2020-11-09,140.42,144.85,3.15,96.85
2020-11-10,136.79,138.85,1.51,98.49
2020-11-11,139.04,138.89,0.11,99.89
2020-11-12,137.25,138.65,1.02,98.98
2020-11-13,136.17,138.61,1.8,98.2
2020-11-16,136.03,136.43,0.29,99.71
2020-11-17,147.2,148.45,0.85,99.15
2020-11-18,162.21,155.8,3.95,96.05
2020-11-19,166.42,164.04,1.43,98.57
2020-11-20,163.2,163.87,0.41,99.59
2020-11-23,173.95,173.64,0.18,99.82
2020-11-24,185.13,179.43,3.08,96.92
2020-11-25,191.33,189.97,0.71,99.29
2020-11-27,195.25,191.97,1.68,98.32
2020-11-30,189.2,191.52,1.22,98.78
2020-12-01,194.92,194.92,0.0,100.0
2020-12-02,189.61,194.62,2.64,97.36
2020-12-03,197.79,198.86,0.54,99.46
2020-12-04,199.68,204.73,2.53,97.47
2020-12-07,213.92,210.88,1.42,98.58
2020-12-08,216.63,212.51,1.9,98.1
2020-12-09,201.49,204.27,1.38,98.62
2020-12-10,209.02,209.9,0.42,99.58
2020-12-11,203.33,211.59,4.06,95.94
2020-12-14,213.28,212.49,0.37,99.63
2020-12-15,211.08,206.28,2.27,97.73
2020-12-16,207.59,208.26,0.32,99.68
2020-12-17,218.63,214.44,1.92,98.08
2020-12-18,231.67,227.64,1.74,98.26
2020-12-21,216.62,217.68,0.49,99.51
2020-12-22,213.45,215.71,1.06,98.94
2020-12-23,215.33,216.73,0.65,99.35
2020-12-24,220.59,216.41,1.9,98.1
2020-12-28,221.23,216.1,2.32,97.68
2020-12-29,222.0,216.43,2.51,97.49
2020-12-30,231.59,227.38,1.82,98.18
2020-12-31,235.22,234.89,0.14,99.86
2021-01-04,243.26,236.04,2.97,97.03
2021-01-05,245.04,237.82,2.95,97.05
2021-01-06,251.99,244.67,2.91,97.09
2021-01-07,272.01,266.08,2.18,97.82
2021-01-08,293.34,278.73,4.98,95.02
2021-01-11,270.4,259.63,3.98,96.02
2021-01-12,283.15,274.12,3.19,96.81
2021-01-13,284.8,283.75,0.37,99.63
2021-01-14,281.67,293.82,4.31,95.69
2021-01-15,275.39,277.93,0.92,99.08
2021-01-19,281.52,283.93,0.86,99.14
2021-01-20,283.48,286.53,1.08,98.92
2021-01-21,281.66,285.81,1.47,98.53
2021-01-22,282.21,286.58,1.55,98.45
2021-01-25,293.6,288.88,1.61,98.39
2021-01-26,294.36,288.97,1.83,98.17
2021-01-27,288.05,286.86,0.42,99.58
2021-01-28,278.48,276.14,0.84,99.16
2021-01-29,264.51,261.08,1.3,98.7
2021-02-01,279.94,280.14,0.07,99.93
2021-02-02,290.93,284.66,2.16,97.84
2021-02-03,284.9,277.29,2.67,97.33
2021-02-04,283.33,279.91,1.21,98.79
2021-02-05,284.08,285.36,0.45,99.55
2021-02-08,287.81,286.42,0.48,99.52
2021-02-09,283.15,281.75,0.5,99.5
2021-02-10,268.27,272.19,1.46,98.54
2021-02-11,270.55,275.68,1.89,98.11
2021-02-12,272.04,268.66,1.24,98.76
2021-02-16,265.41,265.06,0.13,99.87
2021-02-17,266.05,267.79,0.65,99.35
2021-02-18,262.46,267.19,1.8,98.2
2021-02-19,260.43,263.76,1.28,98.72
2021-02-22,238.17,242.05,1.63,98.37
2021-02-23,232.95,233.33,0.17,99.83
2021-02-24,247.34,244.74,1.05,98.95
2021-02-25,227.41,230.76,1.48,98.52
2021-02-26,225.17,225.19,0.01,99.99
2021-03-01,239.48,235.54,1.64,98.36
2021-03-02,228.81,228.49,0.14,99.86
2021-03-03,217.73,220.96,1.48,98.52
2021-03-04,207.15,210.27,1.51,98.49
2021-03-05,199.32,209.24,4.98,95.02
2021-03-08,187.67,197.99,5.5,94.5
2021-03-09,224.53,223.94,0.26,99.74
2021-03-10,222.69,224.51,0.82,99.18
2021-03-11,233.2,232.41,0.34,99.66
2021-03-12,231.24,235.06,1.65,98.35
2021-03-15,235.98,236.76,0.33,99.67
2021-03-16,225.63,228.89,1.45,98.55
2021-03-17,233.94,229.33,1.97,98.03
2021-03-18,217.72,223.21,2.52,97.48
2021-03-19,218.29,220.0,0.78,99.22
2021-03-22,223.33,219.47,1.73,98.27
2021-03-23,220.72,219.05,0.76,99.24
2021-03-24,210.09,217.87,3.7,96.3
2021-03-25,213.46,221.71,3.86,96.14
2021-03-26,206.24,218.24,5.82,94.18
2021-03-29,203.76,207.1,1.64,98.36
2021-03-30,211.87,212.9,0.48,99.52
2021-03-31,222.64,218.38,1.92,98.08
2021-04-01,220.58,218.6,0.9,99.1
2021-04-05,230.35,223.21,3.1,96.9
2021-04-06,230.54,225.36,2.25,97.75
2021-04-07,223.66,219.6,1.82,98.18
2021-04-08,227.93,229.6,0.73,99.27
2021-04-09,225.67,225.32,0.16,99.84
2021-04-12,233.99,226.75,3.1,96.9
2021-04-13,254.11,240.44,5.38,94.62
2021-04-14,244.08,244.51,0.18,99.82
2021-04-15,246.28,245.09,0.48,99.52
2021-04-16,246.59,246.32,0.11,99.89
2021-04-19,238.21,244.73,2.74,97.26
2021-04-20,239.66,244.86,2.17,97.83
2021-04-21,248.04,247.32,0.29,99.71
2021-04-22,239.9,241.86,0.82,99.18
2021-04-23,243.13,239.87,1.34,98.66
2021-04-26,246.07,242.12,1.6,98.4
2021-04-27,234.91,238.2,1.4,98.6
2021-04-28,231.47,235.64,1.8,98.2
2021-04-29,225.67,231.31,2.5,97.5
2021-04-30,236.48,239.43,1.25,98.75
2021-05-03,228.3,226.64,0.73,99.27
2021-05-04,224.53,224.63,0.04,99.96
2021-05-05,223.65,223.76,0.05,99.95
2021-05-06,221.18,223.57,1.08,98.92
2021-05-07,224.12,228.94,2.15,97.85
2021-05-10,209.68,215.23,2.64,97.36
2021-05-11,205.73,204.48,0.61,99.39
2021-05-12,196.63,202.83,3.16,96.84
2021-05-13,190.56,190.66,0.05,99.95
2021-05-14,196.58,193.3,1.67,98.33
2021-05-17,192.28,192.07,0.11,99.89
2021-05-18,192.62,193.58,0.5,99.5
2021-05-19,187.82,191.47,1.94,98.06
2021-05-20,195.59,191.94,1.87,98.13
2021-05-21,193.63,191.17,1.27,98.73
2021-05-24,202.15,199.49,1.31,98.69
2021-05-25,201.56,199.49,1.03,98.97
2021-05-26,206.38,203.13,1.57,98.43
2021-05-27,210.28,201.7,4.08,95.92
2021-05-28,208.41,205.04,1.62,98.38
2021-06-01,207.97,203.61,2.1,97.9
2021-06-02,201.71,203.24,0.76,99.24
2021-06-03,190.95,201.39,5.47,94.53
2021-06-04,199.68,202.23,1.28,98.72
2021-06-07,201.71,203.69,0.98,99.02
2021-06-08,201.2,202.59,0.69,99.31
2021-06-09,199.59,202.83,1.62,98.38
2021-06-10,203.37,202.68,0.34,99.66
2021-06-11,203.3,202.92,0.19,99.81
2021-06-14,205.9,202.62,1.59,98.41
2021-06-15,199.79,200.79,0.5,99.5
2021-06-16,201.62,200.69,0.46,99.54
2021-06-17,205.53,200.97,2.22,97.78
2021-06-18,207.77,201.07,3.23,96.77
2021-06-21,206.94,203.12,1.85,98.15
2021-06-22,207.9,209.02,0.54,99.46
2021-06-23,218.86,221.4,1.16,98.84
2021-06-24,226.61,225.33,0.56,99.44
2021-06-25,223.96,225.52,0.7,99.3
2021-06-28,229.57,229.37,0.09,99.91
2021-06-29,226.92,227.75,0.37,99.63
2021-06-30,226.57,227.22,0.29,99.71
2021-07-01,225.97,227.0,0.46,99.54
2021-07-02,226.3,228.92,1.16,98.84
2021-07-06,219.86,228.92,4.12,95.88
2021-07-07,214.88,222.93,3.74,96.26
2021-07-08,217.6,221.54,1.81,98.19
2021-07-09,218.98,218.54,0.2,99.8
2021-07-12,228.57,233.62,2.21,97.79
2021-07-13,222.85,225.19,1.05,98.95
2021-07-14,217.79,223.16,2.46,97.54
2021-07-15,216.87,213.34,1.63,98.37
2021-07-16,214.74,214.5,0.11,99.89
2021-07-19,215.41,205.19,4.74,95.26
2021-07-20,220.17,219.35,0.37,99.63
2021-07-21,218.43,217.38,0.48,99.52
2021-07-22,216.42,216.51,0.04,99.96
2021-07-23,214.46,214.26,0.09,99.91
2021-07-26,219.21,222.78,1.63,98.37
2021-07-27,214.93,221.38,3.0,97.0
2021-07-28,215.66,218.83,1.47,98.53
2021-07-29,225.78,222.28,1.55,98.45
2021-07-30,229.07,221.7,3.22,96.78
2021-08-02,236.56,232.53,1.7,98.3
2021-08-03,236.58,235.76,0.35,99.65
2021-08-04,236.97,235.17,0.76,99.24
2021-08-05,238.21,242.52,1.81,98.19
2021-08-06,233.03,238.9,2.52,97.48
2021-08-09,237.92,240.22,0.97,99.03
2021-08-10,236.66,241.15,1.89,98.11
2021-08-11,235.94,237.85,0.81,99.19
2021-08-12,240.75,242.17,0.59,99.41
2021-08-13,239.06,240.67,0.67,99.33
2021-08-16,228.72,234.49,2.52,97.48
2021-08-17,221.9,229.3,3.33,96.67
2021-08-18,229.66,228.71,0.41,99.59
2021-08-19,224.49,225.79,0.58,99.42
2021-08-20,226.75,223.76,1.32,98.68
2021-08-23,235.43,230.71,2.01,97.99
2021-08-24,236.16,233.75,1.02,98.98
2021-08-25,237.07,234.0,1.29,98.71
2021-08-26,233.72,234.96,0.53,99.47
2021-08-27,237.31,235.41,0.8,99.2
2021-08-30,243.64,241.86,0.73,99.27
2021-08-31,245.24,241.23,1.64,98.36
2021-09-01,244.7,240.23,1.83,98.17
2021-09-02,244.13,241.84,0.94,99.06
2021-09-03,244.52,247.82,1.35,98.65
2021-09-07,250.97,251.71,0.29,99.71
2021-09-08,251.29,251.21,0.03,99.97
2021-09-09,251.62,257.23,2.23,97.77
2021-09-10,245.42,248.47,1.24,98.76
2021-09-13,247.67,246.27,0.56,99.44
2021-09-14,248.16,250.63,1.0,99.0
2021-09-15,251.94,252.2,0.1,99.9
2021-09-16,252.33,256.77,1.76,98.24
2021-09-17,253.16,256.74,1.41,98.59
2021-09-20,243.39,241.67,0.71,99.29
2021-09-21,246.46,245.26,0.49,99.51
2021-09-22,250.65,249.65,0.4,99.6
2021-09-23,251.21,251.56,0.14,99.86
2021-09-24,258.13,258.56,0.17,99.83
2021-09-27,263.79,262.21,0.6,99.4
2021-09-28,259.19,258.79,0.15,99.85
2021-09-29,260.44,256.8,1.4,98.6
2021-09-30,258.49,260.68,0.85,99.15
2021-10-01,258.41,260.26,0.72,99.28
2021-10-04,260.51,260.39,0.05,99.95
2021-10-05,260.2,259.06,0.44,99.56
2021-10-06,260.92,259.06,0.71,99.29
2021-10-07,264.54,260.19,1.64,98.36
2021-10-08,261.83,262.22,0.15,99.85
2021-10-11,263.98,264.42,0.17,99.83
2021-10-12,268.57,265.99,0.96,99.04
2021-10-13,270.36,273.07,1.0,99.0
2021-10-14,272.77,275.34,0.94,99.06
2021-10-15,281.01,277.31,1.32,98.68
2021-10-18,290.04,292.4,0.81,99.19
2021-10-19,288.09,290.37,0.79,99.21
2021-10-20,288.6,293.93,1.85,98.15
2021-10-21,298.0,299.79,0.6,99.4
2021-10-22,303.23,301.1,0.7,99.3
2021-10-25,341.62,332.67,2.62,97.38
2021-10-26,339.48,341.66,0.64,99.36
2021-10-27,345.95,354.35,2.43,97.57
2021-10-28,359.01,367.76,2.44,97.56
2021-10-29,371.33,369.82,0.41,99.59
2021-11-01,402.86,379.11,5.9,94.1
2021-11-02,390.67,390.26,0.1,99.9
2021-11-03,404.62,398.09,1.61,98.39
2021-11-04,409.97,406.41,0.87,99.13
2021-11-05,407.36,405.07,0.56,99.44
2021-11-08,387.65,394.38,1.74,98.26
2021-11-09,341.17,350.26,2.67,97.33
2021-11-10,355.98,354.52,0.41,99.59
2021-11-11,354.5,356.93,0.68,99.32
2021-11-12,344.47,346.72,0.65,99.35
2021-11-15,337.8,339.34,0.46,99.54
2021-11-16,351.58,348.72,0.81,99.19
2021-11-17,363.0,362.53,0.13,99.87
2021-11-18,365.46,360.93,1.24,98.76
2021-11-19,379.02,370.72,2.19,97.81
2021-11-22,385.62,382.46,0.82,99.18
2021-11-23,369.68,367.97,0.46,99.54
2021-11-24,372.0,367.75,1.14,98.86
2021-11-26,360.64,363.24,0.72,99.28
2021-11-29,379.0,374.27,1.25,98.75
2021-11-30,381.59,385.47,1.02,98.98
2021-12-01,365.0,373.48,2.32,97.68
2021-12-02,361.53,370.26,2.41,97.59
2021-12-03,338.32,342.84,1.33,98.67
2021-12-06,336.34,345.72,2.79,97.21
2021-12-07,350.58,350.11,0.13,99.87
2021-12-08,356.32,351.4,1.38,98.62
2021-12-09,334.6,338.87,1.28,98.72
2021-12-10,339.01,334.84,1.23,98.77
2021-12-13,322.14,316.34,1.8,98.2
2021-12-14,319.5,320.87,0.43,99.57
2021-12-15,325.33,327.0,0.51,99.49
2021-12-16,308.97,319.44,3.39,96.61
2021-12-17,310.86,304.66,1.99,98.01
2021-12-20,299.98,295.38,1.53,98.47
2021-12-21,312.84,316.05,1.02,98.98
2021-12-22,336.29,333.6,0.8,99.2
2021-12-23,355.67,356.47,0.23,99.77
2021-12-27,364.65,360.38,1.17,98.83
2021-12-28,362.82,358.87,1.09,98.91
2021-12-29,362.06,358.29,1.04,98.96
2021-12-30,356.78,360.25,0.97,99.03
2021-12-31,352.26,357.03,1.35,98.65
2022-01-03,399.93,397.01,0.73,99.27
2022-01-04,383.2,378.75,1.16,98.84
2022-01-05,362.71,358.07,1.28,98.72
2022-01-06,354.9,351.92,0.84,99.16
2022-01-07,342.32,349.28,2.03,97.97
2022-01-10,352.71,353.99,0.36,99.64
2022-01-11,354.8,356.95,0.61,99.39
2022-01-12,368.74,368.85,0.03,99.97
2022-01-13,343.85,344.77,0.27,99.73
2022-01-14,349.87,343.98,1.68,98.32
2022-01-18,343.5,342.71,0.23,99.77
2022-01-19,331.88,336.17,1.29,98.71
2022-01-20,332.09,336.72,1.39,98.61
2022-01-21,314.63,324.76,3.22,96.78
2022-01-24,310.0,301.1,2.87,97.13
2022-01-25,306.13,302.79,1.09,98.91
2022-01-26,312.47,309.27,1.03,98.97
2022-01-27,276.37,283.73,2.67,97.33
2022-01-28,282.12,287.61,1.95,98.05
2022-01-31,312.24,311.28,0.31,99.69
2022-02-01,310.42,311.36,0.31,99.69
2022-02-02,301.89,292.1,3.24,96.76
2022-02-03,297.05,299.57,0.85,99.15
2022-02-04,307.77,306.35,0.46,99.54
2022-02-07,302.45,304.37,0.64,99.36
2022-02-08,307.33,306.29,0.34,99.66
2022-02-09,310.67,301.18,3.05,96.95
2022-02-10,301.52,299.66,0.62,99.38
2022-02-11,286.67,294.24,2.64,97.36
2022-02-14,291.92,299.18,2.49,97.51
2022-02-15,307.48,300.85,2.16,97.84
2022-02-16,307.8,315.41,2.47,97.53
2022-02-17,292.12,293.27,0.39,99.61
2022-02-18,285.66,281.77,1.36,98.64
2022-02-22,273.84,279.08,1.91,98.09
2022-02-23,254.68,258.75,1.6,98.4
2022-02-24,266.92,273.16,2.34,97.66
2022-02-25,269.96,271.75,0.66,99.34
2022-02-28,290.14,290.03,0.04,99.96
2022-03-01,288.12,284.64,1.21,98.79
2022-03-02,293.3,287.82,1.87,98.13
2022-03-03,279.76,278.51,0.45,99.55
2022-03-04,279.43,288.82,3.36,96.64
2022-03-07,268.19,275.44,2.7,97.3
2022-03-08,274.8,275.0,0.07,99.93
2022-03-09,286.32,276.3,3.5,96.5
2022-03-10,279.43,281.65,0.79,99.21
2022-03-11,265.12,270.96,2.2,97.8
2022-03-14,255.46,265.36,3.88,96.12
2022-03-15,267.3,281.25,5.22,94.78
2022-03-16,280.08,282.68,0.93,99.07
2022-03-17,290.53,286.1,1.52,98.48
2022-03-18,301.8,294.81,2.32,97.68
2022-03-21,307.05,299.55,2.44,97.56
2022-03-22,331.33,319.41,3.6,96.4
2022-03-23,333.04,327.48,1.67,98.33
2022-03-24,337.97,332.07,1.75,98.25
2022-03-25,336.88,336.61,0.08,99.92
2022-03-28,363.95,356.78,1.97,98.03
2022-03-29,366.52,352.39,3.86,96.14
2022-03-30,364.66,358.86,1.59,98.41
2022-03-31,359.2,366.7,2.09,97.91
2022-04-01,361.53,383.83,6.17,93.83
2022-04-04,381.82,383.89,0.54,99.46
2022-04-05,363.75,369.86,1.68,98.32
2022-04-06,348.59,350.37,0.51,99.49
2022-04-07,352.42,348.87,1.01,98.99
2022-04-08,341.83,336.32,1.61,98.39
2022-04-11,325.31,328.83,1.08,98.92
2022-04-12,328.98,330.75,0.54,99.46
2022-04-13,340.79,343.08,0.67,99.33
2022-04-14,328.33,335.98,2.33,97.67
2022-04-18,334.76,331.27,1.04,98.96
2022-04-19,342.72,333.95,2.56,97.44
2022-04-20,325.73,331.71,1.83,98.17
2022-04-21,336.26,334.61,0.49,99.51
2022-04-22,335.02,334.86,0.05,99.95
2022-04-25,332.67,328.69,1.2,98.8
2022-04-26,292.14,295.04,0.99,99.01
2022-04-27,293.84,292.36,0.5,99.5
2022-04-28,292.5,290.6,0.65,99.35
2022-04-29,290.25,293.39,1.08,98.92
2022-05-02,300.98,311.23,3.4,96.6
2022-05-03,303.08,308.05,1.64,98.36
2022-05-04,317.54,306.56,3.46,96.54
2022-05-05,291.09,296.2,1.75,98.25
2022-05-06,288.55,288.37,0.06,99.94
2022-05-09,262.37,269.67,2.78,97.22
2022-05-10,266.68,257.41,3.48,96.52
2022-05-11,244.67,245.6,0.38,99.62
2022-05-12,242.67,243.86,0.49,99.51
2022-05-13,256.53,256.09,0.17,99.83
2022-05-16,241.46,246.61,2.14,97.86
2022-05-17,253.87,246.55,2.88,97.12
2022-05-18,236.6,238.96,1.0,99.0
2022-05-19,236.47,238.32,0.78,99.22
2022-05-20,221.3,225.65,1.97,98.03
2022-05-23,224.97,229.7,2.1,97.9
2022-05-24,209.39,214.34,2.37,97.63
2022-05-25,219.6,222.82,1.47,98.53
2022-05-26,235.91,234.31,0.68,99.32
2022-05-27,253.21,254.09,0.35,99.65
2022-05-31,252.75,249.7,1.21,98.79
2022-06-01,246.79,252.9,2.47,97.53
2022-06-02,258.33,263.15,1.86,98.14
2022-06-03,234.52,238.42,1.67,98.33
2022-06-06,238.28,241.59,1.39,98.61
2022-06-07,238.89,237.93,0.4,99.6
2022-06-08,241.87,241.0,0.36,99.64
2022-06-09,239.71,234.81,2.04,97.96
2022-06-10,232.23,236.98,2.04,97.96
2022-06-13,215.74,224.96,4.28,95.72
2022-06-14,220.89,235.57,6.64,93.36
2022-06-15,233.0,238.75,2.47,97.53
2022-06-16,213.1,222.08,4.21,95.79
2022-06-17,216.76,217.53,0.36,99.64
2022-06-21,237.04,233.5,1.49,98.51
2022-06-22,236.09,232.59,1.48,98.52
2022-06-23,235.07,227.22,3.34,96.66
2022-06-24,245.71,245.85,0.06,99.94
2022-06-27,244.92,242.94,0.81,99.19
2022-06-28,232.66,231.61,0.45,99.55
2022-06-29,228.49,230.42,0.85,99.15
2022-06-30,224.47,227.36,1.29,98.71
2022-07-01,227.26,230.46,1.41,98.59
2022-07-05,233.07,237.0,1.69,98.31
2022-07-06,231.73,236.32,1.98,98.02
2022-07-07,244.54,236.95,3.1,96.9
2022-07-08,250.76,247.63,1.25,98.75
2022-07-11,234.34,238.82,1.91,98.09
2022-07-12,233.07,230.5,1.1,98.9
2022-07-13,237.04,231.99,2.13,97.87
2022-07-14,238.31,239.48,0.49,99.51
2022-07-15,240.07,234.69,2.24,97.76
2022-07-18,240.55,236.74,1.58,98.42
2022-07-19,245.53,245.86,0.13,99.87
2022-07-20,247.5,248.2,0.28,99.72
2022-07-21,271.71,266.35,1.97,98.03
2022-07-22,272.24,265.59,2.44,97.56
2022-07-25,268.43,268.42,0.0,100.0
2022-07-26,258.86,262.04,1.23,98.77
2022-07-27,274.82,271.08,1.36,98.64
2022-07-28,280.9,274.0,2.46,97.54
2022-07-29,297.15,293.34,1.28,98.72
2022-08-01,297.28,299.66,0.8,99.2
2022-08-02,300.59,302.79,0.73,99.27
2022-08-03,307.4,307.17,0.07,99.93
2022-08-04,308.63,316.04,2.4,97.6
2022-08-05,288.17,296.46,2.88,97.12
2022-08-08,290.42,295.78,1.84,98.16
2022-08-09,283.33,287.97,1.64,98.36
2022-08-10,294.36,292.02,0.79,99.21
2022-08-11,286.63,278.64,2.79,97.21
2022-08-12,300.03,302.48,0.82,99.18
2022-08-15,309.32,313.38,1.31,98.69
2022-08-16,306.56,306.02,0.18,99.82
2022-08-17,304.0,305.51,0.5,99.5
2022-08-18,302.87,293.81,2.99,97.01
2022-08-19,296.67,285.92,3.62,96.38
2022-08-22,289.91,290.36,0.15,99.85
2022-08-23,296.45,289.83,2.24,97.76
2022-08-24,297.1,290.25,2.3,97.7
2022-08-25,296.07,294.73,0.45,99.55
2022-08-26,288.09,289.7,0.56,99.44
2022-08-29,284.82,290.89,2.13,97.87
2022-08-30,277.7,281.48,1.36,98.64
2022-08-31,275.61,282.18,2.39,97.61
2022-09-01,277.16,275.38,0.64,99.36
2022-09-02,270.21,266.04,1.54,98.46
2022-09-06,274.42,268.72,2.08,97.92
2022-09-07,283.7,278.89,1.7,98.3
2022-09-08,289.26,282.76,2.25,97.75
2022-09-09,299.68,300.6,0.31,99.69
2022-09-12,304.42,310.98,2.15,97.85
2022-09-13,292.13,292.75,0.21,99.79
2022-09-14,302.61,301.99,0.2,99.8
2022-09-15,303.75,298.43,1.75,98.25
2022-09-16,303.35,305.69,0.77,99.23
2022-09-19,309.07,300.48,2.78,97.22
2022-09-20,308.73,308.86,0.04,99.96
2022-09-21,300.8,305.4,1.53,98.47
2022-09-22,288.59,300.1,3.99,96.01
2022-09-23,275.33,295.03,7.16,92.84
2022-09-26,276.01,284.42,3.05,96.95
2022-09-27,282.94,284.94,0.71,99.29
2022-09-28,287.81,286.78,0.36,99.64
2022-09-29,268.21,271.66,1.29,98.71
2022-09-30,265.25,265.19,0.02,99.98
2022-10-03,242.4,253.92,4.75,95.25
2022-10-04,249.44,248.03,0.56,99.44
2022-10-05,240.81,239.42,0.58,99.42
2022-10-06,238.13,234.68,1.45,98.55
2022-10-07,223.07,221.63,0.64,99.36
2022-10-10,222.96,221.92,0.47,99.53
2022-10-11,216.5,219.15,1.22,98.78
2022-10-12,217.24,214.67,1.18,98.82
2022-10-13,221.72,218.83,1.3,98.7
2022-10-14,204.99,202.77,1.08,98.92
2022-10-17,219.35,216.14,1.46,98.54
2022-10-18,220.19,215.73,2.03,97.97
2022-10-19,222.04,212.68,4.22,95.78
2022-10-20,207.28,207.9,0.3,99.7
2022-10-21,214.44,216.2,0.82,99.18
2022-10-24,211.25,215.46,1.99,98.01
2022-10-25,222.42,224.03,0.72,99.28
2022-10-26,224.64,226.14,0.67,99.33
2022-10-27,225.09,226.02,0.41,99.59
2022-10-28,228.52,228.41,0.05,99.95
2022-10-31,227.54,233.4,2.57,97.43
2022-11-01,227.82,230.82,1.32,98.68
2022-11-02,214.98,220.05,2.36,97.64
2022-11-03,215.31,220.92,2.6,97.4
2022-11-04,207.47,211.23,1.81,98.19
2022-11-07,197.08,204.32,3.67,96.33
2022-11-08,191.3,193.17,0.98,99.02
2022-11-09,177.59,189.19,6.53,93.47
2022-11-10,190.72,201.98,5.9,94.1
2022-11-11,195.97,203.64,3.91,96.09
2022-11-14,190.95,192.39,0.75,99.25
2022-11-15,194.42,195.91,0.77,99.23
2022-11-16,186.92,189.78,1.53,98.47
2022-11-17,183.17,188.66,3.0,97.0
2022-11-18,180.19,183.97,2.1,97.9
2022-11-21,167.87,174.31,3.84,96.16
2022-11-22,169.91,171.58,0.99,99.01
2022-11-23,183.2,181.77,0.78,99.22
2022-11-25,182.86,185.24,1.3,98.7
2022-11-28,182.92,182.7,0.12,99.88
2022-11-29,180.83,183.54,1.5,98.5
2022-11-30,194.7,189.47,2.69,97.31
2022-12-01,194.7,190.18,2.32,97.68
2022-12-02,194.86,185.22,4.95,95.05
2022-12-05,182.45,184.37,1.05,98.95
2022-12-06,179.82,177.68,1.19,98.81
2022-12-07,174.04,176.78,1.57,98.43
2022-12-08,173.44,177.28,2.21,97.79
2022-12-09,179.05,180.54,0.83,99.17
2022-12-12,167.82,177.37,5.69,94.31
2022-12-13,160.95,172.57,7.22,92.78
2022-12-14,156.8,166.39,6.12,93.88
2022-12-15,157.67,163.27,3.55,96.45
2022-12-16,150.23,154.15,2.61,97.39
2022-12-19,149.87,153.34,2.32,97.68
2022-12-20,137.8,142.26,3.24,96.76
2022-12-21,137.57,131.04,4.75,95.25
2022-12-22,125.35,128.83,2.77,97.23
2022-12-23,123.15,121.17,1.61,98.39
2022-12-27,109.1,117.94,8.11,91.89
2022-12-28,112.71,119.28,5.83,94.17
2022-12-29,121.82,116.58,4.3,95.7
2022-12-30,123.18,113.16,8.14,91.86
2023-01-03,108.1,111.71,3.34,96.66
2023-01-04,113.64,114.41,0.67,99.33
2023-01-05,110.34,114.41,3.68,96.32
2023-01-06,113.06,115.07,1.78,98.22
2023-01-09,119.77,112.92,5.72,94.28
2023-01-10,118.85,112.92,4.99,95.01
2023-01-11,123.22,114.08,7.42,92.58
2023-01-12,123.56,115.6,6.44,93.56
2023-01-13,122.4,124.43,1.66,98.34
2023-01-17,131.49,128.57,2.22,97.78
2023-01-18,128.78,132.54,2.92,97.08
2023-01-19,127.17,132.11,3.88,96.12
2023-01-20,133.42,132.11,0.98,99.02
2023-01-23,143.75,132.54,7.8,92.2
2023-01-24,143.89,142.26,1.13,98.87
2023-01-25,144.43,149.01,3.17,96.83
2023-01-26,160.27,156.77,2.19,97.81
2023-01-27,177.9,169.8,4.55,95.45
2023-01-30,166.66,161.05,3.37,96.63
2023-01-31,173.22,176.4,1.84,98.16
2023-02-01,181.41,178.87,1.4,98.6
2023-02-02,188.27,191.42,1.67,98.33
2023-02-03,189.98,193.44,1.82,98.18
2023-02-06,194.76,193.74,0.52,99.48
2023-02-07,196.81,200.15,1.69,98.31
2023-02-08,201.29,204.23,1.46,98.54
2023-02-09,207.32,206.25,0.51,99.49
2023-02-10,196.89,195.11,0.9,99.1
2023-02-13,194.64,197.01,1.22,98.78
2023-02-14,209.25,212.05,1.34,98.66
2023-02-15,214.24,211.43,1.31,98.69
2023-02-16,202.04,197.74,2.13,97.87
2023-02-17,208.31,209.1,0.38,99.62
2023-02-21,197.37,202.11,2.4,97.6
2023-02-22,200.86,201.55,0.34,99.66
2023-02-23,202.07,201.36,0.35,99.65
2023-02-24,196.88,200.09,1.63,98.37
2023-02-27,207.63,201.64,2.88,97.12
2023-02-28,205.71,199.88,2.83,97.17
2023-03-01,202.77,197.57,2.57,97.43
2023-03-02,190.9,191.76,0.45,99.55
2023-03-03,197.79,196.13,0.84,99.16
2023-03-06,193.81,196.13,1.2,98.8
2023-03-07,187.71,188.96,0.66,99.34
2023-03-08,182.0,180.47,0.84,99.16
2023-03-09,172.92,180.09,4.15,95.85
2023-03-10,173.44,174.59,0.67,99.33
2023-03-13,174.48,178.3,2.19,97.81
2023-03-14,183.26,181.97,0.7,99.3
2023-03-15,180.45,180.84,0.22,99.78
2023-03-16,184.13,181.54,1.41,98.59
2023-03-17,180.13,174.37,3.2,96.8
2023-03-20,183.25,180.88,1.29,98.71
2023-03-21,197.58,188.0,4.85,95.15
2023-03-22,191.15,187.83,1.74,98.26
2023-03-23,192.22,188.7,1.83,98.17
2023-03-24,190.41,188.31,1.1,98.9
2023-03-27,191.81,187.49,2.25,97.75
2023-03-28,189.19,187.36,0.97,99.03
2023-03-29,193.88,195.32,0.74,99.26
2023-03-30,195.28,200.1,2.47,97.53
2023-03-31,207.46,206.85,0.29,99.71
2023-04-03,194.77,193.48,0.66,99.34
2023-04-04,192.58,192.3,0.14,99.86
2023-04-05,185.52,188.36,1.53,98.47
2023-04-06,185.06,188.66,1.95,98.05
2023-04-10,184.51,186.35,1.0,99.0
2023-04-11,186.79,182.81,2.13,97.87
2023-04-12,180.54,178.51,1.13,98.87
2023-04-13,185.9,184.35,0.83,99.17
2023-04-14,185.0,183.67,0.72,99.28
2023-04-17,187.04,184.03,1.61,98.39
2023-04-18,184.31,182.49,0.99,99.01
2023-04-19,180.59,176.85,2.07,97.93
2023-04-20,162.99,170.34,4.51,95.49
2023-04-21,165.08,166.5,0.86,99.14
2023-04-24,162.55,162.04,0.32,99.68
2023-04-25,160.67,159.64,0.64,99.36
2023-04-26,153.75,155.54,1.16,98.84
2023-04-27,160.19,162.32,1.33,98.67
2023-04-28,164.31,170.33,3.67,96.33
2023-05-01,161.83,157.14,2.9,97.1
2023-05-02,160.31,161.8,0.93,99.07
2023-05-03,160.61,150.38,6.37,93.63
2023-05-04,161.2,151.81,5.82,94.18
2023-05-05,170.06,167.62,1.44,98.56
2023-05-08,171.79,169.18,1.52,98.48
2023-05-09,169.15,169.18,0.02,99.98
2023-05-10,168.54,175.95,4.4,95.6
2023-05-11,172.08,174.63,1.48,98.52
2023-05-12,167.98,171.79,2.27,97.73
2023-05-15,166.35,170.58,2.54,97.46
2023-05-16,166.52,173.23,4.03,95.97
2023-05-17,173.86,173.23,0.36,99.64
2023-05-18,176.89,173.23,2.07,97.93
2023-05-19,180.14,180.04,0.06,99.94
2023-05-22,188.87,190.63,0.93,99.07
2023-05-23,185.77,185.65,0.06,99.94
2023-05-24,182.9,185.92,1.65,98.35
2023-05-25,184.47,180.07,2.39,97.61
2023-05-26,193.17,189.2,2.05,97.95
2023-05-30,201.16,200.99,0.08,99.92
2023-05-31,203.93,203.19,0.36,99.64
2023-06-01,207.52,205.21,1.11,98.89
2023-06-02,213.97,219.29,2.49,97.51
2023-06-05,217.61,223.14,2.54,97.46
2023-06-06,221.31,226.49,2.34,97.66
2023-06-07,224.57,236.25,5.2,94.8
2023-06-08,234.86,242.23,3.14,96.86
2023-06-09,244.4,246.55,0.88,99.12
2023-06-12,249.83,248.4,0.57,99.43
2023-06-13,258.71,260.3,0.61,99.39
2023-06-14,256.79,259.81,1.18,98.82
2023-06-15,255.9,262.08,2.42,97.58
2023-06-16,260.54,264.29,1.44,98.56
2023-06-20,274.45,269.22,1.91,98.09
2023-06-21,259.46,264.61,1.98,98.02
2023-06-22,264.61,264.97,0.13,99.87
2023-06-23,256.6,258.49,0.74,99.26
2023-06-26,241.05,247.74,2.78,97.22
2023-06-27,250.21,253.51,1.32,98.68
2023-06-28,256.24,258.4,0.84,99.16
2023-06-29,257.5,255.53,0.77,99.23
2023-06-30,261.77,259.12,1.01,98.99
2023-07-03,279.82,272.29,2.69,97.31
2023-07-05,282.48,274.7,2.75,97.25
2023-07-06,276.54,273.71,1.02,98.98
2023-07-07,274.43,271.62,1.02,98.98
2023-07-10,269.61,269.37,0.09,99.91
2023-07-11,269.79,263.0,2.52,97.48
2023-07-12,271.99,274.32,0.86,99.14
2023-07-13,277.9,274.12,1.36,98.64
2023-07-14,281.38,280.29,0.39,99.61
2023-07-17,290.38,290.22,0.06,99.94
2023-07-18,293.34,292.33,0.35,99.65
2023-07-19,291.26,290.17,0.37,99.63
2023-07-20,262.9,269.16,2.38,97.62
2023-07-21,260.02,264.84,1.85,98.15
2023-07-24,269.06,263.36,2.12,97.88
2023-07-25,265.28,264.53,0.28,99.72
2023-07-26,264.35,262.32,0.77,99.23
2023-07-27,255.71,263.76,3.15,96.85
2023-07-28,266.44,264.46,0.74,99.26
2023-07-31,267.43,264.46,1.11,98.89
2023-08-01,261.07,257.6,1.33,98.67
2023-08-02,254.11,253.13,0.38,99.62
2023-08-03,259.32,255.46,1.49,98.51
2023-08-04,253.86,250.56,1.3,98.7
2023-08-07,251.45,247.39,1.61,98.39
2023-08-08,249.7,245.6,1.64,98.36
2023-08-09,242.19,243.8,0.67,99.33
2023-08-10,245.34,252.79,3.04,96.96
2023-08-11,242.65,241.03,0.67,99.33
2023-08-14,239.76,240.77,0.42,99.58
2023-08-15,232.96,233.85,0.38,99.62
2023-08-16,225.6,226.0,0.18,99.82
2023-08-17,219.22,220.08,0.39,99.61
2023-08-18,215.49,215.66,0.08,99.92
2023-08-21,231.28,225.37,2.55,97.45
2023-08-22,233.19,232.94,0.11,99.89
2023-08-23,236.86,230.87,2.53,97.47
2023-08-24,230.04,230.3,0.11,99.89
2023-08-25,238.59,236.33,0.95,99.05
2023-08-28,238.82,238.72,0.04,99.96
2023-08-29,257.18,257.24,0.02,99.98
2023-08-30,256.9,254.85,0.8,99.2
2023-08-31,258.08,255.79,0.89,99.11
2023-09-01,245.01,244.49,0.21,99.79
2023-09-05,256.49,255.96,0.21,99.79
2023-09-06,251.92,252.11,0.07,99.93
2023-09-07,251.49,252.16,0.27,99.73
2023-09-08,248.5,257.17,3.49,96.51
2023-09-11,273.58,268.97,1.68,98.32
2023-09-12,267.48,266.83,0.24,99.76
2023-09-13,271.3,271.7,0.15,99.85
2023-09-14,276.04,277.24,0.43,99.57
2023-09-15,274.39,276.68,0.83,99.17
2023-09-18,265.28,273.04,2.92,97.08
2023-09-19,266.5,263.11,1.27,98.73
2023-09-20,262.59,264.86,0.86,99.14
2023-09-21,255.7,250.32,2.1,97.9
2023-09-22,244.88,250.43,2.27,97.73
2023-09-25,246.99,249.84,1.16,98.84
2023-09-26,244.12,247.31,1.31,98.69
2023-09-27,240.5,247.23,2.8,97.2
2023-09-28,246.38,251.32,2.0,98.0
2023-09-29,250.22,246.16,1.62,98.38
2023-10-02,251.6,246.85,1.89,98.11
2023-10-03,246.53,244.62,0.77,99.23
2023-10-04,261.16,256.99,1.6,98.4
2023-10-05,260.05,256.44,1.39,98.61
2023-10-06,260.53,258.83,0.65,99.35
2023-10-09,259.67,258.15,0.59,99.41
2023-10-10,263.62,258.75,1.85,98.15
2023-10-11,262.99,267.04,1.54,98.46
2023-10-12,258.87,265.29,2.48,97.52
2023-10-13,251.12,253.3,0.87,99.13
2023-10-16,253.92,259.79,2.31,97.69
2023-10-17,254.85,259.93,1.99,98.01
2023-10-18,242.68,241.52,0.48,99.52
2023-10-19,220.11,225.0,2.22,97.78
2023-10-20,211.99,216.09,1.93,98.07
2023-10-23,212.08,221.55,4.46,95.54
2023-10-24,216.52,214.43,0.97,99.03
2023-10-25,212.42,213.43,0.48,99.52
2023-10-26,205.76,205.63,0.06,99.94
2023-10-27,207.3,206.02,0.62,99.38
2023-10-30,197.36,201.77,2.23,97.77
2023-10-31,200.84,201.03,0.09,99.91
2023-11-01,205.66,203.39,1.1,98.9
2023-11-02,218.51,216.07,1.12,98.88
2023-11-03,219.96,215.69,1.94,98.06
2023-11-06,219.27,212.12,3.26,96.74
2023-11-07,222.18,218.06,1.85,98.15
2023-11-08,222.11,222.01,0.05,99.95
2023-11-09,209.98,220.03,4.79,95.21
2023-11-10,214.65,215.83,0.55,99.45
2023-11-13,223.71,219.12,2.05,97.95
2023-11-14,237.41,237.55,0.06,99.94
2023-11-15,242.84,238.94,1.61,98.39
2023-11-16,233.59,229.49,1.75,98.25
2023-11-17,234.3,236.77,1.05,98.95
2023-11-20,235.6,238.3,1.15,98.85
2023-11-21,241.2,241.48,0.12,99.88
2023-11-22,234.21,234.47,0.11,99.89
2023-11-24,235.45,237.85,1.02,98.98
2023-11-27,236.08,235.7,0.16,99.84
2023-11-28,246.72,243.89,1.15,98.85
2023-11-29,244.14,238.33,2.38,97.62
2023-11-30,240.08,241.52,0.6,99.4
2023-12-01,238.83,241.62,1.17,98.83
2023-12-04,235.58,238.83,1.38,98.62
2023-12-05,238.72,234.44,1.79,98.21
2023-12-06,239.37,234.32,2.11,97.89
2023-12-07,242.64,244.67,0.84,99.16
2023-12-08,243.84,246.47,1.08,98.92
2023-12-11,239.74,242.91,1.32,98.68
2023-12-12,237.01,236.66,0.15,99.85
2023-12-13,239.29,244.34,2.11,97.89
2023-12-14,251.05,247.64,1.36,98.64
2023-12-15,253.5,251.73,0.7,99.3
2023-12-18,252.08,246.91,2.05,97.95
2023-12-19,257.22,251.24,2.32,97.68
2023-12-20,247.14,245.69,0.59,99.41
2023-12-21,254.5,251.55,1.16,98.84
2023-12-22,252.54,253.93,0.55,99.45
2023-12-26,256.61,252.58,1.57,98.43
2023-12-27,261.44,259.25,0.84,99.16
2023-12-28,253.18,253.25,0.03,99.97
2023-12-29,248.48,244.87,1.45,98.55
2024-01-02,248.42,249.21,0.32,99.68
2024-01-03,238.45,240.04,0.67,99.33
2024-01-04,237.93,236.73,0.51,99.49
2024-01-05,237.49,239.08,0.67,99.33
2024-01-08,240.45,240.01,0.18,99.82
2024-01-09,234.96,229.28,2.42,97.58
2024-01-10,233.94,226.81,3.05,96.95
2024-01-11,227.22,231.21,1.76,98.24
2024-01-12,218.89,220.61,0.79,99.21
2024-01-16,219.91,219.08,0.38,99.62
2024-01-17,215.55,215.31,0.11,99.89
2024-01-18,211.88,211.74,0.07,99.93
2024-01-19,212.19,206.69,2.59,97.41
2024-01-22,208.8,206.91,0.9,99.1
2024-01-23,209.14,206.13,1.44,98.56
2024-01-24,207.83,201.23,3.18,96.82
2024-01-25,182.63,189.2,3.6,96.4
2024-01-26,183.25,188.25,2.73,97.27
2024-01-29,190.93,190.83,0.05,99.95
2024-01-30,191.59,187.98,1.88,98.12
2024-01-31,187.29,186.24,0.56,99.44
2024-02-01,188.86,187.28,0.84,99.16
2024-02-02,187.91,184.6,1.76,98.24
2024-02-05,181.06,180.5,0.31,99.69
2024-02-06,185.1,181.61,1.88,98.12
2024-02-07,187.58,183.39,2.23,97.77
2024-02-08,189.56,186.23,1.76,98.24
2024-02-09,193.57,190.01,1.84,98.16
2024-02-12,188.13,188.38,0.13,99.87
2024-02-13,184.02,184.93,0.5,99.5
2024-02-14,188.71,194.79,3.22,96.78
2024-02-15,200.45,199.04,0.7,99.3
2024-02-16,199.95,195.77,2.09,97.91
2024-02-20,193.76,191.85,0.99,99.01
2024-02-21,194.77,197.76,1.54,98.46
2024-02-22,197.41,197.64,0.12,99.88
2024-02-23,191.97,195.14,1.65,98.35
2024-02-26,199.4,202.73,1.67,98.33
2024-02-27,199.73,199.52,0.1,99.9
2024-02-28,202.04,200.71,0.66,99.34
2024-02-29,201.88,200.1,0.88,99.12
2024-03-01,202.64,201.6,0.51,99.49
2024-03-04,188.14,196.2,4.29,95.71
2024-03-05,180.74,192.16,6.32,93.68
2024-03-06,176.54,182.48,3.36,96.64
2024-03-07,178.65,180.28,0.91,99.09
2024-03-08,175.34,175.02,0.18,99.82
2024-03-11,177.77,180.21,1.37,98.63
2024-03-12,177.54,178.89,0.76,99.24
2024-03-13,169.48,171.87,1.41,98.59
2024-03-14,162.5,167.43,3.04,96.96
2024-03-15,163.57,159.57,2.45,97.55
2024-03-18,173.8,171.73,1.19,98.81
2024-03-19,171.32,164.31,4.09,95.91
2024-03-20,175.66,168.5,4.08,95.92
2024-03-21,172.82,166.53,3.64,96.36
2024-03-22,170.83,172.44,0.94,99.06
2024-03-25,172.63,171.71,0.53,99.47
2024-03-26,177.67,176.09,0.89,99.11
2024-03-27,179.83,177.11,1.51,98.49
2024-03-28,175.79,176.79,0.57,99.43
2024-04-01,175.22,174.1,0.64,99.36
2024-04-02,166.63,170.19,2.14,97.86
2024-04-03,168.38,171.8,2.03,97.97
2024-04-04,171.11,175.44,2.53,97.47
2024-04-05,164.9,170.57,3.44,96.56
2024-04-08,172.98,170.57,1.39,98.61
2024-04-09,176.88,173.5,1.91,98.09
2024-04-10,171.76,169.11,1.54,98.46
2024-04-11,174.6,171.07,2.02,97.98
2024-04-12,171.05,170.57,0.28,99.72
2024-04-15,161.48,166.35,3.02,96.98
2024-04-16,157.11,162.9,3.69,96.31
2024-04-17,155.45,153.01,1.57,98.43
2024-04-18,149.93,152.44,1.67,98.33
2024-04-19,147.05,151.92,3.31,96.69
2024-04-22,142.05,152.82,7.58,92.42
2024-04-23,144.68,145.01,0.23,99.77
2024-04-24,162.13,160.08,1.26,98.74
2024-04-25,170.18,166.79,1.99,98.01
2024-04-26,168.29,159.21,5.39,94.61
2024-04-29,194.05,171.11,11.82,88.18
2024-04-30,183.28,175.95,4.0,96.0
2024-05-01,179.99,175.04,2.75,97.25
2024-05-02,180.01,176.61,1.89,98.11
2024-05-03,181.19,179.58,0.89,99.11
2024-05-06,184.76,179.83,2.67,97.33
2024-05-07,177.81,175.99,1.02,98.98
2024-05-08,174.72,176.86,1.22,98.78
2024-05-09,171.97,176.86,2.84,97.16
2024-05-10,168.47,176.92,5.02,94.98
2024-05-13,171.89,175.95,2.36,97.64
2024-05-14,177.55,178.06,0.29,99.71
2024-05-15,173.99,175.68,0.97,99.03
2024-05-16,174.84,177.0,1.23,98.77
2024-05-17,177.46,168.57,5.01,94.99
2024-05-20,174.95,173.69,0.72,99.28
2024-05-21,186.6,181.05,2.98,97.02
2024-05-22,180.11,176.41,2.05,97.95
2024-05-23,173.74,173.81,0.04,99.96
2024-05-24,179.24,177.86,0.77,99.23
2024-05-28,176.75,177.39,0.36,99.64
2024-05-29,176.19,177.39,0.68,99.32
2024-05-30,178.79,180.81,1.13,98.87
2024-05-31,178.08,181.7,2.03,97.97
2024-06-03,176.29,179.64,1.9,98.1
2024-06-04,174.77,177.56,1.6,98.4
2024-06-05,175.0,176.31,0.75,99.25
2024-06-06,177.94,178.96,0.58,99.42
2024-06-07,177.48,176.72,0.43,99.57
2024-06-10,173.79,174.98,0.69,99.31
2024-06-11,170.66,162.91,4.54,95.46
2024-06-12,177.29,174.56,1.54,98.46
2024-06-13,182.47,182.19,0.16,99.84
2024-06-14,178.01,176.15,1.05,98.95
2024-06-17,187.44,183.78,1.95,98.05
2024-06-18,184.86,184.73,0.07,99.93
2024-06-20,181.57,181.24,0.18,99.82
2024-06-21,183.01,183.25,0.13,99.87
2024-06-24,182.58,184.02,0.79,99.21
2024-06-25,187.35,186.77,0.31,99.69
2024-06-26,196.37,194.42,0.99,99.01
2024-06-27,197.42,195.04,1.21,98.79
2024-06-28,197.88,195.86,1.02,98.98
2024-07-01,209.86,206.7,1.51,98.49
2024-07-02,231.26,221.85,4.07,95.93
2024-07-03,246.39,234.86,4.68,95.32
2024-07-05,251.52,241.71,3.9,96.1
2024-07-08,252.94,249.57,1.33,98.67
2024-07-09,262.33,258.83,1.34,98.66
2024-07-10,263.26,266.32,1.16,98.84
2024-07-11,241.03,245.7,1.94,98.06
2024-07-12,248.23,247.77,0.19,99.81
2024-07-15,252.64,253.77,0.45,99.55
2024-07-16,256.56,256.33,0.09,99.91
2024-07-17,248.5,247.88,0.25,99.75
2024-07-18,249.23,252.42,1.28,98.72
2024-07-19,239.2,247.87,3.62,96.38
2024-07-22,251.51,253.6,0.83,99.17
2024-07-23,246.38,246.27,0.04,99.96
2024-07-24,215.99,216.46,0.22,99.78
2024-07-25,220.25,217.6,1.21,98.79
2024-07-26,219.8,219.88,0.04,99.96
2024-07-29,232.1,222.48,4.14,95.86
2024-07-30,222.62,223.44,0.37,99.63
2024-07-31,232.07,238.65,2.84,97.16
2024-08-01,216.86,223.55,3.08,96.92
2024-08-02,207.67,215.36,3.7,96.3
2024-08-05,198.88,203.52,2.33,97.67
2024-08-06,200.64,203.08,1.21,98.79
2024-08-07,191.76,195.11,1.75,98.25
2024-08-08,198.84,205.01,3.1,96.9
2024-08-09,200.0,198.15,0.92,99.08
2024-08-12,197.49,199.32,0.93,99.07
2024-08-13,207.83,209.16,0.64,99.36
2024-08-14,201.38,203.61,1.11,98.89
2024-08-15,214.14,208.62,2.58,97.42
2024-08-16,216.12,208.73,3.42,96.58
2024-08-19,222.72,210.09,5.67,94.33
2024-08-20,221.1,210.97,4.58,95.42
2024-08-21,223.27,218.91,1.95,98.05
2024-08-22,210.66,215.74,2.41,97.59
2024-08-23,220.32,217.46,1.3,98.7
2024-08-26,213.21,215.29,0.97,99.03
2024-08-27,209.21,215.79,3.14,96.86
2024-08-28,205.75,212.57,3.32,96.68
2024-08-29,206.28,213.19,3.35,96.65
2024-08-30,214.11,212.14,0.92,99.08
2024-09-03,210.6,212.57,0.93,99.07
2024-09-04,219.41,214.7,2.15,97.85
2024-09-05,230.17,223.29,2.99,97.01
2024-09-06,210.73,214.85,1.96,98.04
2024-09-09,216.27,216.92,0.3,99.7
2024-09-10,226.17,221.04,2.27,97.73
2024-09-11,228.13,223.42,2.06,97.94
2024-09-12,229.81,225.98,1.67,98.33
2024-09-13,230.29,225.39,2.13,97.87
2024-09-16,226.78,223.67,1.37,98.63
2024-09-17,227.87,223.47,1.93,98.07
2024-09-18,227.2,236.17,3.95,96.05
2024-09-19,243.92,242.76,0.48,99.52
2024-09-20,238.25,238.91,0.28,99.72
2024-09-23,250.0,245.29,1.88,98.12
2024-09-24,254.27,246.16,3.19,96.81
2024-09-25,257.02,249.16,3.06,96.94
2024-09-26,254.22,259.63,2.13,97.87
2024-09-27,260.46,262.39,0.74,99.26
2024-09-30,261.63,259.53,0.8,99.2
2024-10-01,258.02,255.46,0.99,99.01
2024-10-02,249.02,247.32,0.68,99.32
2024-10-03,240.66,241.34,0.28,99.72
2024-10-04,250.08,249.37,0.28,99.72
2024-10-07,240.83,243.99,1.31,98.69
2024-10-08,244.5,248.5,1.63,98.37
2024-10-09,241.05,236.17,2.03,97.97
2024-10-10,238.77,237.68,0.46,99.54
2024-10-11,217.8,224.58,3.11,96.89
2024-10-14,219.16,222.17,1.37,98.63
2024-10-15,219.57,218.72,0.39,99.61
2024-10-16,221.33,221.14,0.09,99.91
2024-10-17,220.89,219.67,0.55,99.45
2024-10-18,220.7,217.61,1.4,98.6
2024-10-21,218.85,213.56,2.42,97.58
2024-10-22,217.97,211.71,2.87,97.13
2024-10-23,213.65,213.08,0.27,99.73
2024-10-24,260.48,246.3,5.44,94.56
2024-10-25,269.19,255.56,5.06,94.94
2024-10-28,262.51,260.9,0.61,99.39
2024-10-29,259.52,258.37,0.44,99.56
2024-10-30,257.55,253.81,1.45,98.55
2024-10-31,249.85,254.41,1.82,98.18
2024-11-01,248.98,251.73,1.1,98.9
2024-11-04,242.84,246.64,1.56,98.44
2024-11-05,251.44,252.62,0.47,99.53
2024-11-06,288.53,281.0,2.61,97.39
2024-11-07,296.91,288.11,2.97,97.03
2024-11-08,321.22,309.31,3.71,96.29
2024-11-11,350.0,337.04,3.7,96.3
2024-11-12,328.49,328.46,0.01,99.99
2024-11-13,330.24,319.46,3.27,96.73
2024-11-14,311.18,318.05,2.21,97.79
2024-11-15,320.72,323.18,0.77,99.23
2024-11-18,338.74,338.03,0.21,99.79
2024-11-19,346.0,340.47,1.6,98.4
2024-11-20,342.03,351.12,2.66,97.34
2024-11-21,339.64,339.12,0.15,99.85
2024-11-22,352.56,355.31,0.78,99.22
2024-11-25,338.59,339.17,0.17,99.83
2024-11-26,338.23,338.05,0.05,99.95
2024-11-27,332.89,334.6,0.51,99.49
2024-11-29,345.16,342.39,0.8,99.2
2024-12-02,357.09,341.67,4.32,95.68
2024-12-03,351.42,343.01,2.39,97.61
2024-12-04,357.93,351.33,1.84,98.16
2024-12-05,369.49,372.94,0.93,99.07
2024-12-06,389.22,388.75,0.12,99.88
2024-12-09,389.79,390.06,0.07,99.93
2024-12-10,400.99,401.42,0.11,99.89
2024-12-11,424.77,421.2,0.84,99.16
2024-12-12,418.1,417.76,0.08,99.92
2024-12-13,436.23,427.62,1.97,98.03
2024-12-16,463.02,446.36,3.6,96.4
2024-12-17,479.86,461.95,3.73,96.27
2024-12-18,440.13,436.41,0.84,99.16
2024-12-19,436.17,437.1,0.21,99.79
2024-12-20,421.06,419.33,0.41,99.59
2024-12-23,430.6,442.38,2.74,97.26
2024-12-24,462.28,448.42,3.0,97.0
2024-12-26,454.13,449.41,1.04,98.96
2024-12-27,431.66,432.77,0.26,99.74
2024-12-30,417.41,419.91,0.6,99.4
2024-12-31,403.84,414.39,2.61,97.39
2025-01-02,379.28,393.79,3.83,96.17
2025-01-03,410.44,410.62,0.04,99.96
2025-01-06,411.05,408.55,0.61,99.39
2025-01-07,394.36,395.32,0.24,99.76
2025-01-08,394.94,390.03,1.24,98.76
2025-01-10,394.74,400.43,1.44,98.56
2025-01-13,403.31,402.72,0.15,99.85
2025-01-14,396.36,409.35,3.28,96.72
2025-01-15,428.22,419.63,2.01,97.99
2025-01-16,413.82,408.07,1.39,98.61
2025-01-17,426.5,415.95,2.47,97.53
2025-01-21,424.07,422.39,0.4,99.6
2025-01-22,415.11,412.73,0.57,99.43
2025-01-23,412.38,412.63,0.06,99.94
2025-01-24,406.58,416.8,2.51,97.49
2025-01-27,397.15,396.11,0.26,99.74
2025-01-28,398.09,395.79,0.58,99.42
2025-01-29,389.1,392.26,0.81,99.19
2025-01-30,400.28,399.63,0.16,99.84
2025-01-31,404.6,405.79,0.29,99.71
2025-02-03,383.68,392.76,2.37,97.63
2025-02-04,392.21,397.87,1.44,98.56
2025-02-05,378.17,373.11,1.34,98.66
2025-02-06,374.32,371.92,0.64,99.36
2025-02-07,361.62,362.36,0.21,99.79
2025-02-10,350.73,340.23,2.99,97.01
2025-02-11,328.5,327.44,0.32,99.68
2025-02-12,336.51,327.96,2.54,97.46
2025-02-13,355.94,348.74,2.02,97.98
2025-02-14,355.84,357.42,0.44,99.56
2025-02-18,354.11,360.02,1.67,98.33
2025-02-19,360.56,365.64,1.41,98.59
2025-02-20,354.4,350.76,1.03,98.97
2025-02-21,337.8,324.45,3.95,96.05
2025-02-24,330.53,331.79,0.38,99.62
2025-02-25,302.8,310.92,2.68,97.32
2025-02-26,290.8,298.02,2.48,97.52
2025-02-27,281.95,297.1,5.37,94.63
2025-02-28,292.98,300.72,2.64,97.36
2025-03-03,284.65,300.32,5.5,94.5
2025-03-04,272.04,281.38,3.44,96.56
2025-03-05,279.1,274.96,1.48,98.52
2025-03-06,263.45,258.19,2.0,98.0
2025-03-07,262.67,254.55,3.09,96.91
2025-03-10,222.15,242.3,9.07,90.93
2025-03-11,230.58,228.28,1.0,99.0
2025-03-12,248.09,241.33,2.72,97.28
2025-03-13,240.68,240.1,0.24,99.76
2025-03-14,249.98,243.31,2.67,97.33
2025-03-17,238.01,237.55,0.19,99.81
2025-03-18,225.31,232.66,3.26,96.74
2025-03-19,235.86,236.75,0.38,99.62
2025-03-20,236.26,232.95,1.4,98.6
2025-03-21,248.71,247.83,0.36,99.64
2025-03-24,278.39,275.48,1.04,98.96
2025-03-25,288.14,280.64,2.6,97.4
2025-03-26,272.06,270.99,0.39,99.61
2025-03-27,273.13,271.57,0.57,99.43
2025-03-28,263.55,274.23,4.05,95.95
2025-03-31,259.16,269.0,3.8,96.2
2025-04-01,268.46,265.33,1.17,98.83
2025-04-02,282.76,274.02,3.09,96.91
2025-04-03,267.28,264.5,1.04,98.96
2025-04-04,239.43,239.39,0.02,99.98
2025-04-07,233.29,249.37,6.89,93.11
2025-04-08,221.86,235.11,5.97,94.03
2025-04-09,272.2,273.3,0.4,99.6
2025-04-10,252.4,258.6,2.45,97.55
2025-04-11,252.31,245.41,2.74,97.26
2025-04-14,252.35,247.08,2.09,97.91
2025-04-15,254.11,251.96,0.85,99.15
2025-04-16,241.55,243.64,0.86,99.14
2025-04-17,241.37,245.09,1.54,98.46
2025-04-21,227.5,241.85,6.31,93.69
2025-04-22,237.97,237.34,0.27,99.73
2025-04-23,250.74,243.33,2.95,97.05
2025-04-24,259.51,254.63,1.88,98.12
2025-04-25,284.95,281.24,1.3,98.7
2025-04-28,285.88,281.58,1.5,98.5
2025-04-29,292.03,283.57,2.9,97.1
2025-04-30,282.16,271.21,3.88,96.12
2025-05-01,280.52,278.78,0.62,99.38
2025-05-02,287.21,282.91,1.5,98.5
2025-05-05,280.26,279.05,0.43,99.57
2025-05-06,275.35,276.24,0.32,99.68
2025-05-07,276.22,279.16,1.06,98.94
2025-05-08,284.82,283.33,0.52,99.48
2025-05-09,298.26,298.35,0.03,99.97
2025-05-12,318.38,315.01,1.06,98.94
2025-05-13,334.07,336.98,0.87,99.13
2025-05-14,347.68,346.4,0.37,99.63
2025-05-15,342.82,342.56,0.07,99.93
2025-05-16,349.98,352.45,0.71,99.29
2025-05-19,342.09,337.44,1.36,98.64
2025-05-20,343.82,347.97,1.21,98.79
2025-05-21,334.62,337.35,0.82,99.18
2025-05-22,341.04,337.14,1.14,98.86
2025-05-23,339.34,345.15,1.71,98.29
2025-05-27,362.89,363.77,0.24,99.76
2025-05-28,356.9,361.1,1.18,98.82
2025-05-29,358.43,362.26,1.07,98.93
2025-05-30,346.46,347.89,0.41,99.59
2025-06-02,342.69,341.92,0.22,99.78
2025-06-03,344.27,341.99,0.66,99.34
2025-06-04,332.05,331.93,0.03,99.97
2025-06-05,284.7,295.32,3.73,96.27
2025-06-06,295.14,289.92,1.77,98.23
2025-06-09,308.58,310.64,0.67,99.33
2025-06-10,326.09,326.37,0.09,99.91
2025-06-11,326.43,327.82,0.43,99.57
2025-06-12,319.11,322.54,1.07,98.93
2025-06-13,325.31,327.65,0.72,99.28
2025-06-16,329.13,317.4,3.56,96.44
2025-06-17,316.35,316.11,0.07,99.93
2025-06-18,322.05,316.11,1.84,98.16
2025-06-20,322.16,321.55,0.19,99.81
2025-06-23,348.68,347.44,0.35,99.65
2025-06-24,340.47,334.41,1.78,98.22
2025-06-25,327.55,325.54,0.61,99.39
2025-06-26,325.78,334.5,2.68,97.32
2025-06-27,323.63,330.24,2.04,97.96
2025-06-30,317.66,330.05,3.9,96.1
2025-07-01,300.71,302.41,0.57,99.43
2025-07-02,315.65,314.48,0.37,99.63
2025-07-03,315.35,315.57,0.07,99.93
2025-07-07,293.94,301.5,2.57,97.43
2025-07-08,297.81,301.35,1.19,98.81
2025-07-09,295.88,305.94,3.4,96.6
2025-07-10,309.87,312.25,0.77,99.23
2025-07-11,313.51,315.34,0.58,99.42
2025-07-14,316.9,306.43,3.31,96.69
2025-07-15,310.78,305.03,1.85,98.15
2025-07-16,321.67,316.65,1.56,98.44
2025-07-17,319.41,316.65,0.86,99.14
2025-07-18,329.65,328.76,0.27,99.73
2025-07-21,328.49,328.18,0.1,99.9
2025-07-22,332.11,328.18,1.18,98.82
2025-07-23,332.56,323.93,2.59,97.41
2025-07-24,305.3,307.46,0.71,99.29
2025-07-25,316.06,319.76,1.17,98.83
2025-07-28,325.59,322.58,0.92,99.08
2025-07-29,321.2,320.3,0.28,99.72
2025-07-30,319.04,321.07,0.64,99.36
2025-07-31,308.27,308.42,0.05,99.95
2025-08-01,302.63,304.58,0.65,99.35
2025-08-04,309.26,310.84,0.51,99.49
2025-08-05,308.72,306.62,0.68,99.32
2025-08-06,319.91,322.77,0.89,99.11
2025-08-07,322.27,320.73,0.48,99.52
2025-08-08,329.65,328.26,0.42,99.58
2025-08-11,339.03,334.77,1.26,98.74
2025-08-12,340.84,334.77,1.78,98.22
2025-08-13,339.38,340.45,0.32,99.68
2025-08-14,335.58,328.59,2.08,97.92
2025-08-15,330.56,329.49,0.32,99.68
2025-08-18,335.16,330.69,1.33,98.67
2025-08-19,329.31,331.88,0.78,99.22
2025-08-20,323.9,328.93,1.55,98.45
2025-08-21,320.11,327.99,2.46,97.54
2025-08-22,340.01,338.88,0.33,99.67
2025-08-25,346.6,345.83,0.22,99.78
2025-08-26,351.67,346.39,1.5,98.5
2025-08-27,349.6,345.8,1.09,98.91
2025-08-28,345.98,346.79,0.23,99.77
2025-08-29,333.87,330.48,1.01,98.99
2025-09-02,329.36,329.45,0.03,99.97
2025-09-03,334.09,331.85,0.67,99.33
2025-09-04,338.53,344.48,1.76,98.24
2025-09-05,350.84,347.35,1.0,99.0
2025-09-08,346.4,346.49,0.03,99.97
2025-09-09,346.97,347.66,0.2,99.8
2025-09-10,347.79,349.03,0.36,99.64
2025-09-11,368.81,376.96,2.21,97.79
2025-09-12,395.94,390.42,1.39,98.61
2025-09-15,410.04,407.48,0.62,99.38
2025-09-16,421.62,419.72,0.45,99.55
2025-09-17,425.86,422.07,0.89,99.11
2025-09-18,416.85,421.92,1.22,98.78
2025-09-19,426.07,431.72,1.33,98.67
2025-09-22,434.21,444.68,2.41,97.59
2025-09-23,425.85,433.75,1.85,98.15
2025-09-24,442.79,445.95,0.71,99.29
2025-09-25,423.39,431.64,1.95,98.05
2025-09-26,440.4,443.46,0.7,99.3
2025-09-29,443.21,446.53,0.75,99.25
2025-09-30,444.72,448.0,0.74,99.26
2025-10-01,459.46,455.46,0.87,99.13
2025-10-02,436.0,430.87,1.18,98.82
2025-10-03,429.83,427.04,0.65,99.35
2025-10-06,453.25,447.83,1.2,98.8
2025-10-07,433.09,432.78,0.07,99.93
2025-10-08,438.69,435.48,0.73,99.27
2025-10-09,435.54,432.49,0.7,99.3
2025-10-10,413.49,419.13,1.36,98.64
2025-10-13,435.9,433.83,0.47,99.53
2025-10-14,429.24,425.99,0.76,99.24
2025-10-15,435.15,440.49,1.23,98.77
2025-10-16,428.75,429.6,0.2,99.8
2025-10-17,439.31,437.75,0.36,99.64
2025-10-20,447.43,443.43,0.89,99.11
2025-10-21,442.6,435.83,1.53,98.47
2025-10-22,438.97,441.28,0.53,99.47
2025-10-23,448.98,445.34,0.81,99.19
2025-10-24,433.72,432.51,0.28,99.72
2025-10-27,452.42,452.46,0.01,99.99
2025-10-28,460.55,452.73,1.7,98.3
2025-10-29,461.51,455.84,1.23,98.77
2025-10-30,440.1,453.78,3.11,96.89
2025-10-31,456.56,454.72,0.4,99.6
2025-11-03,468.37,459.08,1.98,98.02
2025-11-04,444.26,446.51,0.51,99.49
2025-11-05,462.07,463.23,0.25,99.75
2025-11-06,445.91,446.28,0.08,99.92
2025-11-07,429.52,432.85,0.77,99.23
2025-11-10,445.23,441.37,0.87,99.13
2025-11-11,439.62,434.48,1.17,98.83
2025-11-12,430.6,425.96,1.08,98.92
2025-11-13,401.99,416.05,3.5,96.5
2025-11-14,404.35,408.65,1.06,98.94
2025-11-17,408.92,407.39,0.37,99.63
2025-11-18,401.25,400.32,0.23,99.77
2025-11-19,403.99,409.72,1.42,98.58
2025-11-20,395.23,402.97,1.96,98.04
2025-11-21,391.09,398.2,1.82,98.18
2025-11-24,417.78,415.69,0.5,99.5
2025-11-25,419.4,409.16,2.44,97.56
2025-11-26,426.58,426.11,0.11,99.89
2025-11-28,430.17,430.71,0.13,99.87
2025-12-01,430.14,425.94,0.98,99.02
2025-12-02,429.24,425.07,0.97,99.03
2025-12-03,446.74,445.71,0.23,99.77
2025-12-04,454.53,458.79,0.94,99.06
2025-12-05,455.0,455.1,0.02,99.98
2025-12-08,439.58,446.99,1.68,98.32
2025-12-09,445.17,449.79,1.04,98.96
2025-12-10,451.45,449.45,0.44,99.56
2025-12-11,446.89,450.9,0.9,99.1
2025-12-12,458.96,466.04,1.54,98.46
2025-12-15,475.31,469.78,1.16,98.84
2025-12-16,489.88,481.6,1.69,98.31
2025-12-17,467.26,477.87,2.27,97.73
2025-12-18,483.37,480.77,0.54,99.46
2025-12-19,481.2,480.55,0.14,99.86
2025-12-22,488.73,482.66,1.24,98.76
2025-12-23,485.56,480.03,1.14,98.86
2025-12-24,485.4,478.82,1.36,98.64
2025-12-26,475.19,473.68,0.32,99.68
2025-12-29,459.64,473.68,3.05,96.95
2025-12-30,454.43,456.24,0.4,99.6
2025-12-31,449.72,448.2,0.34,99.66
2026-01-02,438.07,442.97,1.12,98.88
2026-01-05,451.67,446.67,1.11,98.89
2026-01-06,432.96,436.92,0.92,99.08
2026-01-07,431.41,433.15,0.4,99.6
2026-01-08,435.8,436.92,0.26,99.74
2026-01-09,445.01,437.79,1.62,98.38
2026-01-12,448.96,440.58,1.87,98.13
2026-01-13,447.2,440.09,1.59,98.41
2026-01-14,439.2,435.98,0.73,99.27
2026-01-15,438.57,435.98,0.59,99.41
2026-01-16,437.5,438.54,0.24,99.76
2026-01-20,419.25,430.76,2.75,97.25
2026-01-21,431.44,426.26,1.2,98.8
2026-01-22,449.36,443.34,1.34,98.66
2026-01-23,449.06,453.67,1.03,98.97
2026-01-26,435.2,430.82,1.01,98.99
2026-01-27,430.9,437.56,1.54,98.46
2026-01-28,431.46,440.41,2.08,97.92
2026-01-29,416.56,424.58,1.92,98.08
2026-01-30,430.41,426.05,1.01,98.99
2026-02-02,421.81,420.61,0.28,99.72
2026-02-03,421.96,419.17,0.66,99.34
2026-02-04,406.01,403.41,0.64,99.36
2026-02-05,397.21,402.31,1.28,98.72
2026-02-06,411.11,410.93,0.04,99.96
2026-02-09,417.32,425.18,1.88,98.12
2026-02-10,425.21,422.51,0.64,99.36
2026-02-11,428.27,417.73,2.46,97.54
2026-02-12,417.07,408.66,2.02,97.98
2026-02-13,417.44,415.34,0.5,99.5
2026-02-17,410.63,410.76,0.03,99.97
2026-02-18,411.32,410.68,0.15,99.85
2026-02-19,411.71,414.95,0.79,99.21
2026-02-20,411.82,410.53,0.31,99.69
2026-02-23,399.83,403.77,0.99,99.01
2026-02-24,409.38,411.95,0.63,99.37
2026-02-25,417.4,418.53,0.27,99.73
2026-02-26,408.58,409.34,0.19,99.81
2026-02-27,402.51,400.28,0.55,99.45
2026-03-02,403.32,401.35,0.49,99.51
2026-03-03,392.43,392.63,0.05,99.95
2026-03-04,405.94,398.83,1.75,98.25
2026-03-05,405.55,402.58,0.73,99.27
2026-03-06,396.73,402.78,1.53,98.47
2026-03-09,398.68,402.58,0.98,99.02
2026-03-10,399.24,401.11,0.47,99.53
2026-03-11,407.82,403.22,1.13,98.87
2026-03-12,395.01,394.25,0.19,99.81
2026-03-13,391.2,394.13,0.75,99.25
2026-03-16,395.56,393.23,0.59,99.41
2026-03-17,399.27,394.38,1.23,98.77
2026-03-18,392.78,394.38,0.41,99.59
2026-03-19,380.3,382.97,0.7,99.3
2026-03-20,367.96,372.12,1.13,98.87
2026-03-23,380.85,387.49,1.74,98.26
2026-03-24,383.03,381.84,0.31,99.69
2026-03-25,385.95,379.68,1.62,98.38
2026-03-26,372.11,374.37,0.61,99.39
2026-03-27,361.83,365.21,0.94,99.06
2026-03-30,355.28,350.5,1.34,98.66
2026-03-31,371.75,369.15,0.7,99.3
2026-04-01,381.26,379.26,0.52,99.48
2026-04-02,360.59,368.14,2.09,97.91
2026-04-06,352.82,351.83,0.28,99.72
2026-04-07,346.65,340.69,1.72,98.28
2026-04-08,343.25,344.66,0.41,99.59
2026-04-09,345.62,355.27,2.79,97.21
2026-04-10,348.95,353.8,1.39,98.61
2026-04-13,352.42,354.16,0.49,99.51
2026-04-14,364.2,354.71,2.61,97.39
2026-04-15,391.95,383.58,2.14,97.86
2026-04-16,388.9,389.16,0.07,99.93
2026-04-17,400.62,395.03,1.4,98.6
2026-04-20,392.5,389.95,0.65,99.35
2026-04-21,386.42,377.1,2.41,97.59
2026-04-22,387.51,377.27,2.64,97.36
2026-04-23,373.72,380.63,1.85,98.15
2026-04-24,376.3,380.15,1.02,98.98
2026-04-27,378.67,378.8,0.04,99.96
2026-04-28,376.02,383.21,1.91,98.09
2026-04-29,372.8,376.25,0.92,99.08
2026-04-30,381.63,383.48,0.48,99.52
2026-05-01,390.82,392.08,0.32,99.68
2026-05-04,392.51,389.58,0.75,99.25
2026-05-05,389.37,384.52,1.24,98.76
2026-05-06,398.73,396.81,0.48,99.52
2026-05-07,411.79,402.89,2.16,97.84
2026-05-08,428.35,430.89,0.59,99.41
2026-05-11,445.0,440.6,0.99,99.01
2026-05-12,433.45,434.11,0.15,99.85
2026-05-13,445.27,442.02,0.73,99.27
2026-05-14,443.3,441.33,0.45,99.55
2026-05-15,422.24,420.54,0.4,99.6
2026-05-18,409.99,413.69,0.9,99.1
2026-05-19,404.11,410.35,1.54,98.46
2026-05-20,417.26,415.87,0.33,99.67
2026-05-21,417.85,413.18,1.12,98.88
2026-05-22,426.01,417.83,1.92,98.08
2026-05-26,433.59,433.93,0.08,99.92
2026-05-27,440.36,434.23,1.39,98.61
2026-05-28,442.1,440.86,0.28,99.72
2026-05-29,435.79,434.15,0.38,99.62
2026-06-01,415.88,411.68,1.01,98.99
2026-06-02,423.74,423.84,0.02,99.98
2026-06-03,423.7,417.56,1.45,98.55
2026-06-04,418.45,413.34,1.22,98.78
2026-06-05,391.0,403.3,3.15,96.85
2026-06-08,408.95,410.23,0.31,99.69
2026-06-09,396.68,402.23,1.4,98.6
2026-06-10,381.59,388.49,1.81,98.19
2026-06-11,399.15,405.04,1.48,98.52
2026-06-12,406.43,406.85,0.1,99.9
2026-06-15,411.15,408.27,0.7,99.3
2026-06-16,404.66,406.43,0.44,99.56
2026-06-17,396.38,397.23,0.21,99.79
2026-06-18,400.49,399.76,0.18,99.82
2026-06-22,405.05,400.53,1.12,98.88
2026-06-23,381.61,385.39,0.99,99.01
2026-06-24,375.53,377.09,0.42,99.58
2026-06-25,375.12,375.1,0.01,99.99
2026-06-26,379.71,387.98,2.18,97.82
2026-06-29,411.84,402.98,2.15,97.85
2026-06-30,420.6,409.86,2.55,97.45
2026-07-01,425.3,425.64,0.08,99.92
2026-07-02,393.45,394.55,0.28,99.72
2026-07-06,419.77,405.73,3.34,96.66
2026-07-07,402.9,397.54,1.33,98.67
2026-07-08,394.06,394.49,0.11,99.89
2026-07-09,406.55,405.17,0.34,99.66
2026-07-10,407.76,405.99,0.43,99.57
2026-07-13,394.76,394.89,0.03,99.97
2026-07-14,396.18,399.95,0.95,99.05
2026-07-15,394.46,398.07,0.92,99.08
2026-07-16,391.06,397.55,1.66,98.34
2026-07-17,380.84,394.56,3.6,96.4
2026-07-20,369.57,372.44,0.78,99.22
2026-07-21,378.93,372.86,1.6,98.4
2026-07-22,374.01,376.14,0.57,99.43
2026-07-23,319.69,338.08,5.75,94.25
2026-07-24,313.03,321.81,2.8,97.2
2026-07-27,309.22,320.54,3.66,96.34
2026-07-28,307.44,312.2,1.55,98.45
2026-07-29,298.32,297.64,0.23,99.77
2026-07-30,308.85,303.09,1.86,98.14
2026-07-31,311.21,304.75,2.08,97.92
2026-08-03,322.08,317.2,1.51,98.49
2026-08-04,327.35,317.45,3.02,96.98
2026-08-05,321.55,314.39,2.23,97.77
2026-08-06,319.53,317.06,0.77,99.23
2026-08-07,328.58,328.44,0.04,99.96
2026-08-10,330.88,322.93,2.4,97.6
2026-08-11,332.81,321.85,3.29,96.71
2026-08-12,327.51,339.81,3.76,96.24
